file,config,particle,D_m,Lw_cm,Epw_cm,material,H,config_dir,tally_14_value,tally_14_error,tally_1014_total_value,tally_1014_total_error,dose_Dp10_calc,dose_Dp10_calc_error,dose_Hstar10_calc,dose_Hstar10_calc_error,dose_E_calc,dose_E_calc_error,diff_Dp10_pct
SR_Pu_UN_G1_C2_P_D700.0m_Lw_35000.0cm_Epw20.0cm_w_water.o,C2,P,700.0,35000.0,20.0,water,10,C2_H_10,2.34938e-12,0.2062,8.16804e-13,0.0735,2.360938162735575e-12,0.208923661674143,2.324307505227907e-12,0.21183984821057947,1.9894029620941872e-12,0.21705680411023487,
SR_Pu_UN_G1_C2_P_D700.0m_Lw_35000.0cm_Epw1.0cm_w_water.o,C2,P,700.0,35000.0,1.0,water,10,C2_H_10,8.99502e-12,0.1476,2.45021e-12,0.0616,9.048809789458531e-12,0.149052765901796,8.918610070116687e-12,0.15076396277057588,7.64165204813562e-12,0.15416976217577794,
SR_Pu_UN_G1_C2_P_D5.0m_Lw_250.0cm_Epw5.0cm_w_water.o,C2,P,5.0,250.0,5.0,water,10,C2_H_10,1.25247e-06,0.0033,2.8726e-07,0.0078,1.2545848127227501e-06,0.0032959125958609797,1.2411290285230146e-06,0.003254647521184319,1.071880134549825e-06,0.003205975178820674,
SR_Pu_UN_G1_C2_P_D700.0m_Lw_35000.0cm_Epw10.0cm_w_water.o,C2,P,700.0,35000.0,10.0,water,10,C2_H_10,5.44908e-12,0.1879,1.4626e-12,0.0872,5.4676674995458e-12,0.18854361387632473,5.384471416716473e-12,0.19022446017911315,4.613550858782241e-12,0.1938425837802311,
SR_Pu_UN_G1_C2_P_D500.0m_Lw_25000.0cm_Epw40.0cm_w_water.o,C2,P,500.0,25000.0,40.0,water,10,C2_H_10,3.41996e-12,0.1428,1.21176e-12,0.1011,3.439323867051949e-12,0.1420724441027998,3.3911246119771197e-12,0.14349643737774834,2.8854743598801796e-12,0.14628284890764537,
SR_Pu_UN_G1_C2_P_D500.0m_Lw_25000.0cm_Epw20.0cm_w_water.o,C2,P,500.0,25000.0,20.0,water,10,C2_H_10,1.40424e-11,0.1951,3.75086e-12,0.0736,1.4161214166111991e-11,0.19640158919803577,1.395773569266146e-11,0.19741271813011524,1.2000575494788195e-11,0.20023539702780246,
SR_Pu_UN_G1_C2_P_D500.0m_Lw_25000.0cm_Epw1.0cm_w_water.o,C2,P,500.0,25000.0,1.0,water,10,C2_H_10,4.25941e-11,0.2847,9.98484e-12,0.1061,4.252663321645667e-11,0.2818442333813028,4.188574723889812e-11,0.2837213943152113,3.602828050464934e-11,0.2882064661836271,
SR_Pu_UN_G1_C2_P_D300.0m_Lw_15000.0cm_Epw5.0cm_w_water.o,C2,P,300.0,15000.0,5.0,water,10,C2_H_10,1.66834e-10,0.1644,4.70418e-11,0.0572,1.6771450328493234e-10,0.16326795719536102,1.6486913199986914e-10,0.16401471987187777,1.4054907887453041e-10,0.16591927280543609,
SR_Pu_UN_G1_C2_P_D500.0m_Lw_25000.0cm_Epw10.0cm_w_water.o,C2,P,500.0,25000.0,10.0,water,10,C2_H_10,1.50399e-11,0.1179,5.41072e-12,0.056,1.5122884551280855e-11,0.1178125458195579,1.4868912472368434e-11,0.11956427796645781,1.2657859148980034e-11,0.12257624073045795,
SR_Pu_UN_G1_C2_P_D50.0m_Lw_2500.0cm_Epw40.0cm_w_water.o,C2,P,50.0,2500.0,40.0,water,10,C2_H_10,1.7201e-09,0.0261,4.71233e-10,0.024,1.729633796141992e-09,0.02587335116906588,1.7104851832390374e-09,0.025990688703905487,1.4722425483780085e-09,0.02614859060553839,
SR_Pu_UN_G1_C2_P_D50.0m_Lw_2500.0cm_Epw20.0cm_w_water.o,C2,P,50.0,2500.0,20.0,water,10,C2_H_10,5.83875e-09,0.0307,1.69338e-09,0.0236,5.878755873575984e-09,0.03055778650385844,5.8102334962977286e-09,0.0307911494407231,4.995285390202129e-09,0.03116737874844829,
SR_Pu_UN_G1_C2_P_D50.0m_Lw_2500.0cm_Epw1.0cm_w_water.o,C2,P,50.0,2500.0,1.0,water,10,C2_H_10,1.41875e-08,0.0409,3.45406e-09,0.0279,1.4223870029287649e-08,0.04083143150824807,1.406172871774313e-08,0.041106453307336144,1.2120665453794375e-08,0.04148172633690519,
SR_Pu_UN_G1_C2_P_D500.0m_Lw_25000.0cm_Epw5.0cm_w_water.o,C2,P,500.0,25000.0,5.0,water,10,C2_H_10,2.33806e-11,0.1937,7.02467e-12,0.0777,2.3476427530450947e-11,0.19263670370274774,2.309611138967711e-11,0.19499729683205932,1.9705916432077363e-11,0.20006143694308384,
SR_Pu_UN_G1_C2_P_D50.0m_Lw_2500.0cm_Epw10.0cm_w_water.o,C2,P,50.0,2500.0,10.0,water,10,C2_H_10,9.90561e-09,0.036,2.74599e-09,0.04,9.96319668213314e-09,0.03597743502383421,9.834572223320484e-09,0.03614111658704341,8.426980567703339e-09,0.03608935729023939,
SR_Pu_UN_G1_C2_P_D5.0m_Lw_250.0cm_Epw40.0cm_w_water.o,C2,P,5.0,250.0,40.0,water,10,C2_H_10,2.31325e-07,0.0083,5.95933e-08,0.0193,2.3278205616352185e-07,0.008315940201919675,2.304256985613495e-07,0.008331361175024527,1.9835662589268453e-07,0.00809738042111219,
SR_Pu_UN_G1_C2_P_D5.0m_Lw_250.0cm_Epw20.0cm_w_water.o,C2,P,5.0,250.0,20.0,water,10,C2_H_10,6.90573e-07,0.0054,1.84675e-07,0.0142,6.95026256760871e-07,0.005398966108177103,6.873083390439451e-07,0.005369274635962895,5.919513541967629e-07,0.005202970327913162,
SR_Pu_UN_G1_C2_P_D5.0m_Lw_250.0cm_Epw1.0cm_w_water.o,C2,P,5.0,250.0,1.0,water,10,C2_H_10,1.45153e-06,0.0037,2.9016e-07,0.0094,1.453327093132553e-06,0.003687641722208978,1.4405962383063821e-06,0.003647366390739945,1.2468368807672293e-06,0.0036042067586827555,
SR_Pu_UN_G1_C2_P_D50.0m_Lw_2500.0cm_Epw5.0cm_w_water.o,C2,P,50.0,2500.0,5.0,water,10,C2_H_10,1.18495e-08,0.0388,2.97868e-09,0.0239,1.1891475059431534e-08,0.03860432682347007,1.1742814027643792e-08,0.03882855204707348,1.0113182172077636e-08,0.039139447563960664,
SR_Pu_UN_G1_C2_P_D5.0m_Lw_250.0cm_Epw10.0cm_w_water.o,C2,P,5.0,250.0,10.0,water,10,C2_H_10,1.04567e-06,0.0044,2.66573e-07,0.0128,1.0496838072843453e-06,0.0044289238602753765,1.0377896134990559e-06,0.004401766647936006,8.940749562622249e-07,0.004236277389003855,
SR_Pu_UN_G1_C2_P_D300.0m_Lw_15000.0cm_Epw40.0cm_w_water.o,C2,P,300.0,15000.0,40.0,water,10,C2_H_10,1.85698e-11,0.1126,6.65415e-12,0.0855,1.8559275381821016e-11,0.11219243280031191,1.8242794062917326e-11,0.11337838542024624,1.550313228308936e-11,0.11534420360175057,
SR_Pu_UN_G1_C2_P_D300.0m_Lw_15000.0cm_Epw20.0cm_w_water.o,C2,P,300.0,15000.0,20.0,water,10,C2_H_10,6.6434e-11,0.1096,2.18717e-11,0.0594,6.668754608532042e-11,0.10909406628216738,6.560540042317909e-11,0.11004446190133792,5.6219554441636494e-11,0.112597327517466,
SR_Pu_UN_G1_C2_P_D300.0m_Lw_15000.0cm_Epw1.0cm_w_water.o,C2,P,300.0,15000.0,1.0,water,10,C2_H_10,2.66278e-10,0.1685,6.8969e-11,0.0683,2.663950337914534e-10,0.16838421535342565,2.6240643444038545e-10,0.1696594352716284,2.24436911678212e-10,0.17139957971007275,
SR_Pu_UN_G1_C2_P_D2.0m_Lw_100.0cm_Epw5.0cm_w_water.o,C2,P,2.0,100.0,5.0,water,10,C2_H_10,7.02329e-06,0.0028,1.56828e-06,0.007,7.035798396438058e-06,0.002793184932807728,6.9627689442890784e-06,0.0027472878383095482,6.018616123666191e-06,0.0027245203103221107,
SR_Pu_UN_G1_C2_P_D300.0m_Lw_15000.0cm_Epw10.0cm_w_water.o,C2,P,300.0,15000.0,10.0,water,10,C2_H_10,1.51201e-10,0.2256,4.41329e-11,0.0709,1.5195581991336821e-10,0.22495850811938922,1.494532332084932e-10,0.22591715734560253,1.271676426355844e-10,0.2277958198206918,
SR_Pu_UN_G1_C2_P_D200.0m_Lw_10000.0cm_Epw40.0cm_w_water.o,C2,P,200.0,10000.0,40.0,water,10,C2_H_10,6.6193e-11,0.1441,2.02247e-11,0.0576,6.665606301403687e-11,0.1439097997905379,6.570087503905956e-11,0.14457902255985414,5.634110411764867e-11,0.14684152816180446,
SR_Pu_UN_G1_C2_P_D200.0m_Lw_10000.0cm_Epw20.0cm_w_water.o,C2,P,200.0,10000.0,20.0,water,10,C2_H_10,2.1341e-10,0.111,6.89864e-11,0.0619,2.142800243762388e-10,0.10989316821951313,2.1147742427372946e-10,0.11079826803116101,1.8049779076716372e-10,0.11250669366009558,
SR_Pu_UN_G1_C2_P_D200.0m_Lw_10000.0cm_Epw1.0cm_w_water.o,C2,P,200.0,10000.0,1.0,water,10,C2_H_10,7.34216e-10,0.1237,2.03798e-10,0.0553,7.353910948800395e-10,0.12352096991171771,7.252097439819294e-10,0.12494363492896635,6.218560974269311e-10,0.12687929591151334,
SR_Pu_UN_G1_C2_P_D1200.0m_Lw_60000.0cm_Epw5.0cm_w_water.o,C2,P,1200.0,60000.0,5.0,water,10,C2_H_10,2.52946e-13,0.1747,7.42693e-14,0.0582,2.536442234893562e-13,0.17514544959609732,2.488960978504192e-13,0.1755224971296777,2.1125931628993374e-13,0.17459225279226237,
SR_Pu_UN_G1_C2_P_D200.0m_Lw_10000.0cm_Epw10.0cm_w_water.o,C2,P,200.0,10000.0,10.0,water,10,C2_H_10,3.47346e-10,0.1167,1.14065e-10,0.0459,3.4898823382846e-10,0.11630351547624944,3.4321909450277406e-10,0.1166068786008861,2.921795765369957e-10,0.11731190474402117,
SR_Pu_UN_G1_C2_P_D20.0m_Lw_1000.0cm_Epw40.0cm_w_water.o,C2,P,20.0,1000.0,40.0,water,10,C2_H_10,1.22079e-08,0.0099,3.13875e-09,0.0193,1.227847142556838e-08,0.009921509240694567,1.2149513452679368e-08,0.009957801977709365,1.0458658782103109e-08,0.009753650366310391,
SR_Pu_UN_G1_C2_P_D20.0m_Lw_1000.0cm_Epw20.0cm_w_water.o,C2,P,20.0,1000.0,20.0,water,10,C2_H_10,4.02064e-08,0.0072,1.0957e-08,0.0172,4.045053962192347e-08,0.007149060016523573,3.9991586159316096e-08,0.007142406404234083,3.4419991254650344e-08,0.006922430839178445,
SR_Pu_UN_G1_C2_P_D20.0m_Lw_1000.0cm_Epw1.0cm_w_water.o,C2,P,20.0,1000.0,1.0,water,10,C2_H_10,9.34999e-08,0.0052,1.93507e-08,0.0085,9.362924298363704e-08,0.005177281994043406,9.277256346707566e-08,0.005164857829194582,8.026780052027893e-08,0.0051763619487845795,
SR_Pu_UN_G1_C2_P_D1200.0m_Lw_60000.0cm_Epw40.0cm_w_water.o,C2,P,1200.0,60000.0,40.0,water,10,C2_H_10,4.01591e-14,0.2467,1.2363e-14,0.0805,4.069115448828648e-14,0.24740644105185466,3.991496128307484e-14,0.24750421795016214,3.367312682399991e-14,0.2463105106171215,
SR_Pu_UN_G1_C2_P_D20.0m_Lw_1000.0cm_Epw10.0cm_w_water.o,C2,P,20.0,1000.0,10.0,water,10,C2_H_10,6.44943e-08,0.0056,1.64373e-08,0.0111,6.477896803398383e-08,0.005589316469597799,6.403434610919345e-08,0.005567184121638406,5.52078805660287e-08,0.005529657036789753,
SR_Pu_UN_G1_C2_P_D2.0m_Lw_100.0cm_Epw40.0cm_w_water.o,C2,P,2.0,100.0,40.0,water,10,C2_H_10,1.42858e-06,0.0061,3.74263e-07,0.011,1.438397976505837e-06,0.005918119836860533,1.4235988196609191e-06,0.0059177260971631064,1.226360667452589e-06,0.005903223722293088,
SR_Pu_UN_G1_C2_P_D2.0m_Lw_100.0cm_Epw20.0cm_w_water.o,C2,P,2.0,100.0,20.0,water,10,C2_H_10,4.09548e-06,0.0045,1.07018e-06,0.0103,4.1226562854489385e-06,0.004479182510515735,4.079160576154429e-06,0.004463658510729774,3.5140710378235217e-06,0.004383857955994919,
SR_Pu_UN_G1_C2_P_D2.0m_Lw_100.0cm_Epw1.0cm_w_water.o,C2,P,2.0,100.0,1.0,water,10,C2_H_10,8.15189e-06,0.0028,1.60646e-06,0.0138,8.159974462252766e-06,0.0027266853875505368,8.089420682835572e-06,0.002613944117159466,7.007133783109674e-06,0.0025447965474360737,
SR_Pu_UN_G1_C2_P_D20.0m_Lw_1000.0cm_Epw5.0cm_w_water.o,C2,P,20.0,1000.0,5.0,water,10,C2_H_10,7.9379e-08,0.0051,1.88334e-08,0.0101,7.956966587412763e-08,0.00509310976987817,7.870120466281275e-08,0.005082528388675989,6.791658511984988e-08,0.005044215915971121,
SR_Pu_UN_G1_C2_P_D2.0m_Lw_100.0cm_Epw10.0cm_w_water.o,C2,P,2.0,100.0,10.0,water,10,C2_H_10,5.9068e-06,0.003,1.45688e-06,0.008,5.9297756463273625e-06,0.003001229415954088,5.864618499376569e-06,0.0029669388735024506,5.05771006670218e-06,0.002876072901698783,
SR_Pu_UN_G1_C2_P_D1200.0m_Lw_60000.0cm_Epw20.0cm_w_water.o,C2,P,1200.0,60000.0,20.0,water,10,C2_H_10,1.01544e-13,0.1896,3.48403e-14,0.069,1.0187168810982751e-13,0.18942650713226208,1.0002973490844964e-13,0.19206745637829287,8.499341137277368e-14,0.19435967906400672,
SR_Pu_UN_G1_C2_P_D1200.0m_Lw_60000.0cm_Epw1.0cm_w_water.o,C2,P,1200.0,60000.0,1.0,water,10,C2_H_10,3.33061e-13,0.1158,9.88814e-14,0.0476,3.344709341870319e-13,0.11567225926320665,3.2845722572004725e-13,0.11659778063160636,2.794407711029223e-13,0.11835804188420403,
SR_Pu_UN_G1_C2_P_D1200.0m_Lw_60000.0cm_Epw10.0cm_w_water.o,C2,P,1200.0,60000.0,10.0,water,10,C2_H_10,1.68187e-13,0.1828,5.95583e-14,0.0643,1.6993717621882172e-13,0.18540723281460583,1.6666917705395448e-13,0.18865423084939073,1.419192974301147e-13,0.19239204796870396,
SR_Pu_UN_G1_C2_P_D1.0m_Lw_50.0cm_Epw5.0cm_w_water.o,C2,P,1.0,50.0,5.0,water,10,C2_H_10,2.36505e-05,0.0014,4.98145e-06,0.0036,2.3685543996646514e-05,0.0013194396546809088,2.3466145005502704e-05,0.0013044389534372352,2.0300977237857648e-05,0.0012901889407480238,
SR_Pu_UN_G1_C2_P_D1.0m_Lw_50.0cm_Epw40.0cm_w_water.o,C2,P,1.0,50.0,40.0,water,10,C2_H_10,5.10187e-06,0.0043,1.35336e-06,0.0087,5.136022283991004e-06,0.003984151161969339,5.082856243507248e-06,0.003874535955176504,4.376763704753204e-06,0.0037954265035727904,
SR_Pu_UN_G1_C2_P_D1000.0m_Lw_50000.0cm_Epw40.0cm_w_water.o,C2,P,1000.0,50000.0,40.0,water,10,C2_H_10,1.54501e-13,0.1967,4.07586e-14,0.0727,1.5453889939886342e-13,0.19601215712882752,1.5209164803535421e-13,0.19554555053650097,1.2983795073341215e-13,0.19493719683880303,
SR_Pu_UN_G1_C2_P_D1000.0m_Lw_50000.0cm_Epw20.0cm_w_water.o,C2,P,1000.0,50000.0,20.0,water,10,C2_H_10,4.01864e-13,0.1696,1.14518e-13,0.0571,4.055878013081129e-13,0.17188414610402855,3.957143453106042e-13,0.17095485122365892,3.3179612435665437e-13,0.16782617943005015,
SR_Pu_UN_G1_C2_P_D1000.0m_Lw_50000.0cm_Epw1.0cm_w_water.o,C2,P,1000.0,50000.0,1.0,water,10,C2_H_10,1.05039e-12,0.113,3.11104e-13,0.0456,1.054245836347443e-12,0.11320344904746105,1.0349455420582846e-12,0.11432034475927723,8.786535486869215e-13,0.1159383718471458,
SR_Pu_UN_G1_C2_P_D1000.0m_Lw_50000.0cm_Epw10.0cm_w_water.o,C2,P,1000.0,50000.0,10.0,water,10,C2_H_10,8.74203e-13,0.3079,2.20912e-13,0.1391,8.739823428960565e-13,0.3021607083954247,8.656958146220081e-13,0.307980495320097,7.39652215664096e-13,0.3132965206098753,
SR_Pu_UN_G1_C2_P_D100.0m_Lw_5000.0cm_Epw40.0cm_w_water.o,C2,P,100.0,5000.0,40.0,water,10,C2_H_10,3.5428e-10,0.0883,1.03002e-10,0.038,3.568916619075267e-10,0.08841063575555962,3.522565556195037e-10,0.08851736848959392,3.0227129327006317e-10,0.08861404073297108,
SR_Pu_UN_G1_C2_P_D100.0m_Lw_5000.0cm_Epw20.0cm_w_water.o,C2,P,100.0,5000.0,20.0,water,10,C2_H_10,1.23635e-09,0.0591,4.01904e-10,0.0327,1.245162323647124e-09,0.0588410685903248,1.228159835225193e-09,0.05947075506383199,1.0511773165016722e-09,0.06067120272916721,
SR_Pu_UN_G1_C2_P_D100.0m_Lw_5000.0cm_Epw1.0cm_w_water.o,C2,P,100.0,5000.0,1.0,water,10,C2_H_10,3.01857e-09,0.074,8.93392e-10,0.0347,3.0295826412517893e-09,0.0738559155585612,2.9797684873352323e-09,0.0742519738969819,2.552295769079369e-09,0.07468047332752675,
SR_Pu_UN_G1_C2_P_D1000.0m_Lw_50000.0cm_Epw5.0cm_w_water.o,C2,P,1000.0,50000.0,5.0,water,10,C2_H_10,7.77905e-13,0.1302,2.4868e-13,0.0572,7.797178692632388e-13,0.12995709234537917,7.643064973267011e-13,0.13090686791380776,6.508011204126263e-13,0.1338842775888639,
SR_Pu_UN_G1_C2_P_D100.0m_Lw_5000.0cm_Epw10.0cm_w_water.o,C2,P,100.0,5000.0,10.0,water,10,C2_H_10,2.066e-09,0.0734,5.92872e-10,0.0331,2.0754147201842593e-09,0.0732242411881117,2.046348020298786e-09,0.07369441963514929,1.7555224249991297e-09,0.0744987858843264,
SR_Pu_UN_G1_C2_P_D10.0m_Lw_500.0cm_Epw40.0cm_w_water.o,C2,P,10.0,500.0,40.0,water,10,C2_H_10,5.35176e-08,0.0094,1.35845e-08,0.014,5.3840459082373936e-08,0.009373380879116565,5.3274252040659605e-08,0.009391694318600785,4.595346823407366e-08,0.009392846382709668,
SR_Pu_UN_G1_C2_P_D10.0m_Lw_500.0cm_Epw20.0cm_w_water.o,C2,P,10.0,500.0,20.0,water,10,C2_H_10,1.67757e-07,0.0062,4.40099e-08,0.0142,1.6877427416673345e-07,0.006216256835590991,1.6695726731964736e-07,0.00619949336279118,1.4385703439735984e-07,0.006075974244504467,
SR_Pu_UN_G1_C2_P_D10.0m_Lw_500.0cm_Epw1.0cm_w_water.o,C2,P,10.0,500.0,1.0,water,10,C2_H_10,3.72241e-07,0.0042,7.394e-08,0.0097,3.726751712496025e-07,0.004240595494410891,3.6949961873494763e-07,0.0042182691828461585,3.1979950216506876e-07,0.004170891400437751,
SR_Pu_UN_G1_C2_P_D100.0m_Lw_5000.0cm_Epw5.0cm_w_water.o,C2,P,100.0,5000.0,5.0,water,10,C2_H_10,2.68052e-09,0.0819,7.80285e-10,0.0334,2.6894580190668536e-09,0.08177672820835127,2.644965250138523e-09,0.08207356558888998,2.265047574384868e-09,0.08240373071218768,
SR_Pu_UN_G1_C2_P_D10.0m_Lw_500.0cm_Epw10.0cm_w_water.o,C2,P,10.0,500.0,10.0,water,10,C2_H_10,2.63397e-07,0.005,6.60259e-08,0.015,2.644446105649425e-07,0.0049894163881316796,2.6146252121821003e-07,0.0049369695605831765,2.2544041037988617e-07,0.004737617738215318,
SR_Pu_UN_G1_C2_P_D1.0m_Lw_50.0cm_Epw20.0cm_w_water.o,C2,P,1.0,50.0,20.0,water,10,C2_H_10,1.41842e-05,0.0026,3.67137e-06,0.0049,1.4280822205184679e-05,0.002473687798065568,1.413606539748386e-05,0.002456398175497594,1.2181963534980417e-05,0.0024481822287173802,
SR_Pu_UN_G1_C2_P_D1.0m_Lw_50.0cm_Epw1.0cm_w_water.o,C2,P,1.0,50.0,1.0,water,10,C2_H_10,2.75084e-05,0.0015,4.94702e-06,0.0054,2.7535862568401074e-05,0.0014459832662272942,2.733856861503919e-05,0.001420705237840145,2.371124640109416e-05,0.0014075402775088975,
SR_Pu_UN_G1_C2_P_D1.0m_Lw_50.0cm_Epw10.0cm_w_water.o,C2,P,1.0,50.0,10.0,water,10,C2_H_10,2.0135e-05,0.0022,4.8028e-06,0.0051,2.0204631266501168e-05,0.0021150215751264234,1.9996052070581895e-05,0.0020998073645748486,1.7261014278273753e-05,0.0020921817282925654,
SR_Pu_UN_G1_C2_P_D10.0m_Lw_500.0cm_Epw5.0cm_w_water.o,C2,P,10.0,500.0,5.0,water,10,C2_H_10,3.19629e-07,0.0043,7.39609e-08,0.0107,3.2031189116619783e-07,0.0043028763719323675,3.168893445909362e-07,0.004244328810371577,2.736389330965114e-07,0.004131521696338058,
SR_Pu_UN_G1_C2_P_D700.0m_Lw_35000.0cm_Epw40.0cm_w_water.o,C2,P,700.0,35000.0,40.0,water,10,C2_H_10,8.29728e-13,0.2116,2.43796e-13,0.0687,8.316404267361442e-13,0.20630486949213775,8.151420880409706e-13,0.2073720468037254,6.947167981516491e-13,0.21010543363426468,
SR_Pu_UN_G1_C2_P_D700.0m_Lw_35000.0cm_Epw5.0cm_w_water.o,C2,P,700.0,35000.0,5.0,water,10,C2_H_10,6.87253e-12,0.1774,1.83349e-12,0.073,6.9192881318702785e-12,0.17854271106855601,6.8228608979169395e-12,0.1806004610870698,5.861363899904462e-12,0.1841267783173933,
SR_Pu_UN_G1_C2_P_D200.0m_Lw_10000.0cm_Epw5.0cm_w_water.o,C2,P,200.0,10000.0,5.0,water,10,C2_H_10,5.38287e-10,0.1195,1.59452e-10,0.0514,5.394197166057267e-10,0.11904773188044133,5.324089289017322e-10,0.12080841711740391,4.563015820421784e-10,0.12314481270346674,
SR_Pu_UN_G1_C2_N_D700.0m_Lw_35000.0cm_Epw20.0cm_w_water.o,C2,N,700.0,35000.0,20.0,water,10,C2_H_10,2.05759e-12,0.2146,1.25156e-13,0.0746,1.9590295140516904e-12,0.2113127228821844,2.103645843100225e-11,0.15460593278245086,1.7997285081507268e-11,0.20981647605095188,-4.790093553541257
SR_Pu_UN_G1_C2_N_D700.0m_Lw_35000.0cm_Epw1.0cm_w_water.o,C2,N,700.0,35000.0,1.0,water,10,C2_H_10,3.28834e-11,0.2028,2.81959e-12,0.0744,3.134695411920948e-11,0.19753783326126034,3.733748748389937e-10,0.2317704319601997,2.7765548188621005e-10,0.24956373215671868,-4.672405775529647
SR_Pu_UN_G1_C2_N_D5.0m_Lw_250.0cm_Epw5.0cm_w_water.o,C2,N,5.0,250.0,5.0,water,10,C2_H_10,3.6621e-06,0.0183,2.28512e-07,0.0317,3.5026279328793373e-06,0.018159259448265706,3.869467447815617e-05,0.020465897242352805,3.321053653910777e-05,0.019118339093788198,-4.354661727442252
SR_Pu_UN_G1_C2_N_D700.0m_Lw_35000.0cm_Epw10.0cm_w_water.o,C2,N,700.0,35000.0,10.0,water,10,C2_H_10,6.72138e-12,0.092,5.27602e-13,0.0499,6.443685669874543e-12,0.09162213251006299,7.459136187222732e-11,0.09160107486555721,5.862051509641343e-11,0.11187811936308333,-4.131507668446904
SR_Pu_UN_G1_C2_N_D500.0m_Lw_25000.0cm_Epw40.0cm_w_water.o,C2,N,500.0,25000.0,40.0,water,10,C2_H_10,8.59954e-13,0.1179,5.22251e-14,0.0591,8.232229104821778e-13,0.11644484964189807,8.911290208461285e-12,0.09933041251808009,7.743035833521187e-12,0.12317326945700839,-4.271285384778976
SR_Pu_UN_G1_C2_N_D500.0m_Lw_25000.0cm_Epw20.0cm_w_water.o,C2,N,500.0,25000.0,20.0,water,10,C2_H_10,1.14672e-11,0.2434,6.29892e-13,0.0962,1.0836002289255392e-11,0.24018848498242987,1.1094666256673343e-10,0.1841936123353358,9.904317717732893e-11,0.23942362531076708,-5.504375180903865
SR_Pu_UN_G1_C2_N_D500.0m_Lw_25000.0cm_Epw1.0cm_w_water.o,C2,N,500.0,25000.0,1.0,water,10,C2_H_10,1.662e-10,0.2215,1.29276e-11,0.0605,1.5854163409347327e-10,0.2179639804364661,1.7501298322112377e-09,0.1659890181727398,1.3762295427158758e-09,0.23256055641475726,-4.607921724745326
SR_Pu_UN_G1_C2_N_D300.0m_Lw_15000.0cm_Epw5.0cm_w_water.o,C2,N,300.0,15000.0,5.0,water,10,C2_H_10,3.78761e-10,0.0907,3.37574e-11,0.0456,3.62390692940337e-10,0.08967632898183642,4.2090287895675575e-09,0.09201545438870688,3.1754822810890673e-09,0.11464771923721642,-4.322067757679118
SR_Pu_UN_G1_C2_N_D500.0m_Lw_25000.0cm_Epw10.0cm_w_water.o,C2,N,500.0,25000.0,10.0,water,10,C2_H_10,4.48544e-11,0.3398,2.55543e-12,0.114,4.261222811885507e-11,0.3342649475355987,4.2719585639319195e-10,0.25437881990281364,3.862528146783826e-10,0.33482796013098703,-4.998778004264752
SR_Pu_UN_G1_C2_N_D50.0m_Lw_2500.0cm_Epw40.0cm_w_water.o,C2,N,50.0,2500.0,40.0,water,10,C2_H_10,5.53609e-10,0.0307,3.69469e-11,0.0263,5.312044112326739e-10,0.03056231859286468,5.369036529785826e-09,0.028149670235577122,4.94684828920278e-09,0.03280624988230356,-4.047005877311616
SR_Pu_UN_G1_C2_N_D50.0m_Lw_2500.0cm_Epw20.0cm_w_water.o,C2,N,50.0,2500.0,20.0,water,10,C2_H_10,5.83335e-09,0.0324,5.08876e-10,0.0507,5.582064321734654e-09,0.03094585411589531,5.594407151072373e-08,0.030881857761673095,4.917895665694999e-08,0.03519224384684878,-4.307742176713992
SR_Pu_UN_G1_C2_N_D50.0m_Lw_2500.0cm_Epw1.0cm_w_water.o,C2,N,50.0,2500.0,1.0,water,10,C2_H_10,5.57202e-08,0.0288,4.29032e-09,0.018,5.3266256946833053e-08,0.028706376298097993,5.895024474431978e-07,0.028974548925048957,4.789660374607792e-07,0.033165770205028845,-4.404045665964855
SR_Pu_UN_G1_C2_N_D500.0m_Lw_25000.0cm_Epw5.0cm_w_water.o,C2,N,500.0,25000.0,5.0,water,10,C2_H_10,1.08455e-10,0.3836,6.55721e-12,0.1125,1.0268727922322011e-10,0.37864619421336076,1.0469764074616556e-09,0.2725527929368988,9.065392365038119e-10,0.38153355489029983,-5.318077337863527
SR_Pu_UN_G1_C2_N_D50.0m_Lw_2500.0cm_Epw10.0cm_w_water.o,C2,N,50.0,2500.0,10.0,water,10,C2_H_10,1.9084e-08,0.0304,1.89713e-09,0.0295,1.8243780009854815e-08,0.03034594237357814,1.8575524397054178e-07,0.030933547717371564,1.5276899789963989e-07,0.035543468558800466,-4.402745703967645
SR_Pu_UN_G1_C2_N_D5.0m_Lw_250.0cm_Epw40.0cm_w_water.o,C2,N,5.0,250.0,40.0,water,10,C2_H_10,7.6271e-08,0.0215,4.55156e-09,0.0466,7.32845916403268e-08,0.02072360975984509,7.427341336359472e-07,0.022293560546451607,6.952583478181917e-07,0.021906920248187967,-3.9155227539604835
SR_Pu_UN_G1_C2_N_D5.0m_Lw_250.0cm_Epw20.0cm_w_water.o,C2,N,5.0,250.0,20.0,water,10,C2_H_10,7.06052e-07,0.027,5.28894e-08,0.0703,6.774762223582739e-07,0.025117239238815498,6.845569993339967e-06,0.026813660599257633,6.212099296802478e-06,0.026228071972939027,-4.047262473829983
SR_Pu_UN_G1_C2_N_D5.0m_Lw_250.0cm_Epw1.0cm_w_water.o,C2,N,5.0,250.0,1.0,water,10,C2_H_10,5.2133e-06,0.0234,2.71496e-07,0.0402,4.973911445509443e-06,0.023242486610242218,5.7330173402148226e-05,0.026312782558776556,4.877969688184334e-05,0.02446432851683456,-4.591881428088869
SR_Pu_UN_G1_C2_N_D50.0m_Lw_2500.0cm_Epw5.0cm_w_water.o,C2,N,50.0,2500.0,5.0,water,10,C2_H_10,3.47455e-08,0.0267,3.13943e-09,0.0196,3.324826026686956e-08,0.026692318800742156,3.4784678538864e-07,0.02727937135660368,2.86203212836715e-07,0.031647727195705966,-4.30916156949947
SR_Pu_UN_G1_C2_N_D5.0m_Lw_250.0cm_Epw10.0cm_w_water.o,C2,N,5.0,250.0,10.0,water,10,C2_H_10,2.11138e-06,0.024,1.59558e-07,0.0471,2.0219480396544523e-06,0.023915899913241598,2.1139401242690883e-05,0.02749154987226913,1.8443018159744402e-05,0.024968333417464066,-4.235711257355273
SR_Pu_UN_G1_C2_N_D300.0m_Lw_15000.0cm_Epw40.0cm_w_water.o,C2,N,300.0,15000.0,40.0,water,10,C2_H_10,7.0869e-12,0.1628,3.50845e-13,0.0779,6.779461811797133e-12,0.16087183818660367,6.964609669482372e-11,0.13277741041751248,6.486415157285452e-11,0.1602951217314875,-4.338119462711013
SR_Pu_UN_G1_C2_N_D300.0m_Lw_15000.0cm_Epw20.0cm_w_water.o,C2,N,300.0,15000.0,20.0,water,10,C2_H_10,4.43676e-11,0.1222,3.60276e-12,0.0866,4.266820624869431e-11,0.12383141268765835,4.5476886600067904e-10,0.11013539967916383,3.734759765156501e-10,0.13999588931364876,-3.8302584573104927
SR_Pu_UN_G1_C2_N_D300.0m_Lw_15000.0cm_Epw1.0cm_w_water.o,C2,N,300.0,15000.0,1.0,water,10,C2_H_10,8.37119e-10,0.1359,7.60062e-11,0.0395,8.004167134817389e-10,0.13362127148545863,8.663027774972736e-09,0.10499218971477584,6.675652239490236e-09,0.1498582019966477,-4.384357124645492
SR_Pu_UN_G1_C2_N_D2.0m_Lw_100.0cm_Epw5.0cm_w_water.o,C2,N,2.0,100.0,5.0,water,10,C2_H_10,2.02657e-05,0.0168,1.21082e-06,0.0321,1.93696295114425e-05,0.016553301262746043,0.00021447701913093932,0.01888997360459239,0.00018456191743339867,0.0166902596450976,-4.421611336186276
SR_Pu_UN_G1_C2_N_D300.0m_Lw_15000.0cm_Epw10.0cm_w_water.o,C2,N,300.0,15000.0,10.0,water,10,C2_H_10,2.30476e-10,0.1278,1.6984e-11,0.0733,2.2076022068317376e-10,0.12702295722664866,2.419779316402716e-09,0.1270411813072095,2.022362908608019e-09,0.14995897156233629,-4.215527567654005
SR_Pu_UN_G1_C2_N_D200.0m_Lw_10000.0cm_Epw40.0cm_w_water.o,C2,N,200.0,10000.0,40.0,water,10,C2_H_10,1.89437e-11,0.1111,1.15617e-12,0.0585,1.8086760885689944e-11,0.10958099517007695,1.92078742289026e-10,0.0908228273696606,1.6872329638409294e-10,0.11093083363770677,-4.5236100355794155
SR_Pu_UN_G1_C2_N_D200.0m_Lw_10000.0cm_Epw20.0cm_w_water.o,C2,N,200.0,10000.0,20.0,water,10,C2_H_10,1.87725e-10,0.1308,1.37546e-11,0.0679,1.8024226635541898e-10,0.12974058422539225,1.9113655613014197e-09,0.11583790178045884,1.6325257972751567e-09,0.14093161414569327,-3.986008067428959
SR_Pu_UN_G1_C2_N_D200.0m_Lw_10000.0cm_Epw1.0cm_w_water.o,C2,N,200.0,10000.0,1.0,water,10,C2_H_10,2.82312e-09,0.0749,2.40198e-10,0.0336,2.7003895295393007e-09,0.07575699007886971,3.040699938340106e-08,0.07288477843918326,2.360098023942585e-08,0.09169300332890225,-4.347334525655989
SR_Pu_UN_G1_C2_N_D1200.0m_Lw_60000.0cm_Epw5.0cm_w_water.o,C2,N,1200.0,60000.0,5.0,water,10,C2_H_10,4.46471e-13,0.2493,3.7404e-14,0.055,4.249529188092954e-13,0.2448458024557609,4.335990381438584e-12,0.17547178987588338,3.517347079062747e-12,0.2629921965286195,-4.8195921326815325
SR_Pu_UN_G1_C2_N_D200.0m_Lw_10000.0cm_Epw10.0cm_w_water.o,C2,N,200.0,10000.0,10.0,water,10,C2_H_10,7.54688e-10,0.1113,5.69723e-11,0.0618,7.259163300179222e-10,0.11286565800178834,8.189540516699529e-09,0.10640540867663255,6.656503671176045e-09,0.1284427639442473,-3.812392668503776
SR_Pu_UN_G1_C2_N_D20.0m_Lw_1000.0cm_Epw40.0cm_w_water.o,C2,N,20.0,1000.0,40.0,water,10,C2_H_10,3.95277e-09,0.0209,2.58585e-10,0.0493,3.799301527723578e-09,0.019903439611077187,3.811570424528246e-08,0.020674930899556996,3.5612769191859724e-08,0.021578675990502314,-3.8825550759700778
SR_Pu_UN_G1_C2_N_D20.0m_Lw_1000.0cm_Epw20.0cm_w_water.o,C2,N,20.0,1000.0,20.0,water,10,C2_H_10,3.93676e-08,0.0208,3.34717e-09,0.037,3.7724215951320914e-08,0.0206061158237351,3.8010845756342773e-07,0.022307205282853185,3.3644793766517006e-07,0.022368767531764543,-4.174458307539914
SR_Pu_UN_G1_C2_N_D20.0m_Lw_1000.0cm_Epw1.0cm_w_water.o,C2,N,20.0,1000.0,1.0,water,10,C2_H_10,3.30757e-07,0.0181,2.1322e-08,0.024,3.1592482508033733e-07,0.017945720461831554,3.548075394124619e-06,0.019408612980083707,2.973590263620242e-06,0.019561225478072097,-4.484311721191892
SR_Pu_UN_G1_C2_N_D1200.0m_Lw_60000.0cm_Epw40.0cm_w_water.o,C2,N,1200.0,60000.0,40.0,water,10,C2_H_10,6.37101e-15,0.165,4.55598e-16,0.0484,6.069516325113561e-15,0.16211253352380445,6.556391363146272e-14,0.11319122830316979,5.359040203189825e-14,0.1647362748135736,-4.732274394270907
SR_Pu_UN_G1_C2_N_D20.0m_Lw_1000.0cm_Epw10.0cm_w_water.o,C2,N,20.0,1000.0,10.0,water,10,C2_H_10,1.26159e-07,0.0191,1.0725e-08,0.032,1.2085982458234456e-07,0.01893880892444301,1.240219181768934e-06,0.020968429513355074,1.0667120064512098e-06,0.02048462784691036,-4.200394278375268
SR_Pu_UN_G1_C2_N_D2.0m_Lw_100.0cm_Epw40.0cm_w_water.o,C2,N,2.0,100.0,40.0,water,10,C2_H_10,4.70297e-07,0.013,2.7839e-08,0.0185,4.516504660749197e-07,0.012238948455145842,4.586058887623838e-06,0.01464510466147907,4.308247784601016e-06,0.013693507331706194,-3.964842200796583
SR_Pu_UN_G1_C2_N_D2.0m_Lw_100.0cm_Epw20.0cm_w_water.o,C2,N,2.0,100.0,20.0,water,10,C2_H_10,4.15081e-06,0.0155,3.21641e-07,0.0348,3.981569976304554e-06,0.015111968004074128,4.017612152326823e-05,0.01651069489095908,3.6138388798482916e-05,0.015543779394217555,-4.077277054248358
SR_Pu_UN_G1_C2_N_D2.0m_Lw_100.0cm_Epw1.0cm_w_water.o,C2,N,2.0,100.0,1.0,water,10,C2_H_10,2.86574e-05,0.0153,1.43038e-06,0.0286,2.730338403557383e-05,0.014952867800331915,0.00031611730942491135,0.018342918438665926,0.00026872043004600674,0.014538067486926437,-4.724838835435778
SR_Pu_UN_G1_C2_N_D20.0m_Lw_1000.0cm_Epw5.0cm_w_water.o,C2,N,20.0,1000.0,5.0,water,10,C2_H_10,2.16794e-07,0.0174,1.74092e-08,0.0273,2.0754717362100866e-07,0.017352054239511874,2.202774834939925e-06,0.018903791365679847,1.8508687056923743e-06,0.01873894160119768,-4.265259360956183
SR_Pu_UN_G1_C2_N_D2.0m_Lw_100.0cm_Epw10.0cm_w_water.o,C2,N,2.0,100.0,10.0,water,10,C2_H_10,1.22048e-05,0.0163,8.64058e-07,0.0307,1.1671302082291365e-05,0.015815680211048164,0.00012340643478024534,0.01782505185737963,0.00010800970265146716,0.016549928403262873,-4.371213929836093
SR_Pu_UN_G1_C2_N_D1200.0m_Lw_60000.0cm_Epw20.0cm_w_water.o,C2,N,1200.0,60000.0,20.0,water,10,C2_H_10,5.4911e-14,0.0815,4.52699e-15,0.0381,5.256115635220376e-14,0.08132668826647686,5.832537207597437e-13,0.07043241120560148,4.558771983523057e-13,0.09081542344661143,-4.279367791146104
SR_Pu_UN_G1_C2_N_D1200.0m_Lw_60000.0cm_Epw1.0cm_w_water.o,C2,N,1200.0,60000.0,1.0,water,10,C2_H_10,6.2214e-13,0.0672,7.00351e-14,0.0242,5.95241913003677e-13,0.0653008421615321,6.565149595644619e-12,0.08029699315012534,4.675425241649358e-12,0.092254584565636,-4.323478155451018
SR_Pu_UN_G1_C2_N_D1200.0m_Lw_60000.0cm_Epw10.0cm_w_water.o,C2,N,1200.0,60000.0,10.0,water,10,C2_H_10,1.61563e-13,0.0594,1.64482e-14,0.0368,1.5494264879023938e-13,0.05898606268379027,1.745635570416879e-12,0.06425844071682198,1.2722130295312873e-12,0.07260558609403678,-4.097690195007912
SR_Pu_UN_G1_C2_N_D1.0m_Lw_50.0cm_Epw5.0cm_w_water.o,C2,N,1.0,50.0,5.0,water,10,C2_H_10,6.59256e-05,0.008,3.70693e-06,0.0174,6.299969977065944e-05,0.007599902762372476,0.0006981517982598696,0.009077776909892126,0.0006071543829853768,0.007573924330786257,-4.43818521081426
SR_Pu_UN_G1_C2_N_D1.0m_Lw_50.0cm_Epw40.0cm_w_water.o,C2,N,1.0,50.0,40.0,water,10,C2_H_10,1.81272e-06,0.0127,1.27175e-07,0.0284,1.7392511961595946e-06,0.011092005477223972,1.7378262021665875e-05,0.016561476148355413,1.603226164954611e-05,0.01064799908217618,-4.052959300962387
SR_Pu_UN_G1_C2_N_D1000.0m_Lw_50000.0cm_Epw40.0cm_w_water.o,C2,N,1000.0,50000.0,40.0,water,10,C2_H_10,2.27778e-14,0.0703,1.61111e-15,0.036,2.1786461118059188e-14,0.07001672017987137,2.457060598087696e-13,0.06293634195542344,1.989381650974935e-13,0.07797954699441116,-4.352215235627725
SR_Pu_UN_G1_C2_N_D1000.0m_Lw_50000.0cm_Epw20.0cm_w_water.o,C2,N,1000.0,50000.0,20.0,water,10,C2_H_10,2.79099e-13,0.1876,1.82428e-14,0.0748,2.667507678682824e-13,0.1866334617010651,2.9378789209354867e-12,0.17557217408402348,2.476514276944858e-12,0.2130024799835598,-4.424319733040109
SR_Pu_UN_G1_C2_N_D1000.0m_Lw_50000.0cm_Epw1.0cm_w_water.o,C2,N,1000.0,50000.0,1.0,water,10,C2_H_10,2.93502e-12,0.1434,2.96521e-13,0.0416,2.82387676362955e-12,0.1466919378991442,3.1162583109486243e-11,0.1506039953652664,2.348987197947637e-11,0.20292802391966616,-3.7867965591529273
SR_Pu_UN_G1_C2_N_D1000.0m_Lw_50000.0cm_Epw10.0cm_w_water.o,C2,N,1000.0,50000.0,10.0,water,10,C2_H_10,1.32603e-12,0.271,7.76199e-14,0.1004,1.2876877316051992e-12,0.27658670666199897,1.3339525087373404e-11,0.2284280017876519,1.2056351981434218e-11,0.29309320597478683,-2.891508366688594
SR_Pu_UN_G1_C2_N_D100.0m_Lw_5000.0cm_Epw40.0cm_w_water.o,C2,N,100.0,5000.0,40.0,water,10,C2_H_10,1.13823e-10,0.0561,7.58924e-12,0.0413,1.0916615687598835e-10,0.05606544696559068,1.1393651075410095e-09,0.05253020628146306,1.014387224216786e-09,0.05861475247996933,-4.091302394078216
SR_Pu_UN_G1_C2_N_D100.0m_Lw_5000.0cm_Epw20.0cm_w_water.o,C2,N,100.0,5000.0,20.0,water,10,C2_H_10,1.20175e-09,0.068,9.63138e-11,0.0507,1.149525716623685e-09,0.06750590355852126,1.1896530652000322e-08,0.0650621654053808,1.0338452995731586e-08,0.07598603456132576,-4.34568615571583
SR_Pu_UN_G1_C2_N_D100.0m_Lw_5000.0cm_Epw1.0cm_w_water.o,C2,N,100.0,5000.0,1.0,water,10,C2_H_10,1.33398e-08,0.048,1.19762e-09,0.027,1.2748773394958934e-08,0.048030661155584145,1.3886915411314356e-07,0.04732109604360144,1.0820030873249473e-07,0.05716766212561729,-4.430550720708449
SR_Pu_UN_G1_C2_N_D1000.0m_Lw_50000.0cm_Epw5.0cm_w_water.o,C2,N,1000.0,50000.0,5.0,water,10,C2_H_10,1.58332e-12,0.1215,1.44203e-13,0.0423,1.5214240508871134e-12,0.12422100486235045,1.7324199044376875e-11,0.12329938498976736,1.3119519647066164e-11,0.16351291864670947,-3.909250758715017
SR_Pu_UN_G1_C2_N_D100.0m_Lw_5000.0cm_Epw10.0cm_w_water.o,C2,N,100.0,5000.0,10.0,water,10,C2_H_10,3.9181e-09,0.0749,3.74651e-10,0.0457,3.7648367074201296e-09,0.07472053427121146,3.882710936948627e-08,0.0731328351132629,3.1806559320075874e-08,0.08834754772900304,-3.9116738362949075
SR_Pu_UN_G1_C2_N_D10.0m_Lw_500.0cm_Epw40.0cm_w_water.o,C2,N,10.0,500.0,40.0,water,10,C2_H_10,1.7279e-08,0.0282,1.07983e-09,0.047,1.662522643281055e-08,0.028075995653222406,1.6652943919285693e-07,0.029247119528652644,1.5642246591736221e-07,0.030313938307359064,-3.7836308072773233
SR_Pu_UN_G1_C2_N_D10.0m_Lw_500.0cm_Epw20.0cm_w_water.o,C2,N,10.0,500.0,20.0,water,10,C2_H_10,1.55051e-07,0.0303,1.30233e-08,0.0592,1.486329464306373e-07,0.029911862291118346,1.4781719602569113e-06,0.03283277492470042,1.3177861894016117e-06,0.031581995637519726,-4.139317753102343
SR_Pu_UN_G1_C2_N_D10.0m_Lw_500.0cm_Epw1.0cm_w_water.o,C2,N,10.0,500.0,1.0,water,10,C2_H_10,1.40662e-06,0.0273,8.82991e-08,0.0598,1.3410439129373584e-06,0.027061562534075847,1.486942832975501e-05,0.029216884552868867,1.2704830478465765e-05,0.027387393719658582,-4.6619617993944
SR_Pu_UN_G1_C2_N_D100.0m_Lw_5000.0cm_Epw5.0cm_w_water.o,C2,N,100.0,5000.0,5.0,water,10,C2_H_10,7.92379e-09,0.0605,7.03769e-10,0.0293,7.571846133902924e-09,0.06064954200952565,7.907040984198204e-08,0.055674564930768604,6.4392476177347e-08,0.06952355807037486,-4.441610215529125
SR_Pu_UN_G1_C2_N_D10.0m_Lw_500.0cm_Epw10.0cm_w_water.o,C2,N,10.0,500.0,10.0,water,10,C2_H_10,5.3966e-07,0.0378,4.50691e-08,0.0737,5.164839506023824e-07,0.037122903122194906,5.257566378644216e-06,0.03966377661987445,4.598276711525984e-06,0.040043821808022434,-4.294564984919687
SR_Pu_UN_G1_C2_N_D1.0m_Lw_50.0cm_Epw20.0cm_w_water.o,C2,N,1.0,50.0,20.0,water,10,C2_H_10,1.40535e-05,0.0076,9.89184e-07,0.0177,1.346760209700916e-05,0.006123328661868303,0.00013704244858673306,0.0064947229356691555,0.00012495405381870336,0.006648945521069888,-4.169053282035362
SR_Pu_UN_G1_C2_N_D1.0m_Lw_50.0cm_Epw1.0cm_w_water.o,C2,N,1.0,50.0,1.0,water,10,C2_H_10,9.13908e-05,0.0086,4.15938e-06,0.0173,8.718069799665328e-05,0.008660632078711619,0.0010064579692210184,0.01030710574148955,0.0008703238642016697,0.008697706096606429,-4.6067022100109964
SR_Pu_UN_G1_C2_N_D1.0m_Lw_50.0cm_Epw10.0cm_w_water.o,C2,N,1.0,50.0,10.0,water,10,C2_H_10,4.00137e-05,0.0073,2.60521e-06,0.0147,3.8318082156640725e-05,0.006935357526709581,0.00040527533106773337,0.007117972647365751,0.00036025430955950955,0.00753188583833415,-4.237593232715982
SR_Pu_UN_G1_C2_N_D10.0m_Lw_500.0cm_Epw5.0cm_w_water.o,C2,N,10.0,500.0,5.0,water,10,C2_H_10,9.01097e-07,0.0257,6.26187e-08,0.0576,8.611357814010587e-07,0.02546747593751227,9.240388911782254e-06,0.02763886802373954,7.984860621785429e-06,0.025822468305704404,-4.434729956812786
SR_Pu_UN_G1_C2_N_D700.0m_Lw_35000.0cm_Epw40.0cm_w_water.o,C2,N,700.0,35000.0,40.0,water,10,C2_H_10,2.47095e-13,0.176,1.25948e-14,0.0685,2.377142167687793e-13,0.17329085061316332,2.452606602432287e-12,0.1311559425837427,2.242850354016382e-12,0.16925554608862223,-3.7964277833305844
SR_Pu_UN_G1_C2_N_D700.0m_Lw_35000.0cm_Epw5.0cm_w_water.o,C2,N,700.0,35000.0,5.0,water,10,C2_H_10,1.76278e-11,0.1617,1.26572e-12,0.069,1.6896093251644396e-11,0.16071014954660676,1.992661187729683e-10,0.17323258822188514,1.546528266964675e-10,0.1861355226124809,-4.150868221534198
SR_Pu_UN_G1_C2_N_D200.0m_Lw_10000.0cm_Epw5.0cm_w_water.o,C2,N,200.0,10000.0,5.0,water,10,C2_H_10,1.5838e-09,0.0907,1.3184e-10,0.044,1.519392248600163e-09,0.09068352922785437,1.7293204952104192e-08,0.08868082924488689,1.3435103094646448e-08,0.10720460951707274,-4.066659388801428
SR_Pu_UN_G1_C2_P_D700.0m_Lw_35000.0cm_Epw20.0cm_w_steel.o,C2,P,700.0,35000.0,20.0,steel,10,C2_H_10,1.27638e-12,0.0856,2.63191e-13,0.0456,1.2834790796869873e-12,0.08482075584515936,1.2575017959113101e-12,0.0845322014640136,1.067531306679445e-12,0.08389079694713215,
SR_Pu_UN_G1_C2_P_D700.0m_Lw_35000.0cm_Epw1.0cm_w_steel.o,C2,P,700.0,35000.0,1.0,steel,10,C2_H_10,6.95788e-12,0.1107,2.05142e-12,0.0512,6.998118902065924e-12,0.11098426273097191,6.874673658414931e-12,0.11223788714827465,5.878159578896259e-12,0.11469142968841664,
SR_Pu_UN_G1_C2_P_D5.0m_Lw_250.0cm_Epw5.0cm_w_steel.o,C2,P,5.0,250.0,5.0,steel,10,C2_H_10,6.50885e-07,0.0075,1.35886e-07,0.0174,6.524836984341633e-07,0.007470961601636008,6.44599918062111e-07,0.007390507895348532,5.554258412281204e-07,0.007309101270784467,
SR_Pu_UN_G1_C2_P_D700.0m_Lw_35000.0cm_Epw10.0cm_w_steel.o,C2,P,700.0,35000.0,10.0,steel,10,C2_H_10,2.35705e-12,0.1228,5.88488e-13,0.0528,2.3667962331660217e-12,0.12237824380725927,2.3169044545635527e-12,0.12128167150459389,1.963661466478834e-12,0.11875947950810734,
SR_Pu_UN_G1_C2_P_D500.0m_Lw_25000.0cm_Epw40.0cm_w_steel.o,C2,P,500.0,25000.0,40.0,steel,10,C2_H_10,1.99005e-12,0.0247,4.13312e-13,0.0194,1.9998821975375308e-12,0.024476621263463113,1.964743630714733e-12,0.024496008934994068,1.6744501185486216e-12,0.024491332183894057,
SR_Pu_UN_G1_C2_P_D500.0m_Lw_25000.0cm_Epw20.0cm_w_steel.o,C2,P,500.0,25000.0,20.0,steel,10,C2_H_10,5.57514e-12,0.0629,1.21765e-12,0.0479,5.59535935834143e-12,0.06265217015408098,5.4889524303510634e-12,0.06235023953817726,4.670554410560047e-12,0.06171114679449861,
SR_Pu_UN_G1_C2_P_D500.0m_Lw_25000.0cm_Epw1.0cm_w_steel.o,C2,P,500.0,25000.0,1.0,steel,10,C2_H_10,3.2849e-11,0.2749,8.69463e-12,0.096,3.281529018828132e-11,0.2712457306409169,3.23149786244602e-11,0.27369768579606385,2.7771685256406947e-11,0.2787559571490074,
SR_Pu_UN_G1_C2_P_D300.0m_Lw_15000.0cm_Epw5.0cm_w_steel.o,C2,P,300.0,15000.0,5.0,steel,10,C2_H_10,1.29975e-10,0.1614,2.73697e-11,0.0596,1.304997756924279e-10,0.16106627120059813,1.2798063380545032e-10,0.16139477994674664,1.0883452031658031e-10,0.16121300332075156,
SR_Pu_UN_G1_C2_P_D500.0m_Lw_25000.0cm_Epw10.0cm_w_steel.o,C2,P,500.0,25000.0,10.0,steel,10,C2_H_10,1.16485e-11,0.1056,2.65153e-12,0.0629,1.1746167342558052e-11,0.10555416700271267,1.1508214082638817e-11,0.10471165378210419,9.771450014130617e-12,0.10240738032512536,
SR_Pu_UN_G1_C2_P_D50.0m_Lw_2500.0cm_Epw40.0cm_w_steel.o,C2,P,50.0,2500.0,40.0,steel,10,C2_H_10,4.4185e-10,0.0075,7.43711e-11,0.0147,4.4373031694212406e-10,0.007331693718860424,4.364588598439815e-10,0.007284854531711764,3.7312577410304927e-10,0.007221257279996126,
SR_Pu_UN_G1_C2_P_D50.0m_Lw_2500.0cm_Epw20.0cm_w_steel.o,C2,P,50.0,2500.0,20.0,steel,10,C2_H_10,1.12781e-09,0.0196,2.07569e-10,0.0391,1.1330893355426355e-09,0.019494340707559,1.114805435725438e-09,0.019414580112399056,9.538076085121007e-10,0.019327416936107737,
SR_Pu_UN_G1_C2_P_D50.0m_Lw_2500.0cm_Epw1.0cm_w_steel.o,C2,P,50.0,2500.0,1.0,steel,10,C2_H_10,1.35473e-08,0.0354,2.88246e-09,0.0257,1.358648933787329e-08,0.035401180767354774,1.3428424029901981e-08,0.035614611677997475,1.1575649480267275e-08,0.035877294097923874,
SR_Pu_UN_G1_C2_P_D500.0m_Lw_25000.0cm_Epw5.0cm_w_steel.o,C2,P,500.0,25000.0,5.0,steel,10,C2_H_10,1.90014e-11,0.114,4.8572e-12,0.0548,1.907757957543495e-11,0.11421226849936963,1.8676226775103046e-11,0.11351716622217649,1.5883179978351803e-11,0.11170317982169542,
SR_Pu_UN_G1_C2_P_D50.0m_Lw_2500.0cm_Epw10.0cm_w_steel.o,C2,P,50.0,2500.0,10.0,steel,10,C2_H_10,2.88939e-09,0.0342,5.86997e-10,0.0431,2.897670133661146e-09,0.034041028746349934,2.8536404448175185e-09,0.03422780374669132,2.445149939762143e-09,0.034490902153323254,
SR_Pu_UN_G1_C2_P_D5.0m_Lw_250.0cm_Epw40.0cm_w_steel.o,C2,P,5.0,250.0,40.0,steel,10,C2_H_10,2.74659e-08,0.0095,4.04886e-09,0.0177,2.7563250679126814e-08,0.009401128001344617,2.710881411339661e-08,0.009384911391792984,2.3145811497098117e-08,0.009364700850531114,
SR_Pu_UN_G1_C2_P_D5.0m_Lw_250.0cm_Epw20.0cm_w_steel.o,C2,P,5.0,250.0,20.0,steel,10,C2_H_10,7.18374e-08,0.0172,1.24922e-08,0.0346,7.215759233018028e-08,0.01705839074888283,7.1107667671785e-08,0.016987047678549173,6.096299774758244e-08,0.0169355175099848,
SR_Pu_UN_G1_C2_P_D5.0m_Lw_250.0cm_Epw1.0cm_w_steel.o,C2,P,5.0,250.0,1.0,steel,10,C2_H_10,1.33516e-06,0.0044,2.71712e-07,0.0101,1.3374468944864328e-06,0.004410595881485186,1.3238358900214237e-06,0.004355836610791635,1.1440016541315133e-06,0.004310364289317099,
SR_Pu_UN_G1_C2_P_D50.0m_Lw_2500.0cm_Epw5.0cm_w_steel.o,C2,P,50.0,2500.0,5.0,steel,10,C2_H_10,6.77725e-09,0.0361,1.4371e-09,0.0345,6.796024092677816e-09,0.03595112117087364,6.697113072664259e-09,0.036206323995388624,5.75246368273817e-09,0.03659067479991108,
SR_Pu_UN_G1_C2_P_D5.0m_Lw_250.0cm_Epw10.0cm_w_steel.o,C2,P,5.0,250.0,10.0,steel,10,C2_H_10,2.59121e-07,0.0152,5.02727e-08,0.0264,2.600559556593175e-07,0.015106046666372133,2.56759593809935e-07,0.015014384738869416,2.2094386843952462e-07,0.014896571371558595,
SR_Pu_UN_G1_C2_P_D300.0m_Lw_15000.0cm_Epw40.0cm_w_steel.o,C2,P,300.0,15000.0,40.0,steel,10,C2_H_10,1.19818e-11,0.0185,2.38319e-12,0.0168,1.2041528683234994e-11,0.018417460974445743,1.1821858848241887e-11,0.018332876924990922,1.0082185435955753e-11,0.018155427389583836,
SR_Pu_UN_G1_C2_P_D300.0m_Lw_15000.0cm_Epw20.0cm_w_steel.o,C2,P,300.0,15000.0,20.0,steel,10,C2_H_10,3.24855e-11,0.0556,6.0785e-12,0.0507,3.263453487772752e-11,0.05523021001624447,3.2090250178196254e-11,0.05507737884461165,2.743001202620105e-11,0.05479194589763313,
SR_Pu_UN_G1_C2_P_D300.0m_Lw_15000.0cm_Epw1.0cm_w_steel.o,C2,P,300.0,15000.0,1.0,steel,10,C2_H_10,1.95926e-10,0.1431,4.92341e-11,0.0615,1.964977141083991e-10,0.14246808631962504,1.9347900582563717e-10,0.14363056116466563,1.6591382739144e-10,0.14520740568385834,
SR_Pu_UN_G1_C2_P_D2.0m_Lw_100.0cm_Epw5.0cm_w_steel.o,C2,P,2.0,100.0,5.0,steel,10,C2_H_10,3.77611e-06,0.0073,8.00406e-07,0.0164,3.7887718625435947e-06,0.007317272130873805,3.7433160838235682e-06,0.007222786976757774,3.226272720212903e-06,0.0071136787244032934,
SR_Pu_UN_G1_C2_P_D300.0m_Lw_15000.0cm_Epw10.0cm_w_steel.o,C2,P,300.0,15000.0,10.0,steel,10,C2_H_10,5.75598e-11,0.1083,1.31418e-11,0.0651,5.781512728914303e-11,0.10716574391010471,5.682776144787781e-11,0.10888200387676854,4.857428137396631e-11,0.11079033893319135,
SR_Pu_UN_G1_C2_P_D200.0m_Lw_10000.0cm_Epw40.0cm_w_steel.o,C2,P,200.0,10000.0,40.0,steel,10,C2_H_10,3.24918e-11,0.0103,6.35746e-12,0.0175,3.2643357907095335e-11,0.010224387680017252,3.2094483599639756e-11,0.010196437250075106,2.740682211867959e-11,0.010091066580206306,
SR_Pu_UN_G1_C2_P_D200.0m_Lw_10000.0cm_Epw20.0cm_w_steel.o,C2,P,200.0,10000.0,20.0,steel,10,C2_H_10,7.74375e-11,0.0324,1.55708e-11,0.0444,7.78381680635425e-11,0.032235183427140754,7.653788628026236e-11,0.032185763715403395,6.553222634733151e-11,0.032017889111766694,
SR_Pu_UN_G1_C2_P_D200.0m_Lw_10000.0cm_Epw1.0cm_w_steel.o,C2,P,200.0,10000.0,1.0,steel,10,C2_H_10,6.28558e-10,0.1027,1.5289e-10,0.0512,6.307477419866941e-10,0.10205766100185856,6.217679328748716e-10,0.10319716654944391,5.327750115141892e-10,0.10438932241067984,
SR_Pu_UN_G1_C2_P_D1200.0m_Lw_60000.0cm_Epw5.0cm_w_steel.o,C2,P,1200.0,60000.0,5.0,steel,10,C2_H_10,1.59099e-13,0.1051,5.17101e-14,0.057,1.600162866352085e-13,0.10537514165859568,1.5719139800019314e-13,0.10646667188609078,1.3392673055160147e-13,0.1082941390848015,
SR_Pu_UN_G1_C2_P_D200.0m_Lw_10000.0cm_Epw10.0cm_w_steel.o,C2,P,200.0,10000.0,10.0,steel,10,C2_H_10,1.6147e-10,0.0486,3.67675e-11,0.0469,1.6234180574592057e-10,0.048396050863838955,1.595576332343709e-10,0.048569805688216255,1.3641396697811517e-10,0.04844918664448605,
SR_Pu_UN_G1_C2_P_D20.0m_Lw_1000.0cm_Epw40.0cm_w_steel.o,C2,P,20.0,1000.0,40.0,steel,10,C2_H_10,2.0582e-09,0.009,3.33001e-10,0.023,2.0677521494797405e-09,0.008936076267379772,2.033311299410847e-09,0.008870182414469007,1.7374858639116723e-09,0.008818357087369073,
SR_Pu_UN_G1_C2_P_D20.0m_Lw_1000.0cm_Epw20.0cm_w_steel.o,C2,P,20.0,1000.0,20.0,steel,10,C2_H_10,5.0694e-09,0.0187,8.37308e-10,0.0268,5.087179206105147e-09,0.01869540599842183,5.012993366425279e-09,0.018611550080696843,4.2979301150540724e-09,0.018456242443951283,
SR_Pu_UN_G1_C2_P_D20.0m_Lw_1000.0cm_Epw1.0cm_w_steel.o,C2,P,20.0,1000.0,1.0,steel,10,C2_H_10,8.42675e-08,0.0043,1.7165e-08,0.0069,8.44317961962944e-08,0.004289668747897089,8.354455056231249e-08,0.004289424217514496,7.216829252034061e-08,0.004287416375912905,
SR_Pu_UN_G1_C2_P_D1200.0m_Lw_60000.0cm_Epw40.0cm_w_steel.o,C2,P,1200.0,60000.0,40.0,steel,10,C2_H_10,1.5333e-14,0.0704,3.19584e-15,0.0315,1.538813840921342e-14,0.06999757436361924,1.5069931012316784e-14,0.0700074118106338,1.2785598909225636e-14,0.06998129246577772,
SR_Pu_UN_G1_C2_P_D20.0m_Lw_1000.0cm_Epw10.0cm_w_steel.o,C2,P,20.0,1000.0,10.0,steel,10,C2_H_10,1.68465e-08,0.018,3.39444e-09,0.0383,1.6917278942305378e-08,0.017995174569536088,1.667400388943188e-08,0.01787467946058379,1.4318731529284882e-08,0.017760631576140627,
SR_Pu_UN_G1_C2_P_D2.0m_Lw_100.0cm_Epw40.0cm_w_steel.o,C2,P,2.0,100.0,40.0,steel,10,C2_H_10,1.33251e-07,0.0095,1.93093e-08,0.0174,1.3368435663174996e-07,0.009060078384759768,1.312560792553439e-07,0.00901186239928263,1.1170060762201225e-07,0.008952384870257672,
SR_Pu_UN_G1_C2_P_D2.0m_Lw_100.0cm_Epw20.0cm_w_steel.o,C2,P,2.0,100.0,20.0,steel,10,C2_H_10,3.70735e-07,0.0148,6.57426e-08,0.0266,3.725446217741915e-07,0.014688826361300734,3.670340447893549e-07,0.014621771987883747,3.142956866241105e-07,0.014563336041149308,
SR_Pu_UN_G1_C2_P_D2.0m_Lw_100.0cm_Epw1.0cm_w_steel.o,C2,P,2.0,100.0,1.0,steel,10,C2_H_10,7.49741e-06,0.0027,1.47306e-06,0.0078,7.5108142406891e-06,0.0027361278458686434,7.439268793781644e-06,0.0026812469184767725,6.434103101508476e-06,0.00263044040383954,
SR_Pu_UN_G1_C2_P_D20.0m_Lw_1000.0cm_Epw5.0cm_w_steel.o,C2,P,20.0,1000.0,5.0,steel,10,C2_H_10,4.13123e-08,0.0114,9.32903e-09,0.0473,4.1427112158512105e-08,0.011373023277722362,4.083450786870659e-08,0.011054496861876576,3.51216936635712e-08,0.010935735657817426,
SR_Pu_UN_G1_C2_P_D2.0m_Lw_100.0cm_Epw10.0cm_w_steel.o,C2,P,2.0,100.0,10.0,steel,10,C2_H_10,1.47589e-06,0.0152,2.92826e-07,0.024,1.4832158491152651e-06,0.015217142125347563,1.4653459679602994e-06,0.015191463245954415,1.2608863075114805e-06,0.015059188918203362,
SR_Pu_UN_G1_C2_P_D1200.0m_Lw_60000.0cm_Epw20.0cm_w_steel.o,C2,P,1200.0,60000.0,20.0,steel,10,C2_H_10,4.7264e-14,0.1457,9.59109e-15,0.0656,4.753765225414856e-14,0.14592869188980787,4.667178695774283e-14,0.14629566658383011,3.9769736473988155e-14,0.14641348032959303,
SR_Pu_UN_G1_C2_P_D1200.0m_Lw_60000.0cm_Epw1.0cm_w_steel.o,C2,P,1200.0,60000.0,1.0,steel,10,C2_H_10,3.0643e-13,0.1332,9.11283e-14,0.0479,3.0734181281278475e-13,0.13214303271075115,3.015330146848414e-13,0.13241862104603147,2.5518647844351596e-13,0.13318055675561022,
SR_Pu_UN_G1_C2_P_D1200.0m_Lw_60000.0cm_Epw10.0cm_w_steel.o,C2,P,1200.0,60000.0,10.0,steel,10,C2_H_10,1.06711e-13,0.1901,2.28208e-14,0.0781,1.0747408720840157e-13,0.19064714630730908,1.0562135731032032e-13,0.19135836319193744,9.010631446276222e-14,0.1920327786040287,
SR_Pu_UN_G1_C2_P_D1.0m_Lw_50.0cm_Epw5.0cm_w_steel.o,C2,P,1.0,50.0,5.0,steel,10,C2_H_10,1.2165e-05,0.0044,2.49036e-06,0.0099,1.2199147946355717e-05,0.004252101321892638,1.2068017030514772e-05,0.004191739294113684,1.0416398894835066e-05,0.0041451273980166285,
SR_Pu_UN_G1_C2_P_D1.0m_Lw_50.0cm_Epw40.0cm_w_steel.o,C2,P,1.0,50.0,40.0,steel,10,C2_H_10,3.66706e-07,0.0154,4.76262e-08,0.015,3.6784553497032675e-07,0.014923245203868696,3.609512115454295e-07,0.015110634524276485,3.067153786825863e-07,0.015536612837547537,
SR_Pu_UN_G1_C2_P_D1000.0m_Lw_50000.0cm_Epw40.0cm_w_steel.o,C2,P,1000.0,50000.0,40.0,steel,10,C2_H_10,5.41625e-14,0.0555,1.1543e-14,0.0269,5.43589040676392e-14,0.05506233505690009,5.327015009995276e-14,0.05501656338025997,4.519407644217317e-14,0.054919408704831404,
SR_Pu_UN_G1_C2_P_D1000.0m_Lw_50000.0cm_Epw20.0cm_w_steel.o,C2,P,1000.0,50000.0,20.0,steel,10,C2_H_10,1.5637e-13,0.0942,3.29224e-14,0.0442,1.571726446031328e-13,0.09358572168012745,1.5405120335014751e-13,0.09313207394306809,1.305624220824254e-13,0.09202921192638988,
SR_Pu_UN_G1_C2_P_D1000.0m_Lw_50000.0cm_Epw1.0cm_w_steel.o,C2,P,1000.0,50000.0,1.0,steel,10,C2_H_10,8.29263e-13,0.0767,2.7841e-13,0.0415,8.320270942438136e-13,0.0762470785121836,8.163713334568787e-13,0.0771615612629981,6.945085174132546e-13,0.07863893748615755,
SR_Pu_UN_G1_C2_P_D1000.0m_Lw_50000.0cm_Epw10.0cm_w_steel.o,C2,P,1000.0,50000.0,10.0,steel,10,C2_H_10,2.9892e-13,0.1012,8.92257e-14,0.0595,2.9956267213119674e-13,0.10024079042002969,2.938674819992049e-13,0.10104457442223248,2.498234863894572e-13,0.10222420655771128,
SR_Pu_UN_G1_C2_P_D100.0m_Lw_5000.0cm_Epw40.0cm_w_steel.o,C2,P,100.0,5000.0,40.0,steel,10,C2_H_10,1.39753e-10,0.0118,2.47863e-11,0.0142,1.4038845656885723e-10,0.011673116732259833,1.3803977640841481e-10,0.011641437788575404,1.1794901409746165e-10,0.011615565166134866,
SR_Pu_UN_G1_C2_P_D100.0m_Lw_5000.0cm_Epw20.0cm_w_steel.o,C2,P,100.0,5000.0,20.0,steel,10,C2_H_10,3.3925e-10,0.0377,6.45019e-11,0.0409,3.409374622262657e-10,0.03764934365524556,3.3532089075296687e-10,0.03775758052741396,2.8680283800136834e-10,0.038003490576935174,
SR_Pu_UN_G1_C2_P_D100.0m_Lw_5000.0cm_Epw1.0cm_w_steel.o,C2,P,100.0,5000.0,1.0,steel,10,C2_H_10,2.93846e-09,0.0707,7.21111e-10,0.0341,2.9492272473289566e-09,0.07076116228363234,2.901847648917725e-09,0.07103296531923436,2.4907502497553936e-09,0.07113710187344847,
SR_Pu_UN_G1_C2_P_D1000.0m_Lw_50000.0cm_Epw5.0cm_w_steel.o,C2,P,1000.0,50000.0,5.0,steel,10,C2_H_10,5.21395e-13,0.099,1.57253e-13,0.0477,5.226990894151733e-13,0.09820405405668768,5.121862852894991e-13,0.0984737887593157,4.334541353484206e-13,0.09881126662914534,
SR_Pu_UN_G1_C2_P_D100.0m_Lw_5000.0cm_Epw10.0cm_w_steel.o,C2,P,100.0,5000.0,10.0,steel,10,C2_H_10,8.36324e-10,0.0531,1.80434e-10,0.0393,8.3863734018963e-10,0.052558888883486955,8.255317996410776e-10,0.05327067116317959,7.073837952696325e-10,0.05429258178542781,
SR_Pu_UN_G1_C2_P_D10.0m_Lw_500.0cm_Epw40.0cm_w_steel.o,C2,P,10.0,500.0,40.0,steel,10,C2_H_10,7.26868e-09,0.0095,1.12711e-09,0.0225,7.296876982701072e-09,0.00944400272327703,7.17554788322596e-09,0.009384971917065596,6.129892638326953e-09,0.009337399787947806,
SR_Pu_UN_G1_C2_P_D10.0m_Lw_500.0cm_Epw20.0cm_w_steel.o,C2,P,10.0,500.0,20.0,steel,10,C2_H_10,1.91654e-08,0.0179,3.4736e-09,0.0474,1.923498110715101e-08,0.017643372718317344,1.8926817689490665e-08,0.017481071278999064,1.6196361807185325e-08,0.017348971381126472,
SR_Pu_UN_G1_C2_P_D10.0m_Lw_500.0cm_Epw1.0cm_w_steel.o,C2,P,10.0,500.0,1.0,steel,10,C2_H_10,3.3776e-07,0.0059,6.76354e-08,0.0137,3.383307940023512e-07,0.005859845080189423,3.3493778894130176e-07,0.005776178339357529,2.8949932127251254e-07,0.005718500543574496,
SR_Pu_UN_G1_C2_P_D100.0m_Lw_5000.0cm_Epw5.0cm_w_steel.o,C2,P,100.0,5000.0,5.0,steel,10,C2_H_10,1.56843e-09,0.0519,3.69541e-10,0.035,1.573987247883906e-09,0.05188341598534218,1.5489826957637785e-09,0.052556520011953746,1.3291074289621184e-09,0.053595937843236116,
SR_Pu_UN_G1_C2_P_D10.0m_Lw_500.0cm_Epw10.0cm_w_steel.o,C2,P,10.0,500.0,10.0,steel,10,C2_H_10,6.6155e-08,0.0173,1.31145e-08,0.044,6.636748472701158e-08,0.017037618287606707,6.545703936688229e-08,0.016810103957621836,5.627403461585646e-08,0.016657093463039833,
SR_Pu_UN_G1_C2_P_D1.0m_Lw_50.0cm_Epw20.0cm_w_steel.o,C2,P,1.0,50.0,20.0,steel,10,C2_H_10,1.02201e-06,0.0063,1.85029e-07,0.0112,1.0273590604450993e-06,0.006033431790812719,1.0121173927682267e-06,0.006009973584123132,8.666969280686766e-07,0.005992712135795235,
SR_Pu_UN_G1_C2_P_D1.0m_Lw_50.0cm_Epw1.0cm_w_steel.o,C2,P,1.0,50.0,1.0,steel,10,C2_H_10,2.53598e-05,0.0024,4.77474e-06,0.0066,2.5403782985633365e-05,0.0023615132580207714,2.5188807257290528e-05,0.0023472463766972735,2.1808338400142752e-05,0.002328621384540836,
SR_Pu_UN_G1_C2_P_D1.0m_Lw_50.0cm_Epw10.0cm_w_steel.o,C2,P,1.0,50.0,10.0,steel,10,C2_H_10,4.61943e-06,0.0065,9.23696e-07,0.0114,4.635458446715789e-06,0.006133179916499082,4.581278252623073e-06,0.006079060719775029,3.946919306008301e-06,0.0060235488061600225,
SR_Pu_UN_G1_C2_P_D10.0m_Lw_500.0cm_Epw5.0cm_w_steel.o,C2,P,10.0,500.0,5.0,steel,10,C2_H_10,1.65739e-07,0.0075,3.42689e-08,0.0152,1.6618662387550015e-07,0.007472017192926228,1.6410650948420934e-07,0.007401295844311136,1.413251461024857e-07,0.007318984022413856,
SR_Pu_UN_G1_C2_P_D700.0m_Lw_35000.0cm_Epw40.0cm_w_steel.o,C2,P,700.0,35000.0,40.0,steel,10,C2_H_10,4.54308e-13,0.0373,9.18347e-14,0.0211,4.562143978012663e-13,0.03701824236199648,4.476897494738486e-13,0.03694943464891945,3.807332470679436e-13,0.03677648058493872,
SR_Pu_UN_G1_C2_P_D700.0m_Lw_35000.0cm_Epw5.0cm_w_steel.o,C2,P,700.0,35000.0,5.0,steel,10,C2_H_10,4.24817e-12,0.102,1.11004e-12,0.0602,4.265288902685805e-12,0.1014851242585141,4.187280130477595e-12,0.10219968524553286,3.5750582506888788e-12,0.10393351913521216,
SR_Pu_UN_G1_C2_P_D200.0m_Lw_10000.0cm_Epw5.0cm_w_steel.o,C2,P,200.0,10000.0,5.0,steel,10,C2_H_10,3.34583e-10,0.1017,7.71616e-11,0.0478,3.3505002728904895e-10,0.10187262543676205,3.285641699921019e-10,0.10186195462509182,2.800054250989128e-10,0.10114800940445405,
SR_Pu_UN_G1_C2_N_D700.0m_Lw_35000.0cm_Epw20.0cm_w_steel.o,C2,N,700.0,35000.0,20.0,steel,10,C2_H_10,5.51419e-12,0.0829,9.13516e-13,0.0228,5.317382935638091e-12,0.08280959486822391,5.149900240037036e-11,0.1256770769545234,3.210710671449203e-11,0.1519935810950369,-3.5691019780223208
SR_Pu_UN_G1_C2_N_D700.0m_Lw_35000.0cm_Epw1.0cm_w_steel.o,C2,N,700.0,35000.0,1.0,steel,10,C2_H_10,3.32776e-11,0.1491,3.20323e-12,0.0506,3.178864601534486e-11,0.14491855995533134,3.704389184663352e-10,0.17312775689236654,2.6661066451244815e-10,0.19246264648449854,-4.474343055554298
SR_Pu_UN_G1_C2_N_D5.0m_Lw_250.0cm_Epw5.0cm_w_steel.o,C2,N,5.0,250.0,5.0,steel,10,C2_H_10,4.12917e-06,0.016,2.07025e-07,0.024,3.9296909709140476e-06,0.015911015844233888,4.959316896219146e-05,0.016932243296128986,3.891949417387068e-05,0.016432292333318776,-4.830971577482939
SR_Pu_UN_G1_C2_N_D700.0m_Lw_35000.0cm_Epw10.0cm_w_steel.o,C2,N,700.0,35000.0,10.0,steel,10,C2_H_10,1.31484e-11,0.1054,1.69283e-12,0.0331,1.2661573162280238e-11,0.10627559306330867,1.3305057490705426e-10,0.11600257721939362,9.017147449375263e-11,0.15312887065464575,-3.7025557308856007
SR_Pu_UN_G1_C2_N_D500.0m_Lw_25000.0cm_Epw40.0cm_w_steel.o,C2,N,500.0,25000.0,40.0,steel,10,C2_H_10,8.06598e-12,0.0133,1.69207e-12,0.0091,7.803436421281984e-12,0.011955461108992782,6.180141350390397e-11,0.02400163801707193,3.4567426657578185e-11,0.02693912171043911,-3.254949537663331
SR_Pu_UN_G1_C2_N_D500.0m_Lw_25000.0cm_Epw20.0cm_w_steel.o,C2,N,500.0,25000.0,20.0,steel,10,C2_H_10,2.83781e-11,0.0378,4.89561e-12,0.0223,2.728491705204703e-11,0.036701285212596337,2.603433280381184e-10,0.056050669091561166,1.5411635068044496e-10,0.06329776217441328,-3.852206271571977
SR_Pu_UN_G1_C2_N_D500.0m_Lw_25000.0cm_Epw1.0cm_w_steel.o,C2,N,500.0,25000.0,1.0,steel,10,C2_H_10,1.64125e-10,0.1834,1.50354e-11,0.0421,1.565210833560842e-10,0.18001515389141368,1.6470918893142256e-09,0.13081497076126217,1.2776567203295998e-09,0.1986438634838507,-4.633003286468114
SR_Pu_UN_G1_C2_N_D300.0m_Lw_15000.0cm_Epw5.0cm_w_steel.o,C2,N,300.0,15000.0,5.0,steel,10,C2_H_10,6.16985e-10,0.06,6.74241e-11,0.0341,5.884673448067756e-10,0.05980173794229109,6.9305707500034285e-09,0.06999096627648686,4.672675268686521e-09,0.0815604788697997,-4.622098623665802
SR_Pu_UN_G1_C2_N_D500.0m_Lw_25000.0cm_Epw10.0cm_w_steel.o,C2,N,500.0,25000.0,10.0,steel,10,C2_H_10,6.29362e-11,0.0696,8.56229e-12,0.0483,6.033562600161576e-11,0.06848734151406542,6.325590179213033e-10,0.08311451685500959,4.060606257408746e-10,0.09056655227372665,-4.132079786171133
SR_Pu_UN_G1_C2_N_D50.0m_Lw_2500.0cm_Epw40.0cm_w_steel.o,C2,N,50.0,2500.0,40.0,steel,10,C2_H_10,5.18856e-09,0.0336,7.29007e-10,0.0664,4.950769780496886e-09,0.0065843476798462105,5.767621070914361e-08,0.005148792545248421,3.1586724683987583e-08,0.00527505039867022,-4.582971373620301
SR_Pu_UN_G1_C2_N_D50.0m_Lw_2500.0cm_Epw20.0cm_w_steel.o,C2,N,50.0,2500.0,20.0,steel,10,C2_H_10,1.57548e-08,0.0128,1.55631e-09,0.0139,1.4979555393530743e-08,0.012554182182207314,1.9704110863610323e-07,0.014256962624717404,1.1952082192825934e-07,0.014299266694435944,-4.920688339231584
SR_Pu_UN_G1_C2_N_D50.0m_Lw_2500.0cm_Epw1.0cm_w_steel.o,C2,N,50.0,2500.0,1.0,steel,10,C2_H_10,5.78652e-08,0.0268,4.31233e-09,0.0206,5.528889289535985e-08,0.026748141015540905,6.365285151575104e-07,0.027455516898734846,5.021026649378055e-07,0.030625989734277693,-4.452256459219275
SR_Pu_UN_G1_C2_N_D500.0m_Lw_25000.0cm_Epw5.0cm_w_steel.o,C2,N,500.0,25000.0,5.0,steel,10,C2_H_10,9.37421e-11,0.058,1.11345e-11,0.0312,8.991255729537738e-11,0.05801640638710513,1.0122204524819676e-09,0.06907878013305005,6.878458003693462e-10,0.08162199082676758,-4.085189796924349
SR_Pu_UN_G1_C2_N_D50.0m_Lw_2500.0cm_Epw10.0cm_w_steel.o,C2,N,50.0,2500.0,10.0,steel,10,C2_H_10,3.07306e-08,0.02,2.50292e-09,0.0208,2.9233490748606288e-08,0.019874029217762507,3.8182433384481214e-07,0.021449920367552243,2.5660979230388996e-07,0.022305743695476367,-4.871721513389616
SR_Pu_UN_G1_C2_N_D5.0m_Lw_250.0cm_Epw40.0cm_w_steel.o,C2,N,5.0,250.0,40.0,steel,10,C2_H_10,5.07674e-07,0.0083,5.06782e-08,0.012,4.809713205443039e-07,0.00662751900720229,6.6753622666040385e-06,0.007258527943105413,3.6576396219285615e-06,0.0071155893407929115,-5.259808352544384
SR_Pu_UN_G1_C2_N_D5.0m_Lw_250.0cm_Epw20.0cm_w_steel.o,C2,N,5.0,250.0,20.0,steel,10,C2_H_10,1.53108e-06,0.0131,1.05988e-07,0.0147,1.4519091379719835e-06,0.012915196266237326,2.0792816747379703e-05,0.013374095460491432,1.3131588285228787e-05,0.013978398447301258,-5.170916087207491
SR_Pu_UN_G1_C2_N_D5.0m_Lw_250.0cm_Epw1.0cm_w_steel.o,C2,N,5.0,250.0,1.0,steel,10,C2_H_10,5.0372e-06,0.0217,2.4269e-07,0.0381,4.802070086370613e-06,0.02166551568619277,5.6274669910536465e-05,0.023539791215590935,4.776197122010175e-05,0.02250224363046593,-4.6678693248111465
SR_Pu_UN_G1_C2_N_D50.0m_Lw_2500.0cm_Epw5.0cm_w_steel.o,C2,N,50.0,2500.0,5.0,steel,10,C2_H_10,4.23441e-08,0.0211,3.23366e-09,0.0245,4.0394702494380894e-08,0.02098632598890677,4.936504065012411e-07,0.022080984234992482,3.6440812894221394e-07,0.02341355830639683,-4.603705133936258
SR_Pu_UN_G1_C2_N_D5.0m_Lw_250.0cm_Epw10.0cm_w_steel.o,C2,N,5.0,250.0,10.0,steel,10,C2_H_10,2.93614e-06,0.0182,1.6809e-07,0.028,2.7904179439257307e-06,0.01808781472796655,3.752988742102558e-05,0.019046787540400765,2.6911035882758398e-05,0.018552617145274616,-4.96304863100088
SR_Pu_UN_G1_C2_N_D300.0m_Lw_15000.0cm_Epw40.0cm_w_steel.o,C2,N,300.0,15000.0,40.0,steel,10,C2_H_10,6.43301e-11,0.0154,1.25952e-11,0.0211,6.200583651105684e-11,0.0072669977130924174,5.390149961001594e-10,0.011392862249828464,2.9679009751204306e-10,0.011710277150743775,-3.613026388802693
SR_Pu_UN_G1_C2_N_D300.0m_Lw_15000.0cm_Epw20.0cm_w_steel.o,C2,N,300.0,15000.0,20.0,steel,10,C2_H_10,2.07023e-10,0.0325,3.26589e-11,0.0223,1.9826063970967142e-10,0.031940115277234095,2.0551833374488153e-09,0.04414073851483606,1.2068888946282287e-09,0.04880505244770332,-4.232554011065717
SR_Pu_UN_G1_C2_N_D300.0m_Lw_15000.0cm_Epw1.0cm_w_steel.o,C2,N,300.0,15000.0,1.0,steel,10,C2_H_10,9.44196e-10,0.1037,8.68958e-11,0.0363,9.04258452505868e-10,0.10273207471932902,1.0140223070236986e-08,0.09236590983144677,7.593561430235376e-09,0.12182444340001179,-4.229794184060516
SR_Pu_UN_G1_C2_N_D2.0m_Lw_100.0cm_Epw5.0cm_w_steel.o,C2,N,2.0,100.0,5.0,steel,10,C2_H_10,2.37615e-05,0.0165,1.1092e-06,0.0216,2.2593988087406354e-05,0.016254109025895108,0.00028855958531191105,0.018304810987183888,0.00022727572237203115,0.016768803016378907,-4.913460482686888
SR_Pu_UN_G1_C2_N_D300.0m_Lw_15000.0cm_Epw10.0cm_w_steel.o,C2,N,300.0,15000.0,10.0,steel,10,C2_H_10,4.04263e-10,0.0553,4.95254e-11,0.0357,3.8644495822525756e-10,0.054579728268632235,4.449844610441548e-09,0.06622438482130409,2.864013890515962e-09,0.07460895391478026,-4.407537116862643
SR_Pu_UN_G1_C2_N_D200.0m_Lw_10000.0cm_Epw40.0cm_w_steel.o,C2,N,200.0,10000.0,40.0,steel,10,C2_H_10,2.24401e-10,0.0112,3.99116e-11,0.015,2.1548282729139968e-10,0.007119917995257113,2.0807177994052538e-09,0.010568620110184293,1.1412735836683297e-09,0.011050753622750499,-3.974212551904995
SR_Pu_UN_G1_C2_N_D200.0m_Lw_10000.0cm_Epw20.0cm_w_steel.o,C2,N,200.0,10000.0,20.0,steel,10,C2_H_10,7.22233e-10,0.0313,1.00467e-10,0.0228,6.916018087895549e-10,0.030937151940139695,7.765547738253882e-09,0.04005500508843045,4.593538855745374e-09,0.042731755114123866,-4.241178568473759
SR_Pu_UN_G1_C2_N_D200.0m_Lw_10000.0cm_Epw1.0cm_w_steel.o,C2,N,200.0,10000.0,1.0,steel,10,C2_H_10,3.29885e-09,0.0753,2.78973e-10,0.0331,3.1535005627340883e-09,0.07523676959855376,3.5769649781921464e-08,0.06861243491088165,2.7409714427921482e-08,0.08776856866221115,-4.406063848489982
SR_Pu_UN_G1_C2_N_D1200.0m_Lw_60000.0cm_Epw5.0cm_w_steel.o,C2,N,1200.0,60000.0,5.0,steel,10,C2_H_10,3.76382e-13,0.0312,5.47599e-14,0.021,3.6153279659553874e-13,0.030944942215075332,3.699952302473657e-12,0.037681502760427664,2.412492479826967e-12,0.04674668605290655,-3.9452480204848426
SR_Pu_UN_G1_C2_N_D200.0m_Lw_10000.0cm_Epw10.0cm_w_steel.o,C2,N,200.0,10000.0,10.0,steel,10,C2_H_10,1.30864e-09,0.0508,1.48654e-10,0.0342,1.2511399214025438e-09,0.05035103113656905,1.4849828884961043e-08,0.0602255528234305,9.588368214030688e-09,0.06684881484751487,-4.393880562832875
SR_Pu_UN_G1_C2_N_D20.0m_Lw_1000.0cm_Epw40.0cm_w_steel.o,C2,N,20.0,1000.0,40.0,steel,10,C2_H_10,2.96169e-08,0.0153,3.43427e-09,0.0358,2.8135585974034908e-08,0.005356845728743991,3.6550615039636246e-07,0.005606053768065817,1.9996046882759037e-07,0.005441016882186091,-5.001583643004814
SR_Pu_UN_G1_C2_N_D20.0m_Lw_1000.0cm_Epw20.0cm_w_steel.o,C2,N,20.0,1000.0,20.0,steel,10,C2_H_10,9.3335e-08,0.0128,7.53395e-09,0.0167,8.848450871220399e-08,0.012497122230333581,1.2306060526762523e-06,0.013318783220318021,7.615934087119272e-07,0.013239417197273104,-5.196862150100179
SR_Pu_UN_G1_C2_N_D20.0m_Lw_1000.0cm_Epw1.0cm_w_steel.o,C2,N,20.0,1000.0,1.0,steel,10,C2_H_10,3.35518e-07,0.0189,1.98149e-08,0.023,3.201168162965169e-07,0.018713844893650397,3.703452402023333e-06,0.020577432377496846,3.071546578162379e-06,0.020450849274388835,-4.590270478329954
SR_Pu_UN_G1_C2_N_D1200.0m_Lw_60000.0cm_Epw40.0cm_w_steel.o,C2,N,1200.0,60000.0,40.0,steel,10,C2_H_10,1.57819e-14,0.0071,3.67083e-15,0.0062,1.5318427754856555e-14,0.005569118402992269,1.0325015158396757e-13,0.011255778016538046,5.81240550342631e-14,0.012536485333126159,-2.936732872109468
SR_Pu_UN_G1_C2_N_D20.0m_Lw_1000.0cm_Epw10.0cm_w_steel.o,C2,N,20.0,1000.0,10.0,steel,10,C2_H_10,1.83841e-07,0.0172,1.20822e-08,0.0249,1.7472557501002277e-07,0.017083633242671696,2.315640798512721e-06,0.017793936191485615,1.6289721847160712e-06,0.017519125619032162,-4.958319955819015
SR_Pu_UN_G1_C2_N_D2.0m_Lw_100.0cm_Epw40.0cm_w_steel.o,C2,N,2.0,100.0,40.0,steel,10,C2_H_10,3.25074e-06,0.0064,2.99468e-07,0.0087,3.077786608071144e-06,0.005163589324535105,4.39880539899289e-05,0.005430261669712307,2.4155569224714668e-05,0.005455561718016124,-5.320431407275137
SR_Pu_UN_G1_C2_N_D2.0m_Lw_100.0cm_Epw20.0cm_w_steel.o,C2,N,2.0,100.0,20.0,steel,10,C2_H_10,9.32317e-06,0.011,5.9164e-07,0.0125,8.834064470126066e-06,0.010551800636285894,0.00012914973451110887,0.01132111564911211,8.162922844797945e-05,0.011031209416954034,-5.246129051319819
SR_Pu_UN_G1_C2_N_D2.0m_Lw_100.0cm_Epw1.0cm_w_steel.o,C2,N,2.0,100.0,1.0,steel,10,C2_H_10,2.85364e-05,0.0159,1.30877e-06,0.0286,2.7166723961930542e-05,0.015486923623613603,0.0003229200675896738,0.018588728735021674,0.0002716829069069245,0.01451896240849771,-4.799750627512433
SR_Pu_UN_G1_C2_N_D20.0m_Lw_1000.0cm_Epw5.0cm_w_steel.o,C2,N,20.0,1000.0,5.0,steel,10,C2_H_10,2.50105e-07,0.017,1.47974e-08,0.0283,2.3802076867455898e-07,0.016876935870619118,2.9845050621730437e-06,0.01773830072440128,2.292419521293609e-06,0.017440085609719786,-4.83166323161912
SR_Pu_UN_G1_C2_N_D2.0m_Lw_100.0cm_Epw10.0cm_w_steel.o,C2,N,2.0,100.0,10.0,steel,10,C2_H_10,1.78523e-05,0.0158,9.12855e-07,0.023,1.695369130340502e-05,0.015446974377248613,0.0002306963821161728,0.01631741765276366,0.0001673475966950659,0.015969670696237195,-5.033573806148116
SR_Pu_UN_G1_C2_N_D1200.0m_Lw_60000.0cm_Epw20.0cm_w_steel.o,C2,N,1200.0,60000.0,20.0,steel,10,C2_H_10,8.97611e-14,0.0571,1.64428e-14,0.0176,8.684537432548433e-14,0.05712317527341973,7.529319845289315e-13,0.07568086937232434,4.641059636173152e-13,0.1061482239195797,-3.248317672706413
SR_Pu_UN_G1_C2_N_D1200.0m_Lw_60000.0cm_Epw1.0cm_w_steel.o,C2,N,1200.0,60000.0,1.0,steel,10,C2_H_10,8.71663e-13,0.2235,8.15504e-14,0.0432,8.316655373147061e-13,0.21901639679505133,8.39197222314444e-12,0.15930634430489982,6.601698188265677e-12,0.24578325665267378,-4.58863834822562
SR_Pu_UN_G1_C2_N_D1200.0m_Lw_60000.0cm_Epw10.0cm_w_steel.o,C2,N,1200.0,60000.0,10.0,steel,10,C2_H_10,2.26509e-13,0.0404,3.59587e-14,0.0252,2.1789460551697083e-13,0.0399149904762309,2.1200886701861608e-12,0.05124252293463888,1.3505626015261308e-12,0.06202919396673579,-3.8031135553241397
SR_Pu_UN_G1_C2_N_D1.0m_Lw_50.0cm_Epw5.0cm_w_steel.o,C2,N,1.0,50.0,5.0,steel,10,C2_H_10,7.62771e-05,0.0083,3.34875e-06,0.015,7.259692779042226e-05,0.008155944198487416,0.0009226355716536942,0.008950497816174406,0.0007355906390638522,0.00814878297362945,-4.824740596558783
SR_Pu_UN_G1_C2_N_D1.0m_Lw_50.0cm_Epw40.0cm_w_steel.o,C2,N,1.0,50.0,40.0,steel,10,C2_H_10,1.22493e-05,0.005,1.0512e-06,0.0068,1.1583632448890197e-05,0.004098287370171873,0.00016949131881225505,0.003998333013683006,9.327543878192097e-05,0.0042858450145395605,-5.434331358606635
SR_Pu_UN_G1_C2_N_D1000.0m_Lw_50000.0cm_Epw40.0cm_w_steel.o,C2,N,1000.0,50000.0,40.0,steel,10,C2_H_10,8.84528e-14,0.008,2.03257e-14,0.0063,8.58603693119366e-14,0.006707554592107239,5.947420979632559e-13,0.014761412439416635,3.335759632454217e-13,0.015837311118590346,-2.9308633396154904
SR_Pu_UN_G1_C2_N_D1000.0m_Lw_50000.0cm_Epw20.0cm_w_steel.o,C2,N,1000.0,50000.0,20.0,steel,10,C2_H_10,4.0458e-13,0.0309,7.72772e-14,0.0183,3.8994861411644115e-13,0.029844201436376935,3.4228154701499105e-12,0.05111433575408503,1.963275969062407e-12,0.04645676143882125,-3.61643825289407
SR_Pu_UN_G1_C2_N_D1000.0m_Lw_50000.0cm_Epw1.0cm_w_steel.o,C2,N,1000.0,50000.0,1.0,steel,10,C2_H_10,3.31452e-12,0.1014,3.43342e-13,0.0302,3.1884789423044827e-12,0.10327700224679744,3.467478307309138e-11,0.10619774134608914,2.5939747430272202e-11,0.14357247511751842,-3.802694136572332
SR_Pu_UN_G1_C2_N_D1000.0m_Lw_50000.0cm_Epw10.0cm_w_steel.o,C2,N,1000.0,50000.0,10.0,steel,10,C2_H_10,1.06757e-12,0.0703,1.57564e-13,0.0261,1.029542096412926e-12,0.07190489170778082,1.014331256783478e-11,0.06955648834355234,6.667232988281292e-12,0.10632648433676872,-3.5620993084363524
SR_Pu_UN_G1_C2_N_D100.0m_Lw_5000.0cm_Epw40.0cm_w_steel.o,C2,N,100.0,5000.0,40.0,steel,10,C2_H_10,1.18507e-09,0.009,1.83049e-10,0.0128,1.1329822430406975e-09,0.005973476982850586,1.2362427122169948e-08,0.008005409847335339,6.7452896507226215e-09,0.00828062268939889,-4.395331664737307
SR_Pu_UN_G1_C2_N_D100.0m_Lw_5000.0cm_Epw20.0cm_w_steel.o,C2,N,100.0,5000.0,20.0,steel,10,C2_H_10,3.93795e-09,0.0244,4.54268e-10,0.0214,3.748344910464222e-09,0.02410315409340871,4.6927869647832665e-08,0.029015640224138547,2.7792199554249248e-08,0.029795729302635222,-4.814817088479497
SR_Pu_UN_G1_C2_N_D100.0m_Lw_5000.0cm_Epw1.0cm_w_steel.o,C2,N,100.0,5000.0,1.0,steel,10,C2_H_10,1.43327e-08,0.0452,1.18286e-09,0.0268,1.369703979939192e-08,0.04512743612196342,1.5684892734516884e-07,0.04548511196216149,1.1993395534229283e-07,0.05231608179303602,-4.435034575537624
SR_Pu_UN_G1_C2_N_D1000.0m_Lw_50000.0cm_Epw5.0cm_w_steel.o,C2,N,1000.0,50000.0,5.0,steel,10,C2_H_10,1.79442e-12,0.0472,2.40735e-13,0.0217,1.7248646934947533e-12,0.047449205564766624,1.8019563501090602e-11,0.05352956027073706,1.2134094472683213e-11,0.0724976041869848,-3.876199914470787
SR_Pu_UN_G1_C2_N_D100.0m_Lw_5000.0cm_Epw10.0cm_w_steel.o,C2,N,100.0,5000.0,10.0,steel,10,C2_H_10,7.61792e-09,0.0375,7.09089e-10,0.0283,7.267975039067458e-09,0.03742685338129768,9.160308604472753e-08,0.04100450806065352,6.109467994671454e-08,0.04547355242243333,-4.593707480946797
SR_Pu_UN_G1_C2_N_D10.0m_Lw_500.0cm_Epw40.0cm_w_steel.o,C2,N,10.0,500.0,40.0,steel,10,C2_H_10,1.19117e-07,0.0198,1.23653e-08,0.0273,1.1282279957497338e-07,0.017861320585411414,1.538964952796362e-06,0.015004282881589446,8.413921713467591e-07,0.013751661062256783,-5.284048813373922
SR_Pu_UN_G1_C2_N_D10.0m_Lw_500.0cm_Epw20.0cm_w_steel.o,C2,N,10.0,500.0,20.0,steel,10,C2_H_10,3.74719e-07,0.0166,2.82475e-08,0.0265,3.550475596369782e-07,0.016061835263955153,5.039851523091392e-06,0.016265774252606714,3.120832171274794e-06,0.016258765486676898,-5.2496511687482625
SR_Pu_UN_G1_C2_N_D10.0m_Lw_500.0cm_Epw1.0cm_w_steel.o,C2,N,10.0,500.0,1.0,steel,10,C2_H_10,1.30621e-06,0.0265,6.87543e-08,0.0583,1.2453135638454193e-06,0.02628203563590442,1.4593836406796691e-05,0.029389128295166794,1.2205722509178045e-05,0.02631782013533112,-4.662070888645828
SR_Pu_UN_G1_C2_N_D100.0m_Lw_5000.0cm_Epw5.0cm_w_steel.o,C2,N,100.0,5000.0,5.0,steel,10,C2_H_10,1.02549e-08,0.0396,8.97736e-10,0.0263,9.763409650742304e-09,0.039418296588130404,1.1939947632625033e-07,0.04100455950770949,8.378737533115747e-08,0.04605336420414844,-4.792736635732144
SR_Pu_UN_G1_C2_N_D10.0m_Lw_500.0cm_Epw10.0cm_w_steel.o,C2,N,10.0,500.0,10.0,steel,10,C2_H_10,7.20594e-07,0.0255,4.33046e-08,0.0365,6.850381525803276e-07,0.025366096038864135,9.197994617939093e-06,0.027136983445586876,6.532813973507122e-06,0.026396706320383045,-4.934241392472374
SR_Pu_UN_G1_C2_N_D1.0m_Lw_50.0cm_Epw20.0cm_w_steel.o,C2,N,1.0,50.0,20.0,steel,10,C2_H_10,3.21509e-05,0.0054,1.9315e-06,0.0085,3.0470370742819753e-05,0.0049054146464017475,0.0004494058934984311,0.00510902228755402,0.0002856798197093106,0.005037936429693987,-5.227005331671103
SR_Pu_UN_G1_C2_N_D1.0m_Lw_50.0cm_Epw1.0cm_w_steel.o,C2,N,1.0,50.0,1.0,steel,10,C2_H_10,9.22277e-05,0.0069,3.92811e-06,0.0114,8.787657164394127e-05,0.006906522156442537,0.0010362140474081652,0.007853165454295362,0.0008880962642749686,0.007021533844634425,-4.717810761906382
SR_Pu_UN_G1_C2_N_D1.0m_Lw_50.0cm_Epw10.0cm_w_steel.o,C2,N,1.0,50.0,10.0,steel,10,C2_H_10,5.72545e-05,0.0078,2.74235e-06,0.0138,5.4386810642554464e-05,0.007574960300514505,0.0007416768630043426,0.007983742318178336,0.0005437504130458438,0.007723336343937526,-5.00867068517852
SR_Pu_UN_G1_C2_N_D10.0m_Lw_500.0cm_Epw5.0cm_w_steel.o,C2,N,10.0,500.0,5.0,steel,10,C2_H_10,1.06274e-06,0.0255,5.8206e-08,0.0442,1.0128523127069806e-06,0.025487963468423417,1.2680997936284326e-05,0.02729654565117953,9.87266576287782e-06,0.025808867632057638,-4.6942513966745825
SR_Pu_UN_G1_C2_N_D700.0m_Lw_35000.0cm_Epw40.0cm_w_steel.o,C2,N,700.0,35000.0,40.0,steel,10,C2_H_10,1.25026e-12,0.0139,2.79766e-13,0.0173,1.212449943260104e-12,0.006026632719946333,8.742265574006644e-12,0.01091802369808382,4.886378017368061e-12,0.01153442383942474,-3.0241755106854535
SR_Pu_UN_G1_C2_N_D700.0m_Lw_35000.0cm_Epw5.0cm_w_steel.o,C2,N,700.0,35000.0,5.0,steel,10,C2_H_10,1.63525e-11,0.041,2.18403e-12,0.0233,1.5667885978850288e-11,0.040150341446380564,1.702035365509061e-10,0.05275986304219068,1.1054343921397503e-10,0.05993693542481448,-4.186601566425388
SR_Pu_UN_G1_C2_N_D200.0m_Lw_10000.0cm_Epw5.0cm_w_steel.o,C2,N,200.0,10000.0,5.0,steel,10,C2_H_10,2.05611e-09,0.058,2.07024e-10,0.0317,1.964293375952514e-09,0.057762532033343174,2.2623932476490685e-08,0.059256758192322075,1.5920913624911775e-08,0.07170985742622708,-4.465550191744886
SR_Pu_UN_G1_C2_P_D700.0m_Lw_35000.0cm_Epw20.0cm_w_lead.o,C2,P,700.0,35000.0,20.0,lead,10,C2_H_10,1.29734e-12,0.0286,2.86813e-13,0.0278,1.3049223763702419e-12,0.028348694728905645,1.2840282375593754e-12,0.028559375978020034,1.0977611300317843e-12,0.028790565791361668,
SR_Pu_UN_G1_C2_P_D700.0m_Lw_35000.0cm_Epw1.0cm_w_lead.o,C2,P,700.0,35000.0,1.0,lead,10,C2_H_10,6.07998e-12,0.0956,1.54614e-12,0.0418,6.101901589008573e-12,0.0953916853700563,6.0025970587827366e-12,0.09596272962654473,5.136999376820241e-12,0.09738948912195781,
SR_Pu_UN_G1_C2_P_D5.0m_Lw_250.0cm_Epw5.0cm_w_lead.o,C2,P,5.0,250.0,5.0,lead,10,C2_H_10,2.41456e-07,0.0107,3.96409e-08,0.0268,2.420387601245981e-07,0.010482241546397666,2.403249886472675e-07,0.010286602465332598,2.083686407986239e-07,0.010072294875928143,
SR_Pu_UN_G1_C2_P_D700.0m_Lw_35000.0cm_Epw10.0cm_w_lead.o,C2,P,700.0,35000.0,10.0,lead,10,C2_H_10,1.80459e-12,0.0538,4.12454e-13,0.06,1.8171591871372448e-12,0.05399900498417647,1.7850689988986195e-12,0.053980847530360435,1.5239183156294511e-12,0.05409672035330552,
SR_Pu_UN_G1_C2_P_D500.0m_Lw_25000.0cm_Epw40.0cm_w_lead.o,C2,P,500.0,25000.0,40.0,lead,10,C2_H_10,3.64376e-12,0.0139,7.51654e-13,0.0161,3.667419600165833e-12,0.013739601145442646,3.6083974230698035e-12,0.013772543031437458,3.0822434846013984e-12,0.013778713380900514,
SR_Pu_UN_G1_C2_P_D500.0m_Lw_25000.0cm_Epw20.0cm_w_lead.o,C2,P,500.0,25000.0,20.0,lead,10,C2_H_10,5.55735e-12,0.0227,1.1936e-12,0.0354,5.589623764116794e-12,0.02254280874967158,5.499508624954637e-12,0.02253165775554405,4.7097083440339045e-12,0.022569835418593826,
SR_Pu_UN_G1_C2_P_D500.0m_Lw_25000.0cm_Epw1.0cm_w_lead.o,C2,P,500.0,25000.0,1.0,lead,10,C2_H_10,3.10312e-11,0.2745,6.61325e-12,0.1101,3.1037348770956847e-11,0.2700561285133967,3.064580979729314e-11,0.27154466147302325,2.6419694422946713e-11,0.2755477916608558,
SR_Pu_UN_G1_C2_P_D300.0m_Lw_15000.0cm_Epw5.0cm_w_lead.o,C2,P,300.0,15000.0,5.0,lead,10,C2_H_10,6.13459e-11,0.0655,1.37743e-11,0.0662,6.176327767663857e-11,0.06608225251277983,6.075817036843283e-11,0.06625249937776172,5.2153922523242174e-11,0.06767943453113452,
SR_Pu_UN_G1_C2_P_D500.0m_Lw_25000.0cm_Epw10.0cm_w_lead.o,C2,P,500.0,25000.0,10.0,lead,10,C2_H_10,8.42013e-12,0.0575,1.85259e-12,0.0858,8.460086643945525e-12,0.05693214867148405,8.322312054698679e-12,0.05704456795131532,7.134508200278574e-12,0.056881637889782635,
SR_Pu_UN_G1_C2_P_D50.0m_Lw_2500.0cm_Epw40.0cm_w_lead.o,C2,P,50.0,2500.0,40.0,lead,10,C2_H_10,6.82082e-10,0.0063,1.13309e-10,0.0112,6.858417178915215e-10,0.005573027116580364,6.772025880645031e-10,0.0055639520874525665,5.82712965648608e-10,0.005549041966103718,
SR_Pu_UN_G1_C2_P_D50.0m_Lw_2500.0cm_Epw20.0cm_w_lead.o,C2,P,50.0,2500.0,20.0,lead,10,C2_H_10,1.13047e-09,0.0099,1.87537e-10,0.0173,1.1375119887012548e-09,0.00988759647207671,1.1233546075560756e-09,0.009901136603704192,9.668292136332042e-10,0.00993316470982341,
SR_Pu_UN_G1_C2_P_D50.0m_Lw_2500.0cm_Epw1.0cm_w_lead.o,C2,P,50.0,2500.0,1.0,lead,10,C2_H_10,9.50326e-09,0.0411,1.6263e-09,0.0299,9.529948452505794e-09,0.04106388666336826,9.45896711770872e-09,0.041237232366982984,8.192472691947852e-09,0.04148079326940116,
SR_Pu_UN_G1_C2_P_D500.0m_Lw_25000.0cm_Epw5.0cm_w_lead.o,C2,P,500.0,25000.0,5.0,lead,10,C2_H_10,1.17732e-11,0.1338,2.5186e-12,0.0761,1.1810968529632323e-11,0.13165560022980238,1.164403431358728e-11,0.1329897176232412,9.964370457341518e-12,0.1360724754141956,
SR_Pu_UN_G1_C2_P_D50.0m_Lw_2500.0cm_Epw10.0cm_w_lead.o,C2,P,50.0,2500.0,10.0,lead,10,C2_H_10,1.75082e-09,0.0216,2.88981e-10,0.0254,1.760297963775217e-09,0.021367828803862097,1.740319584830052e-09,0.021544536273079173,1.4996060370929696e-09,0.0217323415250378,
SR_Pu_UN_G1_C2_P_D5.0m_Lw_250.0cm_Epw40.0cm_w_lead.o,C2,P,5.0,250.0,40.0,lead,10,C2_H_10,2.61762e-08,0.0096,4.1241e-09,0.0278,2.6328782352972764e-08,0.00956941482459003,2.6034044254133867e-08,0.00952114450698285,2.243728720671761e-08,0.009420724276652637,
SR_Pu_UN_G1_C2_P_D5.0m_Lw_250.0cm_Epw20.0cm_w_lead.o,C2,P,5.0,250.0,20.0,lead,10,C2_H_10,4.72373e-08,0.012,7.72712e-09,0.0249,4.7496570255587825e-08,0.011804497929504287,4.698150970210596e-08,0.011769390913944862,4.0524319231029115e-08,0.01172289370907487,
SR_Pu_UN_G1_C2_P_D5.0m_Lw_250.0cm_Epw1.0cm_w_lead.o,C2,P,5.0,250.0,1.0,lead,10,C2_H_10,9.58539e-07,0.0055,1.63705e-07,0.0159,9.598289041760572e-07,0.005454262078581718,9.533624906125711e-07,0.005319895047889834,8.271011517649203e-07,0.005205081629560405,
SR_Pu_UN_G1_C2_P_D50.0m_Lw_2500.0cm_Epw5.0cm_w_lead.o,C2,P,50.0,2500.0,5.0,lead,10,C2_H_10,3.08826e-09,0.0371,5.10488e-10,0.0307,3.10045033810834e-09,0.036703098227487435,3.0696194589023856e-09,0.03693258974004421,2.6526102377423886e-09,0.03725086166350192,
SR_Pu_UN_G1_C2_P_D5.0m_Lw_250.0cm_Epw10.0cm_w_lead.o,C2,P,5.0,250.0,10.0,lead,10,C2_H_10,8.9543e-08,0.0134,1.41841e-08,0.0188,9.002184308745316e-08,0.013284649225424664,8.923893449515457e-08,0.013309561796843599,7.716702286144386e-08,0.013290645216983287,
SR_Pu_UN_G1_C2_P_D300.0m_Lw_15000.0cm_Epw40.0cm_w_lead.o,C2,P,300.0,15000.0,40.0,lead,10,C2_H_10,2.12333e-11,0.0304,4.09297e-12,0.027,2.1367847475951353e-11,0.030166260208114058,2.104877981300303e-11,0.030233645954779256,1.806681159776228e-11,0.031110720506135944,
SR_Pu_UN_G1_C2_P_D300.0m_Lw_15000.0cm_Epw20.0cm_w_lead.o,C2,P,300.0,15000.0,20.0,lead,10,C2_H_10,3.20059e-11,0.0244,6.34618e-12,0.035,3.2237121686363675e-11,0.024718937156042925,3.1739928461616835e-11,0.024457499559246455,2.718287322804508e-11,0.02378887288999161,
SR_Pu_UN_G1_C2_P_D300.0m_Lw_15000.0cm_Epw1.0cm_w_lead.o,C2,P,300.0,15000.0,1.0,lead,10,C2_H_10,1.35909e-10,0.1727,3.00426e-11,0.0639,1.3661687017618301e-10,0.17179786550696008,1.3456407180940055e-10,0.17229036715934615,1.1534565803872593e-10,0.17276260269081115,
SR_Pu_UN_G1_C2_P_D2.0m_Lw_100.0cm_Epw5.0cm_w_lead.o,C2,P,2.0,100.0,5.0,lead,10,C2_H_10,1.25609e-06,0.0056,1.97953e-07,0.0121,1.260041592096398e-06,0.005633843978088561,1.252412766582413e-06,0.005600594417691965,1.087462975480652e-06,0.005542964076374337,
SR_Pu_UN_G1_C2_P_D300.0m_Lw_15000.0cm_Epw10.0cm_w_lead.o,C2,P,300.0,15000.0,10.0,lead,10,C2_H_10,4.28793e-11,0.0308,9.18449e-12,0.0469,4.311281508290132e-11,0.030361734564285224,4.244022746740312e-11,0.03037376790618311,3.6316171183422354e-11,0.030462643777048545,
SR_Pu_UN_G1_C2_P_D200.0m_Lw_10000.0cm_Epw40.0cm_w_lead.o,C2,P,200.0,10000.0,40.0,lead,10,C2_H_10,5.73782e-11,0.0064,1.09306e-11,0.0145,5.773866976702682e-11,0.005971701623876732,5.6898648774208735e-11,0.005946309259958929,4.880294288516895e-11,0.005918031749503679,
SR_Pu_UN_G1_C2_P_D200.0m_Lw_10000.0cm_Epw20.0cm_w_lead.o,C2,P,200.0,10000.0,20.0,lead,10,C2_H_10,8.87966e-11,0.0158,1.6141e-11,0.0337,8.933264797120113e-11,0.01572008893055089,8.807695443773836e-11,0.015628726396621245,7.562196547758101e-11,0.015517566140441886,
SR_Pu_UN_G1_C2_P_D200.0m_Lw_10000.0cm_Epw1.0cm_w_lead.o,C2,P,200.0,10000.0,1.0,lead,10,C2_H_10,4.35086e-10,0.1119,9.43309e-11,0.0599,4.363037357863769e-10,0.111526768546737,4.313285553721906e-10,0.1129510658603599,3.7173699222423917e-10,0.11449474919001103,
SR_Pu_UN_G1_C2_P_D1200.0m_Lw_60000.0cm_Epw5.0cm_w_lead.o,C2,P,1200.0,60000.0,5.0,lead,10,C2_H_10,1.16548e-13,0.1926,2.60216e-14,0.0742,1.170945518327161e-13,0.19180588014505837,1.148795172523963e-13,0.1918225907157592,9.770034179340467e-14,0.19114181712390174,
SR_Pu_UN_G1_C2_P_D200.0m_Lw_10000.0cm_Epw10.0cm_w_lead.o,C2,P,200.0,10000.0,10.0,lead,10,C2_H_10,1.55617e-10,0.1718,2.52761e-11,0.0646,1.574525427604854e-10,0.17621690907583656,1.5455681410817133e-10,0.17227986810367651,1.31100701545101e-10,0.16168366671180917,
SR_Pu_UN_G1_C2_P_D20.0m_Lw_1000.0cm_Epw40.0cm_w_lead.o,C2,P,20.0,1000.0,40.0,lead,10,C2_H_10,2.59856e-09,0.0051,4.0889e-10,0.0078,2.613221018896052e-09,0.00373392922117515,2.5822880810922944e-09,0.003733415009108257,2.2241020495242227e-09,0.003727396898519075,
SR_Pu_UN_G1_C2_P_D20.0m_Lw_1000.0cm_Epw20.0cm_w_lead.o,C2,P,20.0,1000.0,20.0,lead,10,C2_H_10,4.69463e-09,0.0115,7.56544e-10,0.0217,4.721562552528189e-09,0.011447643218091493,4.667413189073018e-09,0.011435160773404722,4.020989640453219e-09,0.01133912069784881,
SR_Pu_UN_G1_C2_P_D20.0m_Lw_1000.0cm_Epw1.0cm_w_lead.o,C2,P,20.0,1000.0,1.0,lead,10,C2_H_10,6.03942e-08,0.0046,1.00602e-08,0.0069,6.047669005171102e-08,0.004598777852848751,6.007424049963236e-08,0.004592422191261086,5.2117870437844726e-08,0.00458403335020251,
SR_Pu_UN_G1_C2_P_D1200.0m_Lw_60000.0cm_Epw40.0cm_w_lead.o,C2,P,1200.0,60000.0,40.0,lead,10,C2_H_10,2.36885e-14,0.0359,5.29225e-15,0.0219,2.3850984934929265e-14,0.03590922237512608,2.3425973721677084e-14,0.03611209042676187,1.9978906827127048e-14,0.03642608617120622,
SR_Pu_UN_G1_C2_P_D20.0m_Lw_1000.0cm_Epw10.0cm_w_lead.o,C2,P,20.0,1000.0,10.0,lead,10,C2_H_10,7.87607e-09,0.0133,1.26913e-09,0.0201,7.914599821795604e-09,0.013252326997652445,7.832465553907742e-09,0.013271798089783612,6.76043440663363e-09,0.013305291841621296,
SR_Pu_UN_G1_C2_P_D2.0m_Lw_100.0cm_Epw40.0cm_w_lead.o,C2,P,2.0,100.0,40.0,lead,10,C2_H_10,7.77994e-08,0.0087,1.32363e-08,0.0163,7.832502207219087e-08,0.00850469356671215,7.745866038702439e-08,0.008527510590481091,6.675100628840591e-08,0.008536419205822458,
SR_Pu_UN_G1_C2_P_D2.0m_Lw_100.0cm_Epw20.0cm_w_lead.o,C2,P,2.0,100.0,20.0,lead,10,C2_H_10,1.80952e-07,0.0133,3.08451e-08,0.023,1.8219330298814406e-07,0.0130640717155499,1.8038377435081472e-07,0.013084805910952109,1.5564406802115973e-07,0.01306809193614436,
SR_Pu_UN_G1_C2_P_D2.0m_Lw_100.0cm_Epw1.0cm_w_lead.o,C2,P,2.0,100.0,1.0,lead,10,C2_H_10,5.44816e-06,0.003,9.07632e-07,0.0108,5.454809991623449e-06,0.0029586290921537793,5.4204313203915926e-06,0.0028979836720724023,4.705173231424271e-06,0.0028347805066406967,
SR_Pu_UN_G1_C2_P_D20.0m_Lw_1000.0cm_Epw5.0cm_w_lead.o,C2,P,20.0,1000.0,5.0,lead,10,C2_H_10,1.6482e-08,0.0107,2.60745e-09,0.0184,1.654027699218186e-08,0.010657809242087953,1.64091803394947e-08,0.010636538506439967,1.4214301970392618e-08,0.010591694593362394,
SR_Pu_UN_G1_C2_P_D2.0m_Lw_100.0cm_Epw10.0cm_w_lead.o,C2,P,2.0,100.0,10.0,lead,10,C2_H_10,4.05258e-07,0.0108,6.77325e-08,0.0202,4.0742428320719665e-07,0.010708304041306415,4.040959527346543e-07,0.010684216421002405,3.4969970873011806e-07,0.010637595928810866,
SR_Pu_UN_G1_C2_P_D1200.0m_Lw_60000.0cm_Epw20.0cm_w_lead.o,C2,P,1200.0,60000.0,20.0,lead,10,C2_H_10,4.53091e-14,0.103,9.51353e-15,0.0371,4.5763408829104004e-14,0.10536064817276486,4.485479468556216e-14,0.10357847443106805,3.804152016961488e-14,0.09853921669195839,
SR_Pu_UN_G1_C2_P_D1200.0m_Lw_60000.0cm_Epw1.0cm_w_lead.o,C2,P,1200.0,60000.0,1.0,lead,10,C2_H_10,2.58219e-13,0.1256,7.35415e-14,0.0567,2.5966111061218347e-13,0.12613768609518844,2.55122467915821e-13,0.12701512456851385,2.173263462760757e-13,0.12865414104342868,
SR_Pu_UN_G1_C2_P_D1200.0m_Lw_60000.0cm_Epw10.0cm_w_lead.o,C2,P,1200.0,60000.0,10.0,lead,10,C2_H_10,1.01274e-13,0.4018,1.51646e-14,0.1315,1.031514657275117e-13,0.4092377076006673,1.0061607975337289e-13,0.4033228036849177,8.370534362337199e-14,0.3872361299617153,
SR_Pu_UN_G1_C2_P_D1.0m_Lw_50.0cm_Epw5.0cm_w_lead.o,C2,P,1.0,50.0,5.0,lead,10,C2_H_10,3.91833e-06,0.0063,6.08058e-07,0.0156,3.928909765713459e-06,0.0062209624590699505,3.908766091196811e-06,0.006156228028396802,3.3971769543559265e-06,0.00603559500852739,
SR_Pu_UN_G1_C2_P_D1.0m_Lw_50.0cm_Epw40.0cm_w_lead.o,C2,P,1.0,50.0,40.0,lead,10,C2_H_10,8.92506e-08,0.0663,1.37423e-08,0.0875,9.029365316028641e-08,0.06436787732939954,8.963512657713612e-08,0.06437553840474132,7.732581212708118e-08,0.0638788513816658,
SR_Pu_UN_G1_C2_P_D1000.0m_Lw_50000.0cm_Epw40.0cm_w_lead.o,C2,P,1000.0,50000.0,40.0,lead,10,C2_H_10,9.02685e-14,0.0302,1.95733e-14,0.0191,9.084669386055469e-14,0.029992687348198283,8.92563894772619e-14,0.030039462484434114,7.610668273656924e-14,0.030180182075514705,
SR_Pu_UN_G1_C2_P_D1000.0m_Lw_50000.0cm_Epw20.0cm_w_lead.o,C2,P,1000.0,50000.0,20.0,lead,10,C2_H_10,1.62079e-13,0.0356,3.66175e-14,0.0288,1.633054004986532e-13,0.0357379175233511,1.6046385776236322e-13,0.03583423607531572,1.3688282217036922e-13,0.03597381965960029,
SR_Pu_UN_G1_C2_P_D1000.0m_Lw_50000.0cm_Epw1.0cm_w_lead.o,C2,P,1000.0,50000.0,1.0,lead,10,C2_H_10,7.12661e-13,0.0864,2.29221e-13,0.0468,7.14786715355267e-13,0.0857492813109402,7.017421132680141e-13,0.08682421640629094,5.993244494717438e-13,0.08881514347080878,
SR_Pu_UN_G1_C2_P_D1000.0m_Lw_50000.0cm_Epw10.0cm_w_lead.o,C2,P,1000.0,50000.0,10.0,lead,10,C2_H_10,2.77943e-13,0.1059,5.4765e-14,0.0633,2.798274564117552e-13,0.10613656687368629,2.749028899945281e-13,0.10617069982956723,2.3426031755532404e-13,0.10631921553809534,
SR_Pu_UN_G1_C2_P_D100.0m_Lw_5000.0cm_Epw40.0cm_w_lead.o,C2,P,100.0,5000.0,40.0,lead,10,C2_H_10,2.25983e-10,0.0056,3.86778e-11,0.0113,2.2735712039837902e-10,0.005309056687123136,2.2436134666511394e-10,0.005298895208855055,1.9282301733128084e-10,0.005282180940786262,
SR_Pu_UN_G1_C2_P_D100.0m_Lw_5000.0cm_Epw20.0cm_w_lead.o,C2,P,100.0,5000.0,20.0,lead,10,C2_H_10,3.52726e-10,0.0115,6.21165e-11,0.0277,3.547978894755728e-10,0.01141071666898585,3.500198610841956e-10,0.011366396722174666,3.007596744655316e-10,0.011320736461394688,
SR_Pu_UN_G1_C2_P_D100.0m_Lw_5000.0cm_Epw1.0cm_w_lead.o,C2,P,100.0,5000.0,1.0,lead,10,C2_H_10,2.02028e-09,0.0807,3.97455e-10,0.047,2.028588167734586e-09,0.08069593795593327,2.006398252900621e-09,0.08114948020884566,1.7331624508378057e-09,0.08199511335072958,
SR_Pu_UN_G1_C2_P_D1000.0m_Lw_50000.0cm_Epw5.0cm_w_lead.o,C2,P,1000.0,50000.0,5.0,lead,10,C2_H_10,3.57262e-13,0.0844,8.66203e-14,0.0607,3.596010200514549e-13,0.08419077508858908,3.5370257797094753e-13,0.08471386586841514,3.0274941515652044e-13,0.08545076663845436,
SR_Pu_UN_G1_C2_P_D100.0m_Lw_5000.0cm_Epw10.0cm_w_lead.o,C2,P,100.0,5000.0,10.0,lead,10,C2_H_10,5.25968e-10,0.035,9.49066e-11,0.0578,5.294142694001409e-10,0.03506964638383731,5.226159523183683e-10,0.03526774407596331,4.493409943061561e-10,0.0353326557558902,
SR_Pu_UN_G1_C2_P_D10.0m_Lw_500.0cm_Epw40.0cm_w_lead.o,C2,P,10.0,500.0,40.0,lead,10,C2_H_10,7.95645e-09,0.007,1.25456e-09,0.0172,8.000728253433126e-09,0.006892629931207255,7.907486458232482e-09,0.0068161382054004425,6.811910338211598e-09,0.006728265055683706,
SR_Pu_UN_G1_C2_P_D10.0m_Lw_500.0cm_Epw20.0cm_w_lead.o,C2,P,10.0,500.0,20.0,lead,10,C2_H_10,1.44879e-08,0.011,2.41957e-09,0.0229,1.4567922916154447e-08,0.010967876467361954,1.4403598895832569e-08,0.010949014055496625,1.2416281491930984e-08,0.010910285282803769,
SR_Pu_UN_G1_C2_P_D10.0m_Lw_500.0cm_Epw1.0cm_w_lead.o,C2,P,10.0,500.0,1.0,lead,10,C2_H_10,2.41969e-07,0.0069,4.09431e-08,0.0163,2.423774254776421e-07,0.007000965842580656,2.407925894024396e-07,0.00690975739818586,2.0892716577187637e-07,0.006787939155017525,
SR_Pu_UN_G1_C2_P_D100.0m_Lw_5000.0cm_Epw5.0cm_w_lead.o,C2,P,100.0,5000.0,5.0,lead,10,C2_H_10,8.89563e-10,0.0708,1.5068e-10,0.0497,8.938209266031279e-10,0.07063533180115548,8.841300710045407e-10,0.07104540530746953,7.623751012011909e-10,0.07175505259292224,
SR_Pu_UN_G1_C2_P_D10.0m_Lw_500.0cm_Epw10.0cm_w_lead.o,C2,P,10.0,500.0,10.0,lead,10,C2_H_10,2.56498e-08,0.0161,4.39551e-09,0.0606,2.578428503412636e-08,0.016073236822663584,2.5522633947498524e-08,0.015927856096312632,2.2040655165302534e-08,0.015771059539071954,
SR_Pu_UN_G1_C2_P_D1.0m_Lw_50.0cm_Epw1.0cm_w_lead.o,C2,P,1.0,50.0,1.0,lead,10,C2_H_10,1.85073e-05,0.0019,2.95211e-06,0.0042,1.8531880643409794e-05,0.0018548682615089098,1.8429652900391452e-05,0.0018442441831430345,1.6009378194863185e-05,0.0018398073571699737,
SR_Pu_UN_G1_C2_P_D1.0m_Lw_50.0cm_Epw20.0cm_w_lead.o,C2,P,1.0,50.0,20.0,lead,10,C2_H_10,3.39195e-07,0.0106,6.04691e-08,0.0216,3.4253105324394733e-07,0.010367873560400656,3.3972224976456e-07,0.010334680297431027,2.9346030714445415e-07,0.010310334904040082,
SR_Pu_UN_G1_C2_P_D1.0m_Lw_50.0cm_Epw10.0cm_w_lead.o,C2,P,1.0,50.0,10.0,lead,10,C2_H_10,9.93027e-07,0.0074,1.62439e-07,0.0121,9.999998468445908e-07,0.007276279842626251,9.938101954366842e-07,0.0072546387549226035,8.615756145455268e-07,0.0072365827678067575,
SR_Pu_UN_G1_C2_P_D10.0m_Lw_500.0cm_Epw5.0cm_w_lead.o,C2,P,10.0,500.0,5.0,lead,10,C2_H_10,6.11203e-08,0.0096,9.73765e-09,0.0177,6.129222566747647e-08,0.009628935236256169,6.085367451057713e-08,0.009601294623838673,5.2769501292851145e-08,0.009515156589605537,
SR_Pu_UN_G1_C2_P_D700.0m_Lw_35000.0cm_Epw40.0cm_w_lead.o,C2,P,700.0,35000.0,40.0,lead,10,C2_H_10,7.82361e-13,0.0166,1.67629e-13,0.0171,7.876079263035548e-13,0.01634486587268513,7.743744025436273e-13,0.01633767413816025,6.607458676074897e-13,0.016256068764190373,
SR_Pu_UN_G1_C2_P_D700.0m_Lw_35000.0cm_Epw5.0cm_w_lead.o,C2,P,700.0,35000.0,5.0,lead,10,C2_H_10,2.58263e-12,0.0582,5.81908e-13,0.0456,2.598047957584931e-12,0.058090610271407585,2.554785301520639e-12,0.05848145774696888,2.1823100309681944e-12,0.05897159767010108,
SR_Pu_UN_G1_C2_P_D200.0m_Lw_10000.0cm_Epw5.0cm_w_lead.o,C2,P,200.0,10000.0,5.0,lead,10,C2_H_10,1.75409e-10,0.0382,3.54891e-11,0.044,1.7659483566268493e-10,0.03816980225512577,1.743337955134755e-10,0.03865370021972244,1.4993992620567724e-10,0.03899606461151694,
SR_Pu_UN_G1_C2_N_D700.0m_Lw_35000.0cm_Epw20.0cm_w_lead.o,C2,N,700.0,35000.0,20.0,lead,10,C2_H_10,1.07079e-11,0.0392,1.52587e-12,0.0182,1.0278330572871663e-11,0.03878926829444707,1.0637361222304121e-10,0.04793615103590781,6.957952012869193e-11,0.06106415919570759,-4.011705629753147
SR_Pu_UN_G1_C2_N_D700.0m_Lw_35000.0cm_Epw1.0cm_w_lead.o,C2,N,700.0,35000.0,1.0,lead,10,C2_H_10,4.22786e-11,0.2015,3.40534e-12,0.0547,4.024911732932538e-11,0.1978058018164317,4.3341960189326744e-10,0.16972869917962088,3.4274169495970286e-10,0.21920870719282584,-4.800259873019964
SR_Pu_UN_G1_C2_N_D5.0m_Lw_250.0cm_Epw5.0cm_w_lead.o,C2,N,5.0,250.0,5.0,lead,10,C2_H_10,4.96683e-06,0.0181,2.63577e-07,0.0291,4.7329782485134935e-06,0.017973442702777488,5.746343287061857e-05,0.019762623024966668,4.661615272032592e-05,0.018708075532663567,-4.70826969085929
SR_Pu_UN_G1_C2_N_D700.0m_Lw_35000.0cm_Epw10.0cm_w_lead.o,C2,N,700.0,35000.0,10.0,lead,10,C2_H_10,2.12293e-11,0.1138,2.3146e-12,0.0306,2.0319600546204305e-11,0.11171525667753265,2.216329047444283e-10,0.09243433593482013,1.5634183511864567e-10,0.13412325280371099,-4.285112810105351
SR_Pu_UN_G1_C2_N_D500.0m_Lw_25000.0cm_Epw40.0cm_w_lead.o,C2,N,500.0,25000.0,40.0,lead,10,C2_H_10,2.62775e-11,0.0162,4.3506e-12,0.0153,2.524592862710888e-11,0.014384103419701715,2.5239760985659917e-10,0.02090316691546594,1.4837640157732457e-10,0.023932888788310073,-3.9256830858762095
SR_Pu_UN_G1_C2_N_D500.0m_Lw_25000.0cm_Epw20.0cm_w_lead.o,C2,N,500.0,25000.0,20.0,lead,10,C2_H_10,5.87549e-11,0.0528,7.82819e-12,0.0247,5.6280240946206185e-11,0.052198299464557105,5.99457513698149e-10,0.0558578443542164,3.92529808986876e-10,0.07231550482844916,-4.211834338572301
SR_Pu_UN_G1_C2_N_D500.0m_Lw_25000.0cm_Epw1.0cm_w_lead.o,C2,N,500.0,25000.0,1.0,lead,10,C2_H_10,1.56076e-10,0.1402,1.5093e-11,0.0368,1.4901999371702736e-10,0.1376657054420948,1.5781480485544005e-09,0.10725560050461248,1.2039405846624262e-09,0.15848026142087937,-4.5208784713682135
SR_Pu_UN_G1_C2_N_D300.0m_Lw_15000.0cm_Epw5.0cm_w_lead.o,C2,N,300.0,15000.0,5.0,lead,10,C2_H_10,7.43552e-10,0.062,7.45389e-11,0.0328,7.077226739579313e-10,0.06091660116940219,8.266283491211281e-09,0.06919773816420538,5.824419363194521e-09,0.07764301964389894,-4.8186711947609115
SR_Pu_UN_G1_C2_N_D500.0m_Lw_25000.0cm_Epw10.0cm_w_lead.o,C2,N,500.0,25000.0,10.0,lead,10,C2_H_10,8.92612e-11,0.0763,1.00951e-11,0.0369,8.560041360751204e-11,0.07604221501717749,9.909969886236993e-10,0.0960469944939838,6.644807537785312e-10,0.10546658659845039,-4.101206786921937
SR_Pu_UN_G1_C2_N_D50.0m_Lw_2500.0cm_Epw40.0cm_w_lead.o,C2,N,50.0,2500.0,40.0,lead,10,C2_H_10,1.40572e-08,0.0092,1.48785e-09,0.0233,1.3381570303732656e-08,0.0046999550622495116,1.7163537340277302e-07,0.00484069423521143,1.051397366186532e-07,0.0049415071666180305,-4.80628927714868
SR_Pu_UN_G1_C2_N_D50.0m_Lw_2500.0cm_Epw20.0cm_w_lead.o,C2,N,50.0,2500.0,20.0,lead,10,C2_H_10,2.81898e-08,0.012,2.42536e-09,0.0136,2.684271870750553e-08,0.011846140763960062,3.415852812146277e-07,0.013008375519066737,2.3430437337386256e-07,0.013338491983222171,-4.778612450228336
SR_Pu_UN_G1_C2_N_D50.0m_Lw_2500.0cm_Epw1.0cm_w_lead.o,C2,N,50.0,2500.0,1.0,lead,10,C2_H_10,5.75939e-08,0.028,4.27203e-09,0.0193,5.499904468138602e-08,0.02790481660679325,6.215425978603478e-07,0.02834593609272018,4.99040902161076e-07,0.03180563487796265,-4.505434288377725
SR_Pu_UN_G1_C2_N_D500.0m_Lw_25000.0cm_Epw5.0cm_w_lead.o,C2,N,500.0,25000.0,5.0,lead,10,C2_H_10,1.28132e-10,0.0956,1.29374e-11,0.0333,1.2223552085788347e-10,0.0940921666144411,1.3569230544250633e-09,0.08117405933438797,9.889223875628315e-10,0.11177512684053911,-4.601878642428528
SR_Pu_UN_G1_C2_N_D50.0m_Lw_2500.0cm_Epw10.0cm_w_lead.o,C2,N,50.0,2500.0,10.0,lead,10,C2_H_10,4.10204e-08,0.018,3.27873e-09,0.0181,3.907859408501761e-08,0.017826584095604926,4.794612991110804e-07,0.01946318205815512,3.51004767884513e-07,0.020186908230122372,-4.733756655182281
SR_Pu_UN_G1_C2_N_D5.0m_Lw_250.0cm_Epw40.0cm_w_lead.o,C2,N,5.0,250.0,40.0,lead,10,C2_H_10,1.39557e-06,0.0083,1.00859e-07,0.0126,1.3234222443657756e-06,0.007894859825937989,1.8836239442458354e-05,0.008282690360251494,1.195714583316272e-05,0.008330743277056431,-5.169769745281456
SR_Pu_UN_G1_C2_N_D5.0m_Lw_250.0cm_Epw20.0cm_w_lead.o,C2,N,5.0,250.0,20.0,lead,10,C2_H_10,2.79063e-06,0.0137,1.62845e-07,0.0202,2.653839679268445e-06,0.013578682190104767,3.571706920922667e-05,0.014369422245285432,2.58249987301125e-05,0.014099546730819918,-4.901772027519054
SR_Pu_UN_G1_C2_N_D5.0m_Lw_250.0cm_Epw1.0cm_w_lead.o,C2,N,5.0,250.0,1.0,lead,10,C2_H_10,5.38921e-06,0.023,2.74298e-07,0.0404,5.134683467691458e-06,0.022784571029752017,5.973401151186662e-05,0.026063074950716716,5.0667251001285194e-05,0.023701452957508265,-4.722891338592148
SR_Pu_UN_G1_C2_N_D50.0m_Lw_2500.0cm_Epw5.0cm_w_lead.o,C2,N,50.0,2500.0,5.0,lead,10,C2_H_10,5.11943e-08,0.0214,3.96619e-09,0.0195,4.882447610906307e-08,0.021255676569450765,5.766111804851303e-07,0.023091861526291474,4.4088293501601937e-07,0.024130029304688855,-4.629077633519608
SR_Pu_UN_G1_C2_N_D5.0m_Lw_250.0cm_Epw10.0cm_w_lead.o,C2,N,5.0,250.0,10.0,lead,10,C2_H_10,4.02634e-06,0.019,2.24265e-07,0.0345,3.832275213768856e-06,0.018867707650885888,4.760429894540905e-05,0.01976289755912769,3.7533382042636514e-05,0.019226524193926956,-4.819880741098461
SR_Pu_UN_G1_C2_N_D300.0m_Lw_15000.0cm_Epw40.0cm_w_lead.o,C2,N,300.0,15000.0,40.0,lead,10,C2_H_10,2.11731e-10,0.0534,3.54485e-11,0.0929,2.0328640993047057e-10,0.016988835303559158,2.021613710745242e-09,0.017642044722635447,1.1810306390521678e-09,0.019188593552914315,-3.9883579020216406
SR_Pu_UN_G1_C2_N_D300.0m_Lw_15000.0cm_Epw20.0cm_w_lead.o,C2,N,300.0,15000.0,20.0,lead,10,C2_H_10,3.98249e-10,0.0427,4.94534e-11,0.0246,3.807756886232321e-10,0.04241262584973134,4.293296113968502e-09,0.04965410364211688,2.787421675517674e-09,0.060310610160243125,-4.3875342754829
SR_Pu_UN_G1_C2_N_D300.0m_Lw_15000.0cm_Epw1.0cm_w_lead.o,C2,N,300.0,15000.0,1.0,lead,10,C2_H_10,8.6703e-10,0.0911,8.06076e-11,0.0334,8.296758248668172e-10,0.09252136714894872,9.287020648466826e-09,0.08197651575961211,6.938242564280057e-09,0.11057203245557003,-4.30829096261753
SR_Pu_UN_G1_C2_N_D2.0m_Lw_100.0cm_Epw5.0cm_w_lead.o,C2,N,2.0,100.0,5.0,lead,10,C2_H_10,2.7129e-05,0.0148,1.27991e-06,0.0238,2.581877001852964e-05,0.014575013392054708,0.00031361457159663806,0.01601033118654777,0.00025919669471063695,0.014907199185393231,-4.829628742196027
SR_Pu_UN_G1_C2_N_D300.0m_Lw_15000.0cm_Epw10.0cm_w_lead.o,C2,N,300.0,15000.0,10.0,lead,10,C2_H_10,5.65955e-10,0.052,6.25315e-11,0.0328,5.403278194670326e-10,0.05148098536069448,6.3658329571445536e-09,0.06129857997917625,4.271715209439183e-09,0.06855335604021039,-4.528130422554347
SR_Pu_UN_G1_C2_N_D200.0m_Lw_10000.0cm_Epw40.0cm_w_lead.o,C2,N,200.0,10000.0,40.0,lead,10,C2_H_10,6.669e-10,0.0228,9.50255e-11,0.0415,6.374025983580829e-10,0.012783251070167076,7.106239178485564e-09,0.015741257614384056,4.204699809204465e-09,0.016878422390545093,-4.423062174526491
SR_Pu_UN_G1_C2_N_D200.0m_Lw_10000.0cm_Epw20.0cm_w_lead.o,C2,N,200.0,10000.0,20.0,lead,10,C2_H_10,1.36906e-09,0.034,1.55122e-10,0.0235,1.3093215692071651e-09,0.03393967858164204,1.5447084475383027e-08,0.041154926299912686,1.0108682879934545e-08,0.044369100766988155,-4.363463310069311
SR_Pu_UN_G1_C2_N_D200.0m_Lw_10000.0cm_Epw1.0cm_w_lead.o,C2,N,200.0,10000.0,1.0,lead,10,C2_H_10,3.22853e-09,0.0676,2.799e-10,0.0309,3.094671089315243e-09,0.06809688867162564,3.496923952518754e-08,0.06546984557610587,2.700107381172776e-08,0.08259660336541559,-4.146125657334972
SR_Pu_UN_G1_C2_N_D1200.0m_Lw_60000.0cm_Epw5.0cm_w_lead.o,C2,N,1200.0,60000.0,5.0,lead,10,C2_H_10,5.0239e-13,0.038,6.49531e-14,0.0191,4.816666055847201e-13,0.03790844003018562,5.163616095928331e-12,0.039957368903308005,3.4396498650782817e-12,0.052643300144494906,-4.124961566766849
SR_Pu_UN_G1_C2_N_D200.0m_Lw_10000.0cm_Epw10.0cm_w_lead.o,C2,N,200.0,10000.0,10.0,lead,10,C2_H_10,1.87924e-09,0.0512,1.93893e-10,0.0311,1.8040006746914968e-09,0.051579483670075664,2.103193394875314e-08,0.054675740115966334,1.4672989889585272e-08,0.06497122202393059,-4.003710292911126
SR_Pu_UN_G1_C2_N_D20.0m_Lw_1000.0cm_Epw40.0cm_w_lead.o,C2,N,20.0,1000.0,40.0,lead,10,C2_H_10,8.40599e-08,0.0115,7.54376e-09,0.0343,7.985916519999912e-08,0.005754089997732805,1.0786829110724619e-06,0.005330604123512331,6.721862449664804e-07,0.005402638658231706,-4.997311203083604
SR_Pu_UN_G1_C2_N_D20.0m_Lw_1000.0cm_Epw20.0cm_w_lead.o,C2,N,20.0,1000.0,20.0,lead,10,C2_H_10,1.69986e-07,0.0125,1.23373e-08,0.019,1.616670019115271e-07,0.01239235076589417,2.1061323020014032e-06,0.012928661709609986,1.4877106393043098e-06,0.012992332300429628,-4.89393131697486
SR_Pu_UN_G1_C2_N_D20.0m_Lw_1000.0cm_Epw1.0cm_w_lead.o,C2,N,20.0,1000.0,1.0,lead,10,C2_H_10,3.44765e-07,0.0187,2.02591e-08,0.0245,3.2891190627937733e-07,0.018526479770462536,3.775298542390828e-06,0.02052631439755309,3.16559138789859e-06,0.02009845981818802,-4.59823175804466
SR_Pu_UN_G1_C2_N_D1200.0m_Lw_60000.0cm_Epw40.0cm_w_lead.o,C2,N,1200.0,60000.0,40.0,lead,10,C2_H_10,7.49369e-14,0.0115,1.43031e-14,0.0097,7.235838435826043e-14,0.010307600821904518,6.238819212210071e-13,0.016160956422428797,3.715863652224943e-13,0.019809987831152436,-3.440915812823278
SR_Pu_UN_G1_C2_N_D20.0m_Lw_1000.0cm_Epw10.0cm_w_lead.o,C2,N,20.0,1000.0,10.0,lead,10,C2_H_10,2.51344e-07,0.0162,1.71391e-08,0.0282,2.3953702819324565e-07,0.016043311337723663,2.9559842745846133e-06,0.016758485001030617,2.245128733157512e-06,0.01652959622524602,-4.6975347757473145
SR_Pu_UN_G1_C2_N_D2.0m_Lw_100.0cm_Epw40.0cm_w_lead.o,C2,N,2.0,100.0,40.0,lead,10,C2_H_10,8.79202e-06,0.0075,5.73336e-07,0.0141,8.331109019611007e-06,0.00675290241343071,0.00012076584476493215,0.006843443975411068,7.753729434848057e-05,0.006964153312585111,-5.2423786614338095
SR_Pu_UN_G1_C2_N_D2.0m_Lw_100.0cm_Epw20.0cm_w_lead.o,C2,N,2.0,100.0,20.0,lead,10,C2_H_10,1.63183e-05,0.0115,8.49118e-07,0.0162,1.5506702951065687e-05,0.011193264785304325,0.00021091571843764233,0.011843453678631205,0.00015440726512624343,0.011613962236147345,-4.973539210176994
SR_Pu_UN_G1_C2_N_D2.0m_Lw_100.0cm_Epw1.0cm_w_lead.o,C2,N,2.0,100.0,1.0,lead,10,C2_H_10,3.00225e-05,0.0179,1.44803e-06,0.0351,2.857583352562041e-05,0.01733151618190437,0.00033742425917194076,0.021383948466135713,0.0002829292396511281,0.015445884607734968,-4.818607625546142
SR_Pu_UN_G1_C2_N_D20.0m_Lw_1000.0cm_Epw5.0cm_w_lead.o,C2,N,20.0,1000.0,5.0,lead,10,C2_H_10,3.04256e-07,0.017,1.97842e-08,0.0261,2.8999481456953094e-07,0.01684980662366825,3.473807288525566e-06,0.018577903217244937,2.7441845513374735e-06,0.01779045327574234,-4.687232274949076
SR_Pu_UN_G1_C2_N_D2.0m_Lw_100.0cm_Epw10.0cm_w_lead.o,C2,N,2.0,100.0,10.0,lead,10,C2_H_10,2.30414e-05,0.0144,1.09781e-06,0.0179,2.1933750934308115e-05,0.014270117283996457,0.0002782753900820286,0.015098173509992546,0.0002211872711998597,0.014806798024450028,-4.807212520471344
SR_Pu_UN_G1_C2_N_D1200.0m_Lw_60000.0cm_Epw20.0cm_w_lead.o,C2,N,1200.0,60000.0,20.0,lead,10,C2_H_10,2.11101e-13,0.0314,3.29412e-14,0.0158,2.0300650122638938e-13,0.030873954403029744,2.0044251086574106e-12,0.03930155551539145,1.2773598446539968e-12,0.050865531210611346,-3.8344199097164986
SR_Pu_UN_G1_C2_N_D1200.0m_Lw_60000.0cm_Epw1.0cm_w_lead.o,C2,N,1200.0,60000.0,1.0,lead,10,C2_H_10,9.77834e-13,0.3154,9.11625e-14,0.0677,9.505719034657316e-13,0.3238573267197892,9.383378382723192e-12,0.25951523760500156,7.611834762149352e-12,0.3885996412382006,-2.78800865323443
SR_Pu_UN_G1_C2_N_D1200.0m_Lw_60000.0cm_Epw10.0cm_w_lead.o,C2,N,1200.0,60000.0,10.0,lead,10,C2_H_10,3.77224e-13,0.0384,5.45733e-14,0.0216,3.6212786653736267e-13,0.0381363152874088,3.785658967204638e-12,0.05085852755201105,2.412334000814792e-12,0.05720344183703791,-4.001901645345298
SR_Pu_UN_G1_C2_N_D1.0m_Lw_50.0cm_Epw5.0cm_w_lead.o,C2,N,1.0,50.0,5.0,lead,10,C2_H_10,8.73504e-05,0.008,3.80616e-06,0.0178,8.316349079705637e-05,0.007804189349500106,0.0010092055212442832,0.008288472834542544,0.000846741060551216,0.008235442337369548,-4.793234149979419
SR_Pu_UN_G1_C2_N_D1.0m_Lw_50.0cm_Epw40.0cm_w_lead.o,C2,N,1.0,50.0,40.0,lead,10,C2_H_10,3.24958e-05,0.007,1.91224e-06,0.0108,3.078845084389417e-05,0.0062990913399801765,0.0004545910566509917,0.006605470062379099,0.00029366730281035335,0.006228707189017798,-5.254061005132452
SR_Pu_UN_G1_C2_N_D1000.0m_Lw_50000.0cm_Epw40.0cm_w_lead.o,C2,N,1000.0,50000.0,40.0,lead,10,C2_H_10,3.68027e-13,0.0124,6.90111e-14,0.0087,3.54834976071929e-13,0.011281852497449047,3.135783372393674e-12,0.018421007332675304,1.8527843356259757e-12,0.02196638666691669,-3.584526115766231
SR_Pu_UN_G1_C2_N_D1000.0m_Lw_50000.0cm_Epw20.0cm_w_lead.o,C2,N,1000.0,50000.0,20.0,lead,10,C2_H_10,9.30215e-13,0.0287,1.45327e-13,0.0157,8.945755953328657e-13,0.02840594310419844,8.922423032075379e-12,0.03446882133566178,5.596948626677384e-12,0.044302085378506446,-3.8313083176614287
SR_Pu_UN_G1_C2_N_D1000.0m_Lw_50000.0cm_Epw1.0cm_w_lead.o,C2,N,1000.0,50000.0,1.0,lead,10,C2_H_10,3.77939e-12,0.1438,3.66393e-13,0.0353,3.614552487930219e-12,0.14344378269717326,3.8177129557729663e-11,0.12568462632016345,2.9446522386298595e-11,0.17694760235747536,-4.361484580045472
SR_Pu_UN_G1_C2_N_D1000.0m_Lw_50000.0cm_Epw10.0cm_w_lead.o,C2,N,1000.0,50000.0,10.0,lead,10,C2_H_10,1.79062e-12,0.0683,2.25049e-13,0.024,1.7191147804614643e-12,0.06878321325211366,1.8220828558829977e-11,0.0681305675929582,1.2487700500085024e-11,0.09836281333152745,-3.993321840398063
SR_Pu_UN_G1_C2_N_D100.0m_Lw_5000.0cm_Epw40.0cm_w_lead.o,C2,N,100.0,5000.0,40.0,lead,10,C2_H_10,3.58955e-09,0.0154,4.56425e-10,0.0256,3.425837597712953e-09,0.011218856612035017,4.0605984809136106e-08,0.014131058799369668,2.4447628583842184e-08,0.015248530029457705,-4.5608057357341965
SR_Pu_UN_G1_C2_N_D100.0m_Lw_5000.0cm_Epw20.0cm_w_lead.o,C2,N,100.0,5000.0,20.0,lead,10,C2_H_10,7.00219e-09,0.0279,6.81956e-10,0.021,6.682084479883612e-09,0.027568000318230066,8.22613051608312e-08,0.03259662075403068,5.532228915185264e-08,0.03324267500075818,-4.571505773427851
SR_Pu_UN_G1_C2_N_D100.0m_Lw_5000.0cm_Epw1.0cm_w_lead.o,C2,N,100.0,5000.0,1.0,lead,10,C2_H_10,1.49707e-08,0.0472,1.26715e-09,0.0284,1.4307581641988858e-08,0.047240227853452575,1.6067956293463175e-07,0.049188068779767675,1.235777930560947e-07,0.0544933348693625,-4.429441228607489
SR_Pu_UN_G1_C2_N_D1000.0m_Lw_50000.0cm_Epw5.0cm_w_lead.o,C2,N,1000.0,50000.0,5.0,lead,10,C2_H_10,2.34201e-12,0.0728,2.89687e-13,0.0248,2.2441240354061723e-12,0.07391161819831163,2.448168388786238e-11,0.08230740545950627,1.681556246931805e-11,0.11120951535203355,-4.17957073598438
SR_Pu_UN_G1_C2_N_D100.0m_Lw_5000.0cm_Epw10.0cm_w_lead.o,C2,N,100.0,5000.0,10.0,lead,10,C2_H_10,9.95992e-09,0.033,9.24221e-10,0.0251,9.510710258993024e-09,0.03280667027737606,1.1376270903540799e-07,0.03614222710441438,8.074376101231843e-08,0.039491015421940626,-4.510174188216132
SR_Pu_UN_G1_C2_N_D10.0m_Lw_500.0cm_Epw40.0cm_w_lead.o,C2,N,10.0,500.0,40.0,lead,10,C2_H_10,3.42874e-07,0.0102,2.73e-08,0.0249,3.253556329593885e-07,0.008078661180885353,4.527579442435381e-06,0.00833972317199005,2.850589945225377e-06,0.00831920876731915,-5.109272514279732
SR_Pu_UN_G1_C2_N_D10.0m_Lw_500.0cm_Epw20.0cm_w_lead.o,C2,N,10.0,500.0,20.0,lead,10,C2_H_10,6.60233e-07,0.0181,4.21677e-08,0.0252,6.274075556934232e-07,0.01791101860579771,8.371600137641613e-06,0.019042200678238384,5.986127153170234e-06,0.01885604353268123,-4.971796972671284
SR_Pu_UN_G1_C2_N_D10.0m_Lw_500.0cm_Epw1.0cm_w_lead.o,C2,N,10.0,500.0,1.0,lead,10,C2_H_10,1.37624e-06,0.0266,7.9404e-08,0.0779,1.3109865148281414e-06,0.026533182493094845,1.4859880757121598e-05,0.025384039574283486,1.260816057507089e-05,0.02416978551171233,-4.741432102820635
SR_Pu_UN_G1_C2_N_D100.0m_Lw_5000.0cm_Epw5.0cm_w_lead.o,C2,N,100.0,5000.0,5.0,lead,10,C2_H_10,1.2319e-08,0.039,1.09663e-09,0.0234,1.1784882606057267e-08,0.039075142574760205,1.368552107819223e-07,0.039031094924472216,1.021739998303149e-07,0.04565399141791964,-4.335720382683114
SR_Pu_UN_G1_C2_N_D10.0m_Lw_500.0cm_Epw10.0cm_w_lead.o,C2,N,10.0,500.0,10.0,lead,10,C2_H_10,1.00295e-06,0.0249,5.85402e-08,0.0424,9.548940644434089e-07,0.024796954284412726,1.1889388441518504e-05,0.025989198330261788,9.269338704009105e-06,0.02552258182497507,-4.791458752339719
SR_Pu_UN_G1_C2_N_D1.0m_Lw_50.0cm_Epw1.0cm_w_lead.o,C2,N,1.0,50.0,1.0,lead,10,C2_H_10,9.61826e-05,0.0088,4.28928e-06,0.0219,9.170107137932817e-05,0.008875104319129558,0.0010709299205983454,0.00997015333178087,0.00092058876697915,0.008544433199370694,-4.659396419593384
SR_Pu_UN_G1_C2_N_D1.0m_Lw_50.0cm_Epw20.0cm_w_lead.o,C2,N,1.0,50.0,20.0,lead,10,C2_H_10,5.55517e-05,0.0064,2.67267e-06,0.0131,5.274708736382054e-05,0.005618771561154755,0.0007203999260716482,0.005812622597702545,0.0005330380394004501,0.005600644162464192,-5.048653121649671
SR_Pu_UN_G1_C2_N_D1.0m_Lw_50.0cm_Epw10.0cm_w_lead.o,C2,N,1.0,50.0,10.0,lead,10,C2_H_10,7.74996e-05,0.0088,3.47371e-06,0.0169,7.371478418451929e-05,0.008590136051648165,0.0009396934809224615,0.009251968360067083,0.0007511865803976161,0.008587225784969395,-4.883658516277131
SR_Pu_UN_G1_C2_N_D10.0m_Lw_500.0cm_Epw5.0cm_w_lead.o,C2,N,10.0,500.0,5.0,lead,10,C2_H_10,1.20731e-06,0.0242,6.63714e-08,0.0436,1.149598828801082e-06,0.024006060019210584,1.3882203111009008e-05,0.02607488972525861,1.121437256261312e-05,0.02433049008595634,-4.780145215306584
SR_Pu_UN_G1_C2_N_D700.0m_Lw_35000.0cm_Epw40.0cm_w_lead.o,C2,N,700.0,35000.0,40.0,lead,10,C2_H_10,4.64383e-12,0.0454,8.66249e-13,0.0713,4.478118396754909e-12,0.015083963444408858,4.014217660799797e-11,0.019064686995117573,2.3408922156761128e-11,0.02150392839809535,-3.568425270629863
SR_Pu_UN_G1_C2_N_D700.0m_Lw_35000.0cm_Epw5.0cm_w_lead.o,C2,N,700.0,35000.0,5.0,lead,10,C2_H_10,2.45383e-11,0.0956,2.69113e-12,0.0318,2.3521879426749893e-11,0.09326501628783852,2.600364366237457e-10,0.11088890310074828,1.8563755772369176e-10,0.1284046633248796,-4.142180074618488
SR_Pu_UN_G1_C2_N_D200.0m_Lw_10000.0cm_Epw5.0cm_w_lead.o,C2,N,200.0,10000.0,5.0,lead,10,C2_H_10,2.44959e-09,0.0638,2.41463e-10,0.0328,2.350682721075224e-09,0.0648989547881122,2.6966820882380322e-08,0.06258603105080972,1.94503002728219e-08,0.08053082914336208,-4.03770749083626
SR_Pu_UN_G1_C2_P_D700.0m_Lw_35000.0cm_Epw40.0cm_w_concrete.o,C2,P,700.0,35000.0,40.0,concrete,10,C2_H_10,1.06213e-12,0.1406,3.05773e-13,0.0655,1.0637005334698526e-12,0.14083185003019116,1.0449057948168633e-12,0.14125624787826832,8.922901888901062e-13,0.1418847378379953,
SR_Pu_UN_G1_C2_P_D700.0m_Lw_35000.0cm_Epw20.0cm_w_concrete.o,C2,P,700.0,35000.0,20.0,concrete,10,C2_H_10,2.62237e-12,0.1399,8.11943e-13,0.0628,2.6374238650223597e-12,0.14118924367707544,2.587883542094385e-12,0.14309636548055657,2.2065054924195697e-12,0.14623555894016455,
SR_Pu_UN_G1_C2_P_D700.0m_Lw_35000.0cm_Epw1.0cm_w_concrete.o,C2,P,700.0,35000.0,1.0,concrete,10,C2_H_10,8.32415e-12,0.158,2.20983e-12,0.0649,8.379293812028373e-12,0.15952585386587528,8.259209919090595e-12,0.1613626051508059,7.094324629536945e-12,0.1646522416628377,
SR_Pu_UN_G1_C2_P_D5.0m_Lw_250.0cm_Epw5.0cm_w_concrete.o,C2,P,5.0,250.0,5.0,concrete,10,C2_H_10,1.19096e-06,0.0042,2.71207e-07,0.0129,1.1925964437745588e-06,0.004186895451564653,1.1793877061803034e-06,0.0041267619775063455,1.0185746453407407e-06,0.003957075303235328,
SR_Pu_UN_G1_C2_P_D700.0m_Lw_35000.0cm_Epw10.0cm_w_concrete.o,C2,P,700.0,35000.0,10.0,concrete,10,C2_H_10,3.66207e-12,0.1098,1.19259e-12,0.05,3.677279060594517e-12,0.1090864985253572,3.6124326080935593e-12,0.11008634989059256,3.078320402865262e-12,0.11200728914695735,
SR_Pu_UN_G1_C2_P_D500.0m_Lw_25000.0cm_Epw40.0cm_w_concrete.o,C2,P,500.0,25000.0,40.0,concrete,10,C2_H_10,6.48779e-12,0.2816,1.47815e-12,0.126,6.49870294882488e-12,0.28184012690231985,6.403816508831695e-12,0.28330494681960255,5.52284665185785e-12,0.28668110945961833,
SR_Pu_UN_G1_C2_P_D500.0m_Lw_25000.0cm_Epw20.0cm_w_concrete.o,C2,P,500.0,25000.0,20.0,concrete,10,C2_H_10,1.74009e-11,0.2109,4.05202e-12,0.0916,1.742811300134083e-11,0.21020312168080532,1.7188022919353283e-11,0.21198507696489916,1.476552917423077e-11,0.21547521615256413,
SR_Pu_UN_G1_C2_P_D500.0m_Lw_25000.0cm_Epw1.0cm_w_concrete.o,C2,P,500.0,25000.0,1.0,concrete,10,C2_H_10,4.04689e-11,0.2587,1.00585e-11,0.1037,4.0417070649944005e-11,0.2558081065778662,3.992517160227824e-11,0.2585246666116233,3.436931066579111e-11,0.2624973755788869,
SR_Pu_UN_G1_C2_P_D300.0m_Lw_15000.0cm_Epw5.0cm_w_concrete.o,C2,P,300.0,15000.0,5.0,concrete,10,C2_H_10,1.788e-10,0.1674,4.71593e-11,0.0611,1.7879186727092505e-10,0.16640451112384266,1.7607206331637503e-10,0.16748966758503758,1.5057298038082278e-10,0.1691280886331988,
SR_Pu_UN_G1_C2_P_D500.0m_Lw_25000.0cm_Epw10.0cm_w_concrete.o,C2,P,500.0,25000.0,10.0,concrete,10,C2_H_10,1.71925e-11,0.1117,5.13174e-12,0.0586,1.726093312172432e-11,0.11145834129566197,1.6921894155219462e-11,0.11254145207575868,1.4406616263298381e-11,0.11391035619211494,
SR_Pu_UN_G1_C2_P_D50.0m_Lw_2500.0cm_Epw40.0cm_w_concrete.o,C2,P,50.0,2500.0,40.0,concrete,10,C2_H_10,2.14745e-09,0.029,4.74462e-10,0.0304,2.153387383920958e-09,0.02886087010026755,2.1212920173156096e-09,0.02889496414728263,1.824517670684526e-09,0.028939862757598193,
SR_Pu_UN_G1_C2_P_D50.0m_Lw_2500.0cm_Epw20.0cm_w_concrete.o,C2,P,50.0,2500.0,20.0,concrete,10,C2_H_10,5.71499e-09,0.0349,1.28148e-09,0.0261,5.736983043340545e-09,0.034882185423698,5.657768998065717e-09,0.03493430347580757,4.869889100364534e-09,0.03497953390326927,
SR_Pu_UN_G1_C2_P_D50.0m_Lw_2500.0cm_Epw1.0cm_w_concrete.o,C2,P,50.0,2500.0,1.0,concrete,10,C2_H_10,1.46027e-08,0.0404,3.43759e-09,0.028,1.464254763637006e-08,0.040361192414403085,1.4478238970035441e-08,0.04059971488984201,1.249279749518938e-08,0.04088712837961794,
SR_Pu_UN_G1_C2_P_D500.0m_Lw_25000.0cm_Epw5.0cm_w_concrete.o,C2,P,500.0,25000.0,5.0,concrete,10,C2_H_10,2.68777e-11,0.1837,7.8625e-12,0.0827,2.699209398687109e-11,0.1826484183209519,2.6533544018528715e-11,0.18507838254858336,2.2638155706517767e-11,0.18986235897532147,
SR_Pu_UN_G1_C2_P_D50.0m_Lw_2500.0cm_Epw10.0cm_w_concrete.o,C2,P,50.0,2500.0,10.0,concrete,10,C2_H_10,8.99363e-09,0.034,2.27614e-09,0.025,9.017352608981675e-09,0.033912998947585614,8.893288832015356e-09,0.034187246104759254,7.658575126102046e-09,0.03453257488135126,
SR_Pu_UN_G1_C2_P_D5.0m_Lw_250.0cm_Epw40.0cm_w_concrete.o,C2,P,5.0,250.0,40.0,concrete,10,C2_H_10,2.47164e-07,0.0102,4.84032e-08,0.0192,2.4787931999073647e-07,0.010144585864443105,2.4471540177900125e-07,0.010138072913626677,2.10899725658089e-07,0.01012400131336183,
SR_Pu_UN_G1_C2_P_D5.0m_Lw_250.0cm_Epw20.0cm_w_concrete.o,C2,P,5.0,250.0,20.0,concrete,10,C2_H_10,5.94023e-07,0.0057,1.31682e-07,0.0126,5.956498194556253e-07,0.005651127105978437,5.882328642073171e-07,0.005605722886028694,5.075150009854684e-07,0.005564954452049836,
SR_Pu_UN_G1_C2_P_D5.0m_Lw_250.0cm_Epw1.0cm_w_concrete.o,C2,P,5.0,250.0,1.0,concrete,10,C2_H_10,1.43856e-06,0.0034,2.91161e-07,0.0092,1.4402282353989708e-06,0.0033641525847563857,1.4272385566863683e-06,0.0033058670334522016,1.2353561982343573e-06,0.003255880338510614,
SR_Pu_UN_G1_C2_P_D50.0m_Lw_2500.0cm_Epw5.0cm_w_concrete.o,C2,P,50.0,2500.0,5.0,concrete,10,C2_H_10,1.13746e-08,0.0388,2.83149e-09,0.0262,1.1404940479429914e-08,0.03873773675258604,1.1256919722530514e-08,0.03901434969778773,9.70163226283421e-09,0.03933019719742114,
SR_Pu_UN_G1_C2_P_D5.0m_Lw_250.0cm_Epw10.0cm_w_concrete.o,C2,P,5.0,250.0,10.0,concrete,10,C2_H_10,9.1912e-07,0.0045,2.14876e-07,0.0103,9.207805373341848e-07,0.00450629101387952,9.097039736892912e-07,0.004448131583193782,7.85334687005258e-07,0.004387877534609327,
SR_Pu_UN_G1_C2_P_D300.0m_Lw_15000.0cm_Epw40.0cm_w_concrete.o,C2,P,300.0,15000.0,40.0,concrete,10,C2_H_10,2.46648e-11,0.0915,7.48708e-12,0.0746,2.4718487931293105e-11,0.09113885595080601,2.4244275283077317e-11,0.0918999295716052,2.0700026278782148e-11,0.0930313556036723,
SR_Pu_UN_G1_C2_P_D300.0m_Lw_15000.0cm_Epw20.0cm_w_concrete.o,C2,P,300.0,15000.0,20.0,concrete,10,C2_H_10,6.2849e-11,0.0559,2.04342e-11,0.0452,6.30600035613315e-11,0.05574644022239854,6.17910254865675e-11,0.05612115826541314,5.249384727465055e-11,0.056481440623773894,
SR_Pu_UN_G1_C2_P_D300.0m_Lw_15000.0cm_Epw1.0cm_w_concrete.o,C2,P,300.0,15000.0,1.0,concrete,10,C2_H_10,2.67619e-10,0.1676,6.84569e-11,0.069,2.682066170721861e-10,0.1671435084803037,2.640931774871424e-10,0.16843122389293488,2.262553920972227e-10,0.16985381839518457,
SR_Pu_UN_G1_C2_P_D2.0m_Lw_100.0cm_Epw5.0cm_w_concrete.o,C2,P,2.0,100.0,5.0,concrete,10,C2_H_10,6.66048e-06,0.0025,1.48334e-06,0.0087,6.668374788780423e-06,0.002522158996190184,6.597270576716864e-06,0.002460332101654394,5.7038259166747955e-06,0.0024041523309912627,
SR_Pu_UN_G1_C2_P_D300.0m_Lw_15000.0cm_Epw10.0cm_w_concrete.o,C2,P,300.0,15000.0,10.0,concrete,10,C2_H_10,1.2445e-10,0.1856,3.37993e-11,0.0596,1.2483530922110525e-10,0.18417067212934807,1.226058242874232e-10,0.1852215144838247,1.0442261064731723e-10,0.1866564928754649,
SR_Pu_UN_G1_C2_P_D200.0m_Lw_10000.0cm_Epw40.0cm_w_concrete.o,C2,P,200.0,10000.0,40.0,concrete,10,C2_H_10,7.71206e-11,0.0694,1.9529e-11,0.061,7.7306781435377e-11,0.06912945377100904,7.605243500867096e-11,0.06953589119147818,6.511375052177625e-11,0.07006131893874548,
SR_Pu_UN_G1_C2_P_D200.0m_Lw_10000.0cm_Epw20.0cm_w_concrete.o,C2,P,200.0,10000.0,20.0,concrete,10,C2_H_10,3.04274e-10,0.2053,6.75151e-11,0.0641,3.0471315760447666e-10,0.2034655566449202,2.9956383378200206e-10,0.20397724176756973,2.563232772526158e-10,0.203553570603843,
SR_Pu_UN_G1_C2_P_D200.0m_Lw_10000.0cm_Epw1.0cm_w_concrete.o,C2,P,200.0,10000.0,1.0,concrete,10,C2_H_10,5.99469e-10,0.1129,1.80164e-10,0.0496,6.008737162761772e-10,0.11267691929349737,5.918391507617545e-10,0.11412743473194051,5.073238043564941e-10,0.11629594545116341,
SR_Pu_UN_G1_C2_P_D1200.0m_Lw_60000.0cm_Epw5.0cm_w_concrete.o,C2,P,1200.0,60000.0,5.0,concrete,10,C2_H_10,1.84991e-13,0.1078,6.51579e-14,0.0458,1.8537847242079695e-13,0.10687463722911555,1.8178098489041422e-13,0.10840409161973873,1.5468561947544448e-13,0.1108670997885153,
SR_Pu_UN_G1_C2_P_D200.0m_Lw_10000.0cm_Epw10.0cm_w_concrete.o,C2,P,200.0,10000.0,10.0,concrete,10,C2_H_10,3.74774e-10,0.1001,1.06686e-10,0.0489,3.7600824417580615e-10,0.09971189419144391,3.706616211418351e-10,0.1010410669151272,3.175919243235186e-10,0.10300644362554351,
SR_Pu_UN_G1_C2_P_D20.0m_Lw_1000.0cm_Epw40.0cm_w_concrete.o,C2,P,20.0,1000.0,40.0,concrete,10,C2_H_10,1.3724e-08,0.0117,2.77054e-09,0.0199,1.3759206053503884e-08,0.011676139329769693,1.3579171363231357e-08,0.011675069806830765,1.1694551637720653e-08,0.011665717428084954,
SR_Pu_UN_G1_C2_P_D20.0m_Lw_1000.0cm_Epw20.0cm_w_concrete.o,C2,P,20.0,1000.0,20.0,concrete,10,C2_H_10,3.64021e-08,0.0081,8.23229e-09,0.0163,3.650780475150939e-08,0.008053475363500484,3.6036812372987875e-08,0.008032820776561854,3.1063688449956395e-08,0.008007463813640764,
SR_Pu_UN_G1_C2_P_D20.0m_Lw_1000.0cm_Epw1.0cm_w_concrete.o,C2,P,20.0,1000.0,1.0,concrete,10,C2_H_10,9.18814e-08,0.0045,1.92313e-08,0.0082,9.202164501484612e-08,0.004518722003773587,9.116222703977687e-08,0.004508212393748626,7.888644014756042e-08,0.004501543139980945,
SR_Pu_UN_G1_C2_P_D200.0m_Lw_10000.0cm_Epw5.0cm_w_concrete.o,C2,P,200.0,10000.0,5.0,concrete,10,C2_H_10,5.01593e-10,0.0988,1.50595e-10,0.0448,5.034856772250105e-10,0.09883194764707541,4.958614763997427e-10,0.10033965135221729,4.2498960350861496e-10,0.10225198556003108,
SR_Pu_UN_G1_C2_P_D20.0m_Lw_1000.0cm_Epw10.0cm_w_concrete.o,C2,P,20.0,1000.0,10.0,concrete,10,C2_H_10,5.75469e-08,0.0063,1.37171e-08,0.014,5.766997200758187e-08,0.006274983779628566,5.694923605958267e-08,0.0062346915737948455,4.9156746063243086e-08,0.006202238036001224,
SR_Pu_UN_G1_C2_P_D2.0m_Lw_100.0cm_Epw40.0cm_w_concrete.o,C2,P,2.0,100.0,40.0,concrete,10,C2_H_10,1.54038e-06,0.0075,2.89077e-07,0.0117,1.544951751443817e-06,0.007172533478056513,1.5262543403784773e-06,0.007174920850945303,1.316245010921172e-06,0.007183305652468621,
SR_Pu_UN_G1_C2_P_D2.0m_Lw_100.0cm_Epw20.0cm_w_concrete.o,C2,P,2.0,100.0,20.0,concrete,10,C2_H_10,3.47613e-06,0.0053,7.63316e-07,0.0111,3.484936173734698e-06,0.005205513168085738,3.4420690113120427e-06,0.005180199971504664,2.9694304575663467e-06,0.005134885258454851,
SR_Pu_UN_G1_C2_P_D2.0m_Lw_100.0cm_Epw1.0cm_w_concrete.o,C2,P,2.0,100.0,1.0,concrete,10,C2_H_10,8.09731e-06,0.0028,1.57006e-06,0.0089,8.10738603424755e-06,0.0028442671546978046,8.038185156824302e-06,0.0027683012233846046,6.9634343201860416e-06,0.0027089347789288013,
SR_Pu_UN_G1_C2_P_D20.0m_Lw_1000.0cm_Epw5.0cm_w_concrete.o,C2,P,20.0,1000.0,5.0,concrete,10,C2_H_10,7.41955e-08,0.0052,1.67802e-08,0.0098,7.433044014731663e-08,0.005214714581766572,7.351160823833256e-08,0.005195855773883795,6.351693676648454e-08,0.005173727801152695,
SR_Pu_UN_G1_C2_P_D2.0m_Lw_100.0cm_Epw10.0cm_w_concrete.o,C2,P,2.0,100.0,10.0,concrete,10,C2_H_10,5.19116e-06,0.0034,1.21854e-06,0.0085,5.199210576690848e-06,0.003349992145537671,5.137122990738892e-06,0.00329596348748741,4.436026058259209e-06,0.0032466168879533405,
SR_Pu_UN_G1_C2_P_D1200.0m_Lw_60000.0cm_Epw40.0cm_w_concrete.o,C2,P,1200.0,60000.0,40.0,concrete,10,C2_H_10,5.36681e-14,0.2025,1.39727e-14,0.1012,5.369379939605646e-14,0.20299528854923446,5.287079466148221e-14,0.2044913456386578,4.5240488065235596e-14,0.20735669531648726,
SR_Pu_UN_G1_C2_P_D1200.0m_Lw_60000.0cm_Epw20.0cm_w_concrete.o,C2,P,1200.0,60000.0,20.0,concrete,10,C2_H_10,1.5038e-13,0.1773,4.14518e-14,0.0712,1.5026209670501166e-13,0.17820343911325842,1.4800820920046382e-13,0.1790033880706307,1.2684077500687231e-13,0.17960381539616854,
SR_Pu_UN_G1_C2_P_D1200.0m_Lw_60000.0cm_Epw1.0cm_w_concrete.o,C2,P,1200.0,60000.0,1.0,concrete,10,C2_H_10,4.28193e-13,0.2378,1.07562e-13,0.08,4.3047063667246067e-13,0.23697316883331304,4.2363821238877584e-13,0.23820427385370144,3.619083731836327e-13,0.2428043426936508,
SR_Pu_UN_G1_C2_P_D1.0m_Lw_50.0cm_Epw5.0cm_w_concrete.o,C2,P,1.0,50.0,5.0,concrete,10,C2_H_10,2.24712e-05,0.0015,4.77523e-06,0.0055,2.2496245404620673e-05,0.0014665067895898558,2.2276410394180585e-05,0.001427653430975322,1.927581516897736e-05,0.001406318622042149,
SR_Pu_UN_G1_C2_P_D1200.0m_Lw_60000.0cm_Epw10.0cm_w_concrete.o,C2,P,1200.0,60000.0,10.0,concrete,10,C2_H_10,2.49544e-13,0.2027,7.09217e-14,0.126,2.522523087176378e-13,0.20577768706421776,2.470645441133025e-13,0.20382399264666776,2.069550830937348e-13,0.1987527594581372,
SR_Pu_UN_G1_C2_P_D1000.0m_Lw_50000.0cm_Epw40.0cm_w_concrete.o,C2,P,1000.0,50000.0,40.0,concrete,10,C2_H_10,2.81914e-13,0.2339,4.84259e-14,0.1367,2.8121570196221037e-13,0.23273704289467362,2.781681498818995e-13,0.23429032672596722,2.3890307809922263e-13,0.23607025564319492,
SR_Pu_UN_G1_C2_P_D1000.0m_Lw_50000.0cm_Epw20.0cm_w_concrete.o,C2,P,1000.0,50000.0,20.0,concrete,10,C2_H_10,3.91669e-13,0.1229,1.1953e-13,0.0568,3.944650925436608e-13,0.12434146008072527,3.8661649078812014e-13,0.12424222940286171,3.273333678426315e-13,0.1225539252146828,
SR_Pu_UN_G1_C2_P_D1000.0m_Lw_50000.0cm_Epw1.0cm_w_concrete.o,C2,P,1000.0,50000.0,1.0,concrete,10,C2_H_10,1.1912e-12,0.1234,3.15831e-13,0.0455,1.195340093290433e-12,0.12322449045013688,1.172001099547138e-12,0.12375682514137663,9.958322992041169e-13,0.1250070177928145,
SR_Pu_UN_G1_C2_P_D1000.0m_Lw_50000.0cm_Epw10.0cm_w_concrete.o,C2,P,1000.0,50000.0,10.0,concrete,10,C2_H_10,6.67913e-13,0.1386,1.89554e-13,0.0621,6.705283164637269e-13,0.13916718155455216,6.609165588883953e-13,0.14082723693613547,5.652637383911154e-13,0.14272659809583843,
SR_Pu_UN_G1_C2_P_D100.0m_Lw_5000.0cm_Epw40.0cm_w_concrete.o,C2,P,100.0,5000.0,40.0,concrete,10,C2_H_10,4.40452e-10,0.0426,1.09305e-10,0.0415,4.421179521030999e-10,0.04241991739584074,4.350969689142014e-10,0.042759089877586025,3.731106887160034e-10,0.043251164308982244,
SR_Pu_UN_G1_C2_P_D100.0m_Lw_5000.0cm_Epw20.0cm_w_concrete.o,C2,P,100.0,5000.0,20.0,concrete,10,C2_H_10,1.42404e-09,0.0624,3.45727e-10,0.0383,1.4303980408081818e-09,0.062229495332137306,1.4099796281382205e-09,0.0627182824755128,1.2119419120861343e-09,0.06367539864148304,
SR_Pu_UN_G1_C2_P_D100.0m_Lw_5000.0cm_Epw1.0cm_w_concrete.o,C2,P,100.0,5000.0,1.0,concrete,10,C2_H_10,3.06078e-09,0.074,8.4013e-10,0.0346,3.0716424226943584e-09,0.07398648060594501,3.024299460759802e-09,0.0743500905083181,2.596234116608186e-09,0.07471977303762732,
SR_Pu_UN_G1_C2_P_D1000.0m_Lw_50000.0cm_Epw5.0cm_w_concrete.o,C2,P,1000.0,50000.0,5.0,concrete,10,C2_H_10,8.44962e-13,0.1186,2.47887e-13,0.0513,8.449206558564551e-13,0.11762434298226325,8.30214352627044e-13,0.11851982073980595,7.080682557559052e-13,0.12023733453436457,
SR_Pu_UN_G1_C2_P_D100.0m_Lw_5000.0cm_Epw10.0cm_w_concrete.o,C2,P,100.0,5000.0,10.0,concrete,10,C2_H_10,2.10742e-09,0.0752,5.41528e-10,0.0376,2.1158033742292343e-09,0.07486871729581537,2.08329519918417e-09,0.07521973629119057,1.7890261144164145e-09,0.07564817703972292,
SR_Pu_UN_G1_C2_P_D10.0m_Lw_500.0cm_Epw40.0cm_w_concrete.o,C2,P,10.0,500.0,40.0,concrete,10,C2_H_10,5.66662e-08,0.0103,1.15595e-08,0.0201,5.686000249421285e-08,0.010272491922172904,5.612083932554548e-08,0.010251893896302038,4.836358091507808e-08,0.010227798669800382,
SR_Pu_UN_G1_C2_P_D10.0m_Lw_500.0cm_Epw20.0cm_w_concrete.o,C2,P,10.0,500.0,20.0,concrete,10,C2_H_10,1.45532e-07,0.0063,3.17105e-08,0.0142,1.458890477353107e-07,0.006268265138177001,1.441174677203917e-07,0.006234300896827593,1.2434354680642856e-07,0.006196453798797233,
SR_Pu_UN_G1_C2_P_D10.0m_Lw_500.0cm_Epw1.0cm_w_concrete.o,C2,P,10.0,500.0,1.0,concrete,10,C2_H_10,3.67221e-07,0.0049,7.30324e-08,0.0117,3.6782792239752597e-07,0.004986813597804666,3.646618298753773e-07,0.00493057807991405,3.1572972647312915e-07,0.004890260010469695,
SR_Pu_UN_G1_C2_P_D100.0m_Lw_5000.0cm_Epw5.0cm_w_concrete.o,C2,P,100.0,5000.0,5.0,concrete,10,C2_H_10,2.84319e-09,0.0796,7.18831e-10,0.0374,2.853375660739119e-09,0.07937225950300468,2.811585444652534e-09,0.07967182401293904,2.416872641975164e-09,0.0799590521090337,
SR_Pu_UN_G1_C2_P_D10.0m_Lw_500.0cm_Epw10.0cm_w_concrete.o,C2,P,10.0,500.0,10.0,concrete,10,C2_H_10,2.32672e-07,0.0054,5.43855e-08,0.0133,2.330882860018404e-07,0.00538072675778689,2.3028908181749122e-07,0.00531006437480916,1.9884283592281358e-07,0.005242533849996753,
SR_Pu_UN_G1_C2_P_D1.0m_Lw_50.0cm_Epw40.0cm_w_concrete.o,C2,P,1.0,50.0,40.0,concrete,10,C2_H_10,5.64162e-06,0.0049,1.04037e-06,0.0066,5.658857402857178e-06,0.004376775574578998,5.5908969589971055e-06,0.004365344384705378,4.8206771545886246e-06,0.004307001737517293,
SR_Pu_UN_G1_C2_P_D1.0m_Lw_50.0cm_Epw20.0cm_w_concrete.o,C2,P,1.0,50.0,20.0,concrete,10,C2_H_10,1.1779e-05,0.0031,2.54545e-06,0.0052,1.1808647577828622e-05,0.0030231544705804675,1.166752978434509e-05,0.002997267058157907,1.0068325195189317e-05,0.0029477707825415994,
SR_Pu_UN_G1_C2_P_D1.0m_Lw_50.0cm_Epw1.0cm_w_concrete.o,C2,P,1.0,50.0,1.0,concrete,10,C2_H_10,2.73822e-05,0.0021,4.99477e-06,0.0091,2.740559261838931e-05,0.002040372192349548,2.7201427239529117e-05,0.0019426769788200566,2.358734972867281e-05,0.0018837530984761254,
SR_Pu_UN_G1_C2_P_D1.0m_Lw_50.0cm_Epw10.0cm_w_concrete.o,C2,P,1.0,50.0,10.0,concrete,10,C2_H_10,1.7387e-05,0.0022,3.91704e-06,0.0035,1.740976874840897e-05,0.0020284402091207184,1.7217191665603688e-05,0.002025063589557096,1.4877780475578788e-05,0.002017727399725361,
SR_Pu_UN_G1_C2_P_D700.0m_Lw_35000.0cm_Epw5.0cm_w_concrete.o,C2,P,700.0,35000.0,5.0,concrete,10,C2_H_10,6.97411e-12,0.1732,1.81617e-12,0.072,7.024486750336371e-12,0.17421427437226258,6.92042431113435e-12,0.1762876825412884,5.939922656315032e-12,0.1797670437353532,
SR_Pu_UN_G1_C2_P_D10.0m_Lw_500.0cm_Epw5.0cm_w_concrete.o,C2,P,10.0,500.0,5.0,concrete,10,C2_H_10,3.04135e-07,0.0053,6.87369e-08,0.0096,3.0467123150497156e-07,0.005263744352238311,3.013351397680217e-07,0.005232018786374717,2.6041791187537715e-07,0.005204910811953632,
SR_Pu_UN_G1_C2_N_D700.0m_Lw_35000.0cm_Epw40.0cm_w_concrete.o,C2,N,700.0,35000.0,40.0,concrete,10,C2_H_10,4.59505e-13,0.0672,3.63265e-14,0.0319,4.4191240684569465e-13,0.06805585772881911,5.062210089635914e-12,0.06030663242585014,3.938731207196185e-12,0.07802100659446455,-3.828596675619486
SR_Pu_UN_G1_C2_N_D700.0m_Lw_35000.0cm_Epw20.0cm_w_concrete.o,C2,N,700.0,35000.0,20.0,concrete,10,C2_H_10,3.16213e-12,0.0806,2.94623e-13,0.038,3.0230263351857132e-12,0.07903610886392344,3.430920761530742e-11,0.08037294664565171,2.5933712781123453e-11,0.10288719978901976,-4.399049527194857
SR_Pu_UN_G1_C2_N_D700.0m_Lw_35000.0cm_Epw1.0cm_w_concrete.o,C2,N,700.0,35000.0,1.0,concrete,10,C2_H_10,3.80687e-11,0.1616,3.1416e-12,0.059,3.648943374945085e-11,0.16079907480035674,4.183477725017725e-10,0.17935208234281066,3.2251226676495053e-10,0.19507946089857717,-4.148463831308016
SR_Pu_UN_G1_C2_N_D5.0m_Lw_250.0cm_Epw5.0cm_w_concrete.o,C2,N,5.0,250.0,5.0,concrete,10,C2_H_10,4.21174e-06,0.0178,2.60129e-07,0.0365,4.029233823693606e-06,0.017737122060875736,4.529264670125542e-05,0.019378839169150466,3.8339783696345544e-05,0.018390392591316664,-4.3332726214437205
SR_Pu_UN_G1_C2_N_D700.0m_Lw_35000.0cm_Epw10.0cm_w_concrete.o,C2,N,700.0,35000.0,10.0,concrete,10,C2_H_10,9.99295e-12,0.1071,9.07716e-13,0.0419,9.54676828913771e-12,0.10551362315380688,1.0836976178460381e-10,0.10037737382311175,8.087873218151668e-11,0.12501233145043267,-4.464964908883651
SR_Pu_UN_G1_C2_N_D500.0m_Lw_25000.0cm_Epw40.0cm_w_concrete.o,C2,N,500.0,25000.0,40.0,concrete,10,C2_H_10,2.36939e-12,0.1188,1.69585e-13,0.047,2.268839959178698e-12,0.11667109794349712,2.5558767855243296e-11,0.09410622915993334,2.0453955155618668e-11,0.12550382282703548,-4.24371001908938
SR_Pu_UN_G1_C2_N_D500.0m_Lw_25000.0cm_Epw20.0cm_w_concrete.o,C2,N,500.0,25000.0,20.0,concrete,10,C2_H_10,2.14674e-11,0.2055,1.5793e-12,0.069,2.0505385303534928e-11,0.2020153610949745,2.1876228836216454e-10,0.15534862914082065,1.8172987136347168e-10,0.2115409495517069,-4.481281834153515
SR_Pu_UN_G1_C2_N_D500.0m_Lw_25000.0cm_Epw1.0cm_w_concrete.o,C2,N,500.0,25000.0,1.0,concrete,10,C2_H_10,1.28952e-10,0.0915,1.32687e-11,0.0315,1.232457383093011e-10,0.08990379380378609,1.347868664485109e-09,0.07472633013405544,9.867119052858806e-10,0.1069504386549465,-4.425105225742054
SR_Pu_UN_G1_C2_N_D300.0m_Lw_15000.0cm_Epw5.0cm_w_concrete.o,C2,N,300.0,15000.0,5.0,concrete,10,C2_H_10,5.63507e-10,0.0925,5.32211e-11,0.0394,5.389394189798474e-10,0.09112821451804276,6.000571060411593e-09,0.08692259914755349,4.522504473765614e-09,0.10906542160443787,-4.359765010932015
SR_Pu_UN_G1_C2_N_D500.0m_Lw_25000.0cm_Epw10.0cm_w_concrete.o,C2,N,500.0,25000.0,10.0,concrete,10,C2_H_10,4.66383e-11,0.1062,4.18689e-12,0.0528,4.461695919450613e-11,0.10478002071655897,5.105098920331366e-10,0.10670915990880775,3.9240144835381427e-10,0.13219380405955108,-4.334079084130146
SR_Pu_UN_G1_C2_N_D50.0m_Lw_2500.0cm_Epw40.0cm_w_concrete.o,C2,N,50.0,2500.0,40.0,concrete,10,C2_H_10,1.6727e-09,0.0186,1.82274e-10,0.0372,1.6054419852178033e-09,0.015969975161052436,1.5810354883094648e-08,0.01646368069047118,1.3163835572225955e-08,0.018700239177916175,-4.020925137932487
SR_Pu_UN_G1_C2_N_D50.0m_Lw_2500.0cm_Epw20.0cm_w_concrete.o,C2,N,50.0,2500.0,20.0,concrete,10,C2_H_10,1.14132e-08,0.0196,1.22863e-09,0.0183,1.0956368170501982e-08,0.019558701563468183,1.1002647422799134e-07,0.021683747859532906,9.015491434225395e-08,0.02417122916624847,-4.002662088616847
SR_Pu_UN_G1_C2_N_D50.0m_Lw_2500.0cm_Epw1.0cm_w_concrete.o,C2,N,50.0,2500.0,1.0,concrete,10,C2_H_10,5.76801e-08,0.0283,4.50027e-09,0.0184,5.5146810721648774e-08,0.028121109336325074,6.155608010678436e-07,0.028495637887780756,4.930963339397812e-07,0.03252279443650637,-4.3919640887433085
SR_Pu_UN_G1_C2_N_D500.0m_Lw_25000.0cm_Epw5.0cm_w_concrete.o,C2,N,500.0,25000.0,5.0,concrete,10,C2_H_10,1.09412e-10,0.25,8.42453e-12,0.066,1.0385646284044843e-10,0.24622058296331556,1.0907648600146483e-09,0.1782514770821111,8.832674474173095e-10,0.25916221912447523,-5.077630570277099
SR_Pu_UN_G1_C2_N_D50.0m_Lw_2500.0cm_Epw10.0cm_w_concrete.o,C2,N,50.0,2500.0,10.0,concrete,10,C2_H_10,2.82835e-08,0.0245,2.67272e-09,0.0188,2.711107707193613e-08,0.02443331514262314,2.8372895605483785e-07,0.026187751940492308,2.3089025437551222e-07,0.02937115551283961,-4.145254045870804
SR_Pu_UN_G1_C2_N_D5.0m_Lw_250.0cm_Epw40.0cm_w_concrete.o,C2,N,5.0,250.0,40.0,concrete,10,C2_H_10,2.19373e-07,0.0169,2.03233e-08,0.0261,2.106011033090493e-07,0.01622359683165346,2.1301353554436697e-06,0.018013219046950146,1.8344789149155392e-06,0.01839200717972852,-3.998621840860396
SR_Pu_UN_G1_C2_N_D5.0m_Lw_250.0cm_Epw20.0cm_w_concrete.o,C2,N,5.0,250.0,20.0,concrete,10,C2_H_10,1.26589e-06,0.0194,1.11963e-07,0.0355,1.2125776446495403e-06,0.018634612197709847,1.2597360005139213e-05,0.021409071461181605,1.0663870302706186e-05,0.020439871015094258,-4.211452444561509
SR_Pu_UN_G1_C2_N_D5.0m_Lw_250.0cm_Epw1.0cm_w_concrete.o,C2,N,5.0,250.0,1.0,concrete,10,C2_H_10,5.13846e-06,0.0214,2.50976e-07,0.0348,4.904819167506054e-06,0.02144834882894507,5.662162946216181e-05,0.02330463435784467,4.866458929070654e-05,0.022751448127435715,-4.5469037901228395
SR_Pu_UN_G1_C2_N_D50.0m_Lw_2500.0cm_Epw5.0cm_w_concrete.o,C2,N,50.0,2500.0,5.0,concrete,10,C2_H_10,4.36656e-08,0.0242,3.80898e-09,0.0169,4.176246015603944e-08,0.02414494745893286,4.4696795550359246e-07,0.02474090805179905,3.61377947321996e-07,0.028328179446389698,-4.358441986278814
SR_Pu_UN_G1_C2_N_D5.0m_Lw_250.0cm_Epw10.0cm_w_concrete.o,C2,N,5.0,250.0,10.0,concrete,10,C2_H_10,2.90194e-06,0.0214,2.02923e-07,0.035,2.776990692571894e-06,0.021302120468930295,3.043886304071897e-05,0.024246556627359816,2.575407205547664e-05,0.022786383034177925,-4.305716432045659
SR_Pu_UN_G1_C2_N_D300.0m_Lw_15000.0cm_Epw40.0cm_w_concrete.o,C2,N,300.0,15000.0,40.0,concrete,10,C2_H_10,1.63282e-11,0.0728,1.22049e-12,0.0437,1.569257757952443e-11,0.07302384924223025,1.7352013591864142e-10,0.07384602802976299,1.437834261879612e-10,0.08450187401740031,-3.8927892877081995
SR_Pu_UN_G1_C2_N_D300.0m_Lw_15000.0cm_Epw20.0cm_w_concrete.o,C2,N,300.0,15000.0,20.0,concrete,10,C2_H_10,9.73112e-11,0.0794,9.544e-12,0.0522,9.357615852272845e-11,0.07939394529801425,1.0349120867178256e-09,0.0868296488747312,7.914351671489918e-10,0.10019975963028227,-3.8382441869708317
SR_Pu_UN_G1_C2_N_D300.0m_Lw_15000.0cm_Epw1.0cm_w_concrete.o,C2,N,300.0,15000.0,1.0,concrete,10,C2_H_10,7.9952e-10,0.0752,7.56292e-11,0.0343,7.658635965148544e-10,0.07513460028857122,8.704082815176443e-09,0.08145266208341138,6.499785566476173e-09,0.09693888994630534,-4.209576181352018
SR_Pu_UN_G1_C2_N_D2.0m_Lw_100.0cm_Epw5.0cm_w_concrete.o,C2,N,2.0,100.0,5.0,concrete,10,C2_H_10,2.41978e-05,0.016,1.32339e-06,0.0307,2.3125409270068458e-05,0.015854942307403433,0.00026617083374454913,0.01800414663058262,0.00022503815418275494,0.01630641155449578,-4.43176954074975
SR_Pu_UN_G1_C2_N_D300.0m_Lw_15000.0cm_Epw10.0cm_w_concrete.o,C2,N,300.0,15000.0,10.0,concrete,10,C2_H_10,2.99877e-10,0.0779,3.11808e-11,0.0476,2.8733426198620275e-10,0.07748040232004273,3.212469724432733e-09,0.08725481499701392,2.3702691380922765e-09,0.10130339864395438,-4.182627548560651
SR_Pu_UN_G1_C2_N_D200.0m_Lw_10000.0cm_Epw40.0cm_w_concrete.o,C2,N,200.0,10000.0,40.0,concrete,10,C2_H_10,5.66181e-11,0.0554,4.76806e-12,0.0378,5.4317411471379455e-11,0.055355337956123074,6.06189783978567e-10,0.06001830423205933,4.853823652178573e-10,0.06645695173516819,-4.063521256666237
SR_Pu_UN_G1_C2_N_D200.0m_Lw_10000.0cm_Epw20.0cm_w_concrete.o,C2,N,200.0,10000.0,20.0,concrete,10,C2_H_10,4.06558e-10,0.067,3.99684e-11,0.0453,3.892088536396809e-10,0.06716024902199086,4.121350178139221e-09,0.07210721207549416,3.2636442392950386e-09,0.08486337045144988,-4.267323816114578
SR_Pu_UN_G1_C2_N_D200.0m_Lw_10000.0cm_Epw1.0cm_w_concrete.o,C2,N,200.0,10000.0,1.0,concrete,10,C2_H_10,2.98715e-09,0.0733,2.68927e-10,0.0334,2.8628899208745076e-09,0.07410335514014986,3.2047539100080786e-08,0.07256859270647567,2.4617939105189256e-08,0.09147816677947096,-4.159820535476703
SR_Pu_UN_G1_C2_N_D1200.0m_Lw_60000.0cm_Epw5.0cm_w_concrete.o,C2,N,1200.0,60000.0,5.0,concrete,10,C2_H_10,5.9172e-13,0.294,4.97876e-14,0.0616,5.642791134476743e-13,0.28817296330526676,5.723152019888537e-12,0.2059402996780581,4.6146204814169165e-12,0.3122965612417912,-4.6374782924906555
SR_Pu_UN_G1_C2_N_D200.0m_Lw_10000.0cm_Epw10.0cm_w_concrete.o,C2,N,200.0,10000.0,10.0,concrete,10,C2_H_10,1.35908e-09,0.0897,1.18901e-10,0.0452,1.30122852208111e-09,0.08968556660006284,1.4170883583816546e-08,0.08337221712945045,1.1249756512194586e-08,0.10442003056786152,-4.256664649534246
SR_Pu_UN_G1_C2_N_D20.0m_Lw_1000.0cm_Epw40.0cm_w_concrete.o,C2,N,20.0,1000.0,40.0,concrete,10,C2_H_10,1.18928e-08,0.0246,1.32678e-09,0.0693,1.1409395439726064e-08,0.015577515256516463,1.1075818992835461e-07,0.014605589206856768,9.330614444175857e-08,0.015009543356529898,-4.064682499276339
SR_Pu_UN_G1_C2_N_D20.0m_Lw_1000.0cm_Epw20.0cm_w_concrete.o,C2,N,20.0,1000.0,20.0,concrete,10,C2_H_10,7.70151e-08,0.0158,7.7773e-09,0.0227,7.376442714417415e-08,0.01570598069305321,7.461704733844328e-07,0.017641517872259496,6.213157114449554e-07,0.018023235409582606,-4.220825339220291
SR_Pu_UN_G1_C2_N_D20.0m_Lw_1000.0cm_Epw1.0cm_w_concrete.o,C2,N,20.0,1000.0,1.0,concrete,10,C2_H_10,3.40837e-07,0.018,2.22006e-08,0.0267,3.255558268844828e-07,0.01785644990153949,3.6638854739585223e-06,0.018715141500074195,3.0605612935943385e-06,0.019279845858306385,-4.483425542273043
SR_Pu_UN_G1_C2_N_D200.0m_Lw_10000.0cm_Epw5.0cm_w_concrete.o,C2,N,200.0,10000.0,5.0,concrete,10,C2_H_10,1.92659e-09,0.0727,1.76403e-10,0.0364,1.8457640814218197e-09,0.07254771171365426,2.0822306877356883e-08,0.06920564481352504,1.5766669031868035e-08,0.08658583853760142,-4.195283821580117
SR_Pu_UN_G1_C2_N_D20.0m_Lw_1000.0cm_Epw10.0cm_w_concrete.o,C2,N,20.0,1000.0,10.0,concrete,10,C2_H_10,1.79215e-07,0.0163,1.48843e-08,0.025,1.7180624659885186e-07,0.01625452374030351,1.8311642516942508e-06,0.018395009320518397,1.5223535651153585e-06,0.017835700530976765,-4.134002957982394
SR_Pu_UN_G1_C2_N_D2.0m_Lw_100.0cm_Epw40.0cm_w_concrete.o,C2,N,2.0,100.0,40.0,concrete,10,C2_H_10,1.39665e-06,0.0123,1.26541e-07,0.0206,1.340942007478114e-06,0.011119855175987016,1.3739527249042835e-05,0.013667590324653799,1.1769582030693e-05,0.012727637447448675,-3.9886866804056806
SR_Pu_UN_G1_C2_N_D2.0m_Lw_100.0cm_Epw20.0cm_w_concrete.o,C2,N,2.0,100.0,20.0,concrete,10,C2_H_10,7.75372e-06,0.0145,6.0529e-07,0.0247,7.429053991882701e-06,0.01413086925624569,7.79549064555105e-05,0.015204671983988758,6.735224282448285e-05,0.015192806199162466,-4.187228944523388
SR_Pu_UN_G1_C2_N_D2.0m_Lw_100.0cm_Epw1.0cm_w_concrete.o,C2,N,2.0,100.0,1.0,concrete,10,C2_H_10,2.92088e-05,0.015,1.42689e-06,0.0343,2.7824753777912135e-05,0.014735892396011347,0.0003239000782718962,0.01784087815510364,0.0002753048447041202,0.014044229943166722,-4.738456294294412
SR_Pu_UN_G1_C2_N_D20.0m_Lw_1000.0cm_Epw5.0cm_w_concrete.o,C2,N,20.0,1000.0,5.0,concrete,10,C2_H_10,2.6385e-07,0.0164,1.95039e-08,0.0228,2.5226425423430364e-07,0.016246169053185953,2.7758510936879342e-06,0.017864469416593632,2.2948058916611273e-06,0.017696871462960374,-4.3910349689961645
SR_Pu_UN_G1_C2_N_D2.0m_Lw_100.0cm_Epw10.0cm_w_concrete.o,C2,N,2.0,100.0,10.0,concrete,10,C2_H_10,1.72283e-05,0.0164,1.07586e-06,0.0247,1.647894133294033e-05,0.016021627858132673,0.00018494817224870634,0.019166274056779262,0.00015638600751386432,0.017110957556013245,-4.349579860228041
SR_Pu_UN_G1_C2_N_D1200.0m_Lw_60000.0cm_Epw40.0cm_w_concrete.o,C2,N,1200.0,60000.0,40.0,concrete,10,C2_H_10,1.22306e-14,0.0553,1.11891e-15,0.0256,1.1668664658182461e-14,0.05454893931009345,1.3138628108554866e-13,0.05023079226045813,9.856383485453148e-14,0.06565046835008125,-4.594503473399004
SR_Pu_UN_G1_C2_N_D1200.0m_Lw_60000.0cm_Epw20.0cm_w_concrete.o,C2,N,1200.0,60000.0,20.0,concrete,10,C2_H_10,7.65015e-14,0.0444,8.34835e-15,0.0305,7.319972933486893e-14,0.04337625387790713,8.224400669383671e-13,0.05308794246848905,5.797674000347292e-13,0.055870328566382,-4.315955458561033
SR_Pu_UN_G1_C2_N_D1200.0m_Lw_60000.0cm_Epw1.0cm_w_concrete.o,C2,N,1200.0,60000.0,1.0,concrete,10,C2_H_10,7.05303e-13,0.0665,7.92711e-14,0.0196,6.755101173153898e-13,0.06525302775551883,7.210646045122263e-12,0.052454817075514554,5.177018338444218e-12,0.07912809398977999,-4.224125331185354
SR_Pu_UN_G1_C2_N_D1.0m_Lw_50.0cm_Epw5.0cm_w_concrete.o,C2,N,1.0,50.0,5.0,concrete,10,C2_H_10,7.78484e-05,0.0102,3.97318e-06,0.0228,7.432673527065658e-05,0.00999287662021887,0.0008534685731053064,0.011878504125042875,0.000730138691486316,0.009813071831583158,-4.523747089655566
SR_Pu_UN_G1_C2_N_D1200.0m_Lw_60000.0cm_Epw10.0cm_w_concrete.o,C2,N,1200.0,60000.0,10.0,concrete,10,C2_H_10,2.9193e-13,0.1157,2.62254e-14,0.035,2.798048028610732e-13,0.11434116971915859,2.8409972640716764e-12,0.08915321562769385,2.288791732031137e-12,0.12859699881191164,-4.153460466182572
SR_Pu_UN_G1_C2_N_D1000.0m_Lw_50000.0cm_Epw40.0cm_w_concrete.o,C2,N,1000.0,50000.0,40.0,concrete,10,C2_H_10,5.45424e-14,0.0645,4.65134e-15,0.03,5.219841772916933e-14,0.06419479603669835,6.061986632870773e-13,0.06502543932421108,4.618673268917037e-13,0.08146849456234642,-4.297541492179786
SR_Pu_UN_G1_C2_N_D1000.0m_Lw_50000.0cm_Epw20.0cm_w_concrete.o,C2,N,1000.0,50000.0,20.0,concrete,10,C2_H_10,4.024e-13,0.0806,3.49928e-14,0.0363,3.8617432109161294e-13,0.0806961815434486,4.318243753643514e-12,0.08018894654003397,3.364062206069438e-12,0.10218275589499479,-4.03222636888346
SR_Pu_UN_G1_C2_N_D1000.0m_Lw_50000.0cm_Epw1.0cm_w_concrete.o,C2,N,1000.0,50000.0,1.0,concrete,10,C2_H_10,3.17085e-12,0.1141,3.24152e-13,0.0331,3.0465727082711392e-12,0.11602478501346554,3.309049441725199e-11,0.11801588682771194,2.4903660659258488e-11,0.15914661051439216,-3.9193683627059217
SR_Pu_UN_G1_C2_N_D1000.0m_Lw_50000.0cm_Epw10.0cm_w_concrete.o,C2,N,1000.0,50000.0,10.0,concrete,10,C2_H_10,1.41351e-12,0.1991,1.16267e-13,0.0709,1.3596397834356191e-12,0.20339643685402461,1.544058751478694e-11,0.20558429069921566,1.2234060517010765e-11,0.25892117519169805,-3.8110955397825834
SR_Pu_UN_G1_C2_N_D100.0m_Lw_5000.0cm_Epw40.0cm_w_concrete.o,C2,N,100.0,5000.0,40.0,concrete,10,C2_H_10,3.51562e-10,0.037,3.4704e-11,0.03,3.3735001436144903e-10,0.03682607364029802,3.4836888158006395e-09,0.04141011744913303,2.8755939207875116e-09,0.04579852274488181,-4.0425261087805175
SR_Pu_UN_G1_C2_N_D100.0m_Lw_5000.0cm_Epw20.0cm_w_concrete.o,C2,N,100.0,5000.0,20.0,concrete,10,C2_H_10,2.41633e-09,0.0551,2.45986e-10,0.0341,2.312395916059333e-09,0.054753548018042414,2.3307778743594936e-08,0.050666094146236386,1.901902576526077e-08,0.06250143563663739,-4.301319933149321
SR_Pu_UN_G1_C2_N_D100.0m_Lw_5000.0cm_Epw1.0cm_w_concrete.o,C2,N,100.0,5000.0,1.0,concrete,10,C2_H_10,1.41221e-08,0.0478,1.24203e-09,0.0275,1.3508753000330903e-08,0.04782623455623629,1.4914599462003252e-07,0.04787926839868933,1.1501865174270486e-07,0.056717376513507785,-4.34317133902958
SR_Pu_UN_G1_C2_N_D1000.0m_Lw_50000.0cm_Epw5.0cm_w_concrete.o,C2,N,1000.0,50000.0,5.0,concrete,10,C2_H_10,3.23565e-12,0.3177,2.26927e-13,0.1124,3.1425559723005764e-12,0.3233479642772839,3.252172748565943e-11,0.3199922312039509,2.866740026947959e-11,0.3861853635409197,-2.8771352803740644
SR_Pu_UN_G1_C2_N_D100.0m_Lw_5000.0cm_Epw10.0cm_w_concrete.o,C2,N,100.0,5000.0,10.0,concrete,10,C2_H_10,6.24819e-09,0.0527,6.17165e-10,0.0334,5.992411550180764e-09,0.05290269118535566,6.332868649101205e-08,0.053515329240684785,5.021127398886061e-08,0.06321274029824071,-4.09364071545897
SR_Pu_UN_G1_C2_N_D10.0m_Lw_500.0cm_Epw40.0cm_w_concrete.o,C2,N,10.0,500.0,40.0,concrete,10,C2_H_10,4.85199e-08,0.0198,4.772e-09,0.0306,4.65673757726163e-08,0.019335089860513653,4.6476267893744933e-07,0.020992861430199846,3.9743426374798646e-07,0.022095486174903728,-4.024171994137876
SR_Pu_UN_G1_C2_N_D10.0m_Lw_500.0cm_Epw20.0cm_w_concrete.o,C2,N,10.0,500.0,20.0,concrete,10,C2_H_10,3.27583e-07,0.0261,3.06317e-08,0.04,3.1398177451602596e-07,0.025712178576337955,3.190867064241558e-06,0.028469082004996465,2.7079107870357547e-06,0.029297197046071394,-4.151993688309236
SR_Pu_UN_G1_C2_N_D10.0m_Lw_500.0cm_Epw1.0cm_w_concrete.o,C2,N,10.0,500.0,1.0,concrete,10,C2_H_10,1.39771e-06,0.0263,8.52847e-08,0.0585,1.3329893777258578e-06,0.02602305195440035,1.4850101217711828e-05,0.027388348684090458,1.2686469216695795e-05,0.02601518885322326,-4.630475726305332
SR_Pu_UN_G1_C2_N_D100.0m_Lw_5000.0cm_Epw5.0cm_w_concrete.o,C2,N,100.0,5000.0,5.0,concrete,10,C2_H_10,1.04547e-08,0.0466,9.57708e-10,0.0287,9.990601373335742e-09,0.04611309064927043,1.0889391314093275e-07,0.04520574085533737,8.458751559477828e-08,0.05374029723279017,-4.439138633000067
SR_Pu_UN_G1_C2_N_D10.0m_Lw_500.0cm_Epw10.0cm_w_concrete.o,C2,N,10.0,500.0,10.0,concrete,10,C2_H_10,7.46765e-07,0.027,5.48438e-08,0.0439,7.138781976905719e-07,0.026845368152861995,7.691578593480344e-06,0.030064002864302528,6.519349374880396e-06,0.028703372260561622,-4.403902473927947
SR_Pu_UN_G1_C2_N_D1.0m_Lw_50.0cm_Epw40.0cm_w_concrete.o,C2,N,1.0,50.0,40.0,concrete,10,C2_H_10,5.24077e-06,0.007,4.96907e-07,0.0156,5.029443524526423e-06,0.005889350386602184,5.062078554458971e-05,0.005749219245577548,4.354447203569321e-05,0.00554581466457891,-4.032355464437046
SR_Pu_UN_G1_C2_N_D1.0m_Lw_50.0cm_Epw20.0cm_w_concrete.o,C2,N,1.0,50.0,20.0,concrete,10,C2_H_10,2.62465e-05,0.0071,1.95277e-06,0.0125,2.516326177089621e-05,0.006275195809775167,0.00026697355661824595,0.006946609780177391,0.0002307411711963109,0.006637801227426938,-4.127172114772605
SR_Pu_UN_G1_C2_N_D1.0m_Lw_50.0cm_Epw1.0cm_w_concrete.o,C2,N,1.0,50.0,1.0,concrete,10,C2_H_10,9.31365e-05,0.0085,4.15406e-06,0.0204,8.883861939644432e-05,0.00839088156529042,0.001028807526481179,0.009992556008599397,0.0008906268305964205,0.008516296941951341,-4.614603945344394
SR_Pu_UN_G1_C2_N_D1.0m_Lw_50.0cm_Epw10.0cm_w_concrete.o,C2,N,1.0,50.0,10.0,concrete,10,C2_H_10,5.64595e-05,0.0088,3.23624e-06,0.0157,5.398339776723759e-05,0.00835340604927214,0.0006056415819863012,0.009427056902675802,0.0005211263035281605,0.00878421925012287,-4.385625506358372
SR_Pu_UN_G1_C2_N_D700.0m_Lw_35000.0cm_Epw5.0cm_w_concrete.o,C2,N,700.0,35000.0,5.0,concrete,10,C2_H_10,1.99728e-11,0.1426,1.76895e-12,0.0454,1.9140607563709473e-11,0.1410100575286124,2.1508434871827853e-10,0.1351019887845496,1.6182848635023263e-10,0.1635241727724342,-4.166628796616036
SR_Pu_UN_G1_C2_N_D10.0m_Lw_500.0cm_Epw5.0cm_w_concrete.o,C2,N,10.0,500.0,5.0,concrete,10,C2_H_10,1.06076e-06,0.0245,7.18027e-08,0.047,1.014857681960896e-06,0.02430677368659969,1.1325348916301248e-05,0.02735438918625582,9.435571423687873e-06,0.025136871402427305,-4.3273047663094495
SR_Pu_UN_G1_C3_N_D1.0m_Lw_50.0cm_Epw10.0cm_w_concrete.o,C3,N,1.0,50.0,10.0,concrete,100,C3_H_100,4.58889e-05,0.0124,2.69386e-06,0.0148,4.3919643617137055e-05,0.012174322712540368,0.0004881374332075225,0.013539716687210235,0.0004224057087090367,0.013697625424226305,-4.291356695983006
SR_Pu_UN_G1_C3_N_D10.0m_Lw_500.0cm_Epw5.0cm_w_concrete.o,C3,N,10.0,500.0,5.0,concrete,100,C3_H_100,8.96466e-07,0.0217,6.34167e-08,0.044,8.567870676702583e-07,0.02156584649082016,9.392652838783032e-06,0.023647022319030677,7.851080480573882e-06,0.02173583098444704,-4.426150275609081
SR_Pu_UN_G1_C3_N_D1.0m_Lw_50.0cm_Epw1.0cm_w_concrete.o,C3,N,1.0,50.0,1.0,concrete,100,C3_H_100,7.43435e-05,0.0074,3.51538e-06,0.0135,7.093022645232187e-05,0.0073431708147716,0.0008080922170872521,0.008958899967393191,0.0007032220621867744,0.007641427158170846,-4.591219874875575
SR_Pu_UN_G1_C3_N_D1.0m_Lw_50.0cm_Epw20.0cm_w_concrete.o,C3,N,1.0,50.0,20.0,concrete,100,C3_H_100,2.13372e-05,0.0084,1.59625e-06,0.013,2.0453869022053065e-05,0.007570087042784859,0.00021635922304325236,0.0085785581635122,0.00018742980010280608,0.008444500322494526,-4.139863608847155
SR_Pu_UN_G1_C3_N_D1.0m_Lw_50.0cm_Epw40.0cm_w_concrete.o,C3,N,1.0,50.0,40.0,concrete,100,C3_H_100,4.28287e-06,0.0273,4.26863e-07,0.0833,4.1071596128045185e-06,0.022197110095825055,4.0609162914016184e-05,0.00975596397563653,3.4857041994560805e-05,0.005524408225417094,-4.102631814542145
SR_Pu_UN_G1_C3_N_D10.0m_Lw_500.0cm_Epw10.0cm_w_concrete.o,C3,N,10.0,500.0,10.0,concrete,100,C3_H_100,6.13868e-07,0.0235,4.77968e-08,0.0404,5.880591585064186e-07,0.023388683093691128,6.253547038126508e-06,0.026094464204467694,5.300863482536365e-06,0.024826710403949,-4.204298235708894
SR_Pu_UN_G1_C3_N_D100.0m_Lw_5000.0cm_Epw5.0cm_w_concrete.o,C3,N,100.0,5000.0,5.0,concrete,100,C3_H_100,8.89804e-09,0.052,8.35115e-10,0.0299,8.495655864569328e-09,0.05175065595220328,9.144332397835557e-08,0.05199808472357057,7.168395011153143e-08,0.06317354321268481,-4.522165953745669
SR_Pu_UN_G1_C3_N_D10.0m_Lw_500.0cm_Epw1.0cm_w_concrete.o,C3,N,10.0,500.0,1.0,concrete,100,C3_H_100,1.13828e-06,0.0237,7.16115e-08,0.0523,1.0868685240871435e-06,0.02365154022416635,1.2121751486210565e-05,0.025949902940460068,1.0243248486996533e-05,0.02365264280856854,-4.516593097731365
SR_Pu_UN_G1_C3_N_D10.0m_Lw_500.0cm_Epw20.0cm_w_concrete.o,C3,N,10.0,500.0,20.0,concrete,100,C3_H_100,2.56406e-07,0.0258,2.42432e-08,0.0368,2.460654282470678e-07,0.025502553064438542,2.486795597468731e-06,0.02946344740300723,2.111434800244863e-06,0.02921782799170449,-4.032889929616399
SR_Pu_UN_G1_C3_N_D10.0m_Lw_500.0cm_Epw40.0cm_w_concrete.o,C3,N,10.0,500.0,40.0,concrete,100,C3_H_100,4.21592e-08,0.0198,4.11616e-09,0.0305,4.0452915976574296e-08,0.01943579587569553,4.065200626910162e-07,0.021574146767046963,3.4665101327484236e-07,0.02218157615294415,-4.047240041143338
SR_Pu_UN_G1_C3_N_D100.0m_Lw_5000.0cm_Epw10.0cm_w_concrete.o,C3,N,100.0,5000.0,10.0,concrete,100,C3_H_100,5.5961e-09,0.0511,5.45622e-10,0.0332,5.355938258433311e-09,0.050980759143219784,5.7276738786156735e-08,0.05340481679740378,4.5323702183917263e-08,0.06261090319275207,-4.291591314785097
SR_Pu_UN_G1_C3_N_D1000.0m_Lw_50000.0cm_Epw5.0cm_w_concrete.o,C3,N,1000.0,50000.0,5.0,concrete,100,C3_H_100,1.55357e-12,0.1396,1.57377e-13,0.033,1.483513676236696e-12,0.13689856459857624,1.546949059994155e-11,0.09864369220262621,1.1587450672359355e-11,0.1561956941366672,-4.509376710628044
SR_Pu_UN_G1_C3_N_D100.0m_Lw_5000.0cm_Epw1.0cm_w_concrete.o,C3,N,100.0,5000.0,1.0,concrete,100,C3_H_100,1.22431e-08,0.0542,1.02545e-09,0.0307,1.1717766532209534e-08,0.0540850296547853,1.2994359130814142e-07,0.05336703689281621,1.0211401065329356e-07,0.06344415161528509,-4.2908533605905825
SR_Pu_UN_G1_C3_N_D100.0m_Lw_5000.0cm_Epw20.0cm_w_concrete.o,C3,N,100.0,5000.0,20.0,concrete,100,C3_H_100,2.01819e-09,0.0531,2.15399e-10,0.0414,1.9379829327835537e-09,0.053029370097967723,1.9673867851759062e-08,0.05536918167522583,1.584622165625924e-08,0.06581689443499315,-3.974207939611548
SR_Pu_UN_G1_C3_N_D100.0m_Lw_5000.0cm_Epw40.0cm_w_concrete.o,C3,N,100.0,5000.0,40.0,concrete,100,C3_H_100,2.65649e-10,0.0431,2.81312e-11,0.0404,2.546984760778761e-10,0.042293803768568054,2.631226786869037e-09,0.0474957117406166,2.1173540329770113e-09,0.05334062523243102,-4.122177731564549
SR_Pu_UN_G1_C3_N_D1000.0m_Lw_50000.0cm_Epw10.0cm_w_concrete.o,C3,N,1000.0,50000.0,10.0,concrete,100,C3_H_100,9.06017e-13,0.1608,8.59187e-14,0.0422,8.644297704344456e-13,0.15776084230142456,9.175052506536765e-12,0.11461231194962566,6.926672115034928e-12,0.17604104776434615,-4.590115810802045
SR_Pu_UN_G1_C3_N_D1000.0m_Lw_50000.0cm_Epw1.0cm_w_concrete.o,C3,N,1000.0,50000.0,1.0,concrete,100,C3_H_100,2.40432e-12,0.0393,2.61914e-13,0.02,2.3026979635930028e-12,0.0390507304903623,2.5457898849302944e-11,0.04081796277795851,1.821043505040929e-11,0.05099511439866422,-4.226643558552823
SR_Pu_UN_G1_C3_N_D1000.0m_Lw_50000.0cm_Epw20.0cm_w_concrete.o,C3,N,1000.0,50000.0,20.0,concrete,100,C3_H_100,3.10565e-13,0.0774,2.79168e-14,0.0433,2.972514242906899e-13,0.07694115583090225,3.5104851821974507e-12,0.08153728961704589,2.5697984453832293e-12,0.0960419108256623,-4.286888641447078
SR_Pu_UN_G1_C3_N_D1000.0m_Lw_50000.0cm_Epw40.0cm_w_concrete.o,C3,N,1000.0,50000.0,40.0,concrete,100,C3_H_100,4.56198e-14,0.1778,3.77939e-15,0.0464,4.349860174081671e-14,0.17412192211053842,4.747802412950812e-13,0.12178940923386851,3.6872638226364983e-13,0.18344978113396315,-4.649731605976542
SR_Pu_UN_G1_C3_N_D1200.0m_Lw_60000.0cm_Epw10.0cm_w_concrete.o,C3,N,1200.0,60000.0,10.0,concrete,100,C3_H_100,2.5107e-13,0.215,2.29388e-14,0.0499,2.394351137701077e-13,0.2108994107981664,2.5663994836534803e-12,0.1501111691639154,1.937308281768884e-12,0.2323657158492523,-4.634120456403515
SR_Pu_UN_G1_C3_N_D1.0m_Lw_50.0cm_Epw5.0cm_w_concrete.o,C3,N,1.0,50.0,5.0,concrete,100,C3_H_100,6.42711e-05,0.0133,3.2922e-06,0.0148,6.141343011603615e-05,0.013163111219872445,0.000698787546788476,0.014957412216013164,0.0006033256524348284,0.014475243936993445,-4.446275050471915
SR_Pu_UN_G1_C3_N_D1200.0m_Lw_60000.0cm_Epw1.0cm_w_concrete.o,C3,N,1200.0,60000.0,1.0,concrete,100,C3_H_100,5.40393e-13,0.0395,6.42676e-14,0.0188,5.189531536330278e-13,0.040060767162286334,5.611325418246438e-12,0.04010908638456778,3.931790633012742e-12,0.05291903282397988,-3.967454494594163
SR_Pu_UN_G1_C3_N_D1200.0m_Lw_60000.0cm_Epw20.0cm_w_concrete.o,C3,N,1200.0,60000.0,20.0,concrete,100,C3_H_100,8.23464e-14,0.0802,7.75558e-15,0.0398,7.863836232733264e-14,0.07937273441401521,9.017061935869544e-13,0.08488359394780838,6.613403822445511e-13,0.09617207071258395,-4.502974838811847
SR_Pu_UN_G1_C3_N_D1200.0m_Lw_60000.0cm_Epw40.0cm_w_concrete.o,C3,N,1200.0,60000.0,40.0,concrete,100,C3_H_100,1.2639e-14,0.1776,1.00083e-15,0.0464,1.2050751015977075e-14,0.1743170909030721,1.308076885891346e-13,0.12329846832815286,1.0289777823145662e-13,0.18343864280254088,-4.65423675941867
SR_Pu_UN_G1_C3_N_D2.0m_Lw_100.0cm_Epw10.0cm_w_concrete.o,C3,N,2.0,100.0,10.0,concrete,100,C3_H_100,1.38573e-05,0.0164,8.53631e-07,0.0222,1.3261681314487413e-05,0.016274452144250984,0.00014763289243387715,0.019132711059961,0.0001261962474686759,0.01754565029188767,-4.2982304309828585
SR_Pu_UN_G1_C3_N_D20.0m_Lw_1000.0cm_Epw5.0cm_w_concrete.o,C3,N,20.0,1000.0,5.0,concrete,100,C3_H_100,2.23681e-07,0.0164,1.73268e-08,0.0231,2.1395991241443627e-07,0.016311356697723954,2.3198079480020535e-06,0.017754090655555332,1.922349089834668e-06,0.017879265560416503,-4.345960356741848
SR_Pu_UN_G1_C3_N_D2.0m_Lw_100.0cm_Epw1.0cm_w_concrete.o,C3,N,2.0,100.0,1.0,concrete,100,C3_H_100,2.42641e-05,0.0183,1.29044e-06,0.0544,2.312469692044056e-05,0.018033901033873888,0.00026163906737030034,0.01911325643374279,0.00022516015357643303,0.015814714196651397,-4.69583903610453
SR_Pu_UN_G1_C3_N_D2.0m_Lw_100.0cm_Epw20.0cm_w_concrete.o,C3,N,2.0,100.0,20.0,concrete,100,C3_H_100,6.37346e-06,0.0152,5.15112e-07,0.0249,6.108776704973096e-06,0.014923575294598364,6.375888076981984e-05,0.016623968701056285,5.5077627246755534e-05,0.01657067694426418,-4.152898033829407
SR_Pu_UN_G1_C3_N_D2.0m_Lw_100.0cm_Epw40.0cm_w_concrete.o,C3,N,2.0,100.0,40.0,concrete,100,C3_H_100,1.16418e-06,0.0134,1.07803e-07,0.029,1.1171588987699759e-06,0.011317605490691825,1.1257064648747433e-05,0.01202376271258152,9.736104746710827e-06,0.012354362656733115,-4.0389889218182935
SR_Pu_UN_G1_C3_N_D20.0m_Lw_1000.0cm_Epw10.0cm_w_concrete.o,C3,N,20.0,1000.0,10.0,concrete,100,C3_H_100,1.54354e-07,0.0181,1.36699e-08,0.0287,1.4800035369551745e-07,0.018007908180472446,1.5473157457179149e-06,0.020220184316913706,1.2830510536409704e-06,0.019432246442110602,-4.116282250205731
SR_Pu_UN_G1_C3_N_D200.0m_Lw_10000.0cm_Epw5.0cm_w_concrete.o,C3,N,200.0,10000.0,5.0,concrete,100,C3_H_100,1.82536e-09,0.1088,1.57183e-10,0.0421,1.736067049329038e-09,0.10733102612705177,1.8355895745618283e-08,0.09165453545549258,1.4640948731689498e-08,0.1244983616259447,-4.891799462624474
SR_Pu_UN_G1_C3_N_D20.0m_Lw_1000.0cm_Epw1.0cm_w_concrete.o,C3,N,20.0,1000.0,1.0,concrete,100,C3_H_100,2.84967e-07,0.0182,1.95182e-08,0.0259,2.7232585767328596e-07,0.018117992567334727,2.997856181608211e-06,0.01904834603937954,2.520344960447181e-06,0.019581411855120058,-4.4360021780466
SR_Pu_UN_G1_C3_N_D20.0m_Lw_1000.0cm_Epw20.0cm_w_concrete.o,C3,N,20.0,1000.0,20.0,concrete,100,C3_H_100,6.35342e-08,0.0168,6.21201e-09,0.0245,6.089211916127607e-08,0.01663565282221887,6.208979202380658e-07,0.018840160167027945,5.183597675667616e-07,0.018823983417185528,-4.158517520837483
SR_Pu_UN_G1_C3_N_D20.0m_Lw_1000.0cm_Epw40.0cm_w_concrete.o,C3,N,20.0,1000.0,40.0,concrete,100,C3_H_100,1.00356e-08,0.0187,1.1258e-09,0.046,9.624364021148961e-09,0.014456883596616184,9.335938949878066e-08,0.014730950335865039,7.856319405618331e-08,0.015313658476573372,-4.097771721182974
SR_Pu_UN_G1_C3_N_D200.0m_Lw_10000.0cm_Epw10.0cm_w_concrete.o,C3,N,200.0,10000.0,10.0,concrete,100,C3_H_100,9.99404e-10,0.0963,9.10875e-11,0.0479,9.535388455383433e-10,0.09560267099949722,1.03102157836652e-08,0.09207268346980581,8.16979847666888e-09,0.115264084339482,-4.589250639546829
SR_Pu_UN_G1_C3_N_D1200.0m_Lw_60000.0cm_Epw5.0cm_w_concrete.o,C3,N,1200.0,60000.0,5.0,concrete,100,C3_H_100,3.24607e-13,0.0361,3.85264e-14,0.0243,3.1052708652162717e-13,0.03575361088555836,3.4625856138012027e-12,0.045012814758416696,2.3568862732438305e-12,0.047083814859722205,-4.337526140339807
SR_Pu_UN_G1_C3_N_D200.0m_Lw_10000.0cm_Epw1.0cm_w_concrete.o,C3,N,200.0,10000.0,1.0,concrete,100,C3_H_100,2.55124e-09,0.0952,2.21958e-10,0.037,2.4389313423509757e-09,0.09576441731219433,2.630315808168419e-08,0.08289208634520717,2.0734700344509115e-08,0.11065429007446613,-4.4021204453138205
SR_Pu_UN_G1_C3_N_D200.0m_Lw_10000.0cm_Epw20.0cm_w_concrete.o,C3,N,200.0,10000.0,20.0,concrete,100,C3_H_100,3.60919e-10,0.0825,3.32446e-11,0.0566,3.461298577252741e-10,0.08244094448163224,3.790778968230884e-09,0.08802962877916687,2.9723710147265703e-09,0.10040051625239732,-4.097634725444187
SR_Pu_UN_G1_C3_N_D200.0m_Lw_10000.0cm_Epw40.0cm_w_concrete.o,C3,N,200.0,10000.0,40.0,concrete,100,C3_H_100,4.54994e-11,0.0683,3.9794e-12,0.0541,4.355668058425219e-11,0.06803012078908478,4.669052685649128e-10,0.07040140722646389,3.828602585691741e-10,0.08028081690358804,-4.2697693062937265
SR_Pu_UN_G1_C3_N_D300.0m_Lw_15000.0cm_Epw10.0cm_w_concrete.o,C3,N,300.0,15000.0,10.0,concrete,100,C3_H_100,2.23836e-10,0.0864,2.42598e-11,0.0559,2.1483396967337445e-10,0.08628624987849501,2.333305402175328e-09,0.09679175558657481,1.726582652567525e-09,0.11276532313675702,-4.021708003460365
SR_Pu_UN_G1_C3_N_D2.0m_Lw_100.0cm_Epw5.0cm_w_concrete.o,C3,N,2.0,100.0,5.0,concrete,100,C3_H_100,1.98854e-05,0.0172,1.13815e-06,0.031,1.9008651164307755e-05,0.017133813426151192,0.00021448396223814923,0.019295104416606774,0.00018358249555484494,0.018209454088839838,-4.409007793115783
SR_Pu_UN_G1_C3_N_D300.0m_Lw_15000.0cm_Epw1.0cm_w_concrete.o,C3,N,300.0,15000.0,1.0,concrete,100,C3_H_100,6.44953e-10,0.0613,6.55277e-11,0.0339,6.164384495473341e-10,0.06045629798253556,7.215518937006859e-09,0.06968247929390783,5.061143685523061e-09,0.0771548937547126,-4.421182698997577
SR_Pu_UN_G1_C3_N_D300.0m_Lw_15000.0cm_Epw20.0cm_w_concrete.o,C3,N,300.0,15000.0,20.0,concrete,100,C3_H_100,1.15037e-10,0.1477,8.37976e-12,0.0646,1.1012965008152206e-10,0.14683168457249707,1.187423101176299e-09,0.12576721065642016,9.966963799880647e-10,0.1593885062811546,-4.265888295485742
SR_Pu_UN_G1_C3_N_D300.0m_Lw_15000.0cm_Epw40.0cm_w_concrete.o,C3,N,300.0,15000.0,40.0,concrete,100,C3_H_100,1.55359e-11,0.0925,1.14258e-12,0.0543,1.4909452235955422e-11,0.09211103202745588,1.6574100341590776e-10,0.09761096771198054,1.3720447333803317e-10,0.10729412464806329,-4.0322592450040124
SR_Pu_UN_G1_C3_N_D5.0m_Lw_250.0cm_Epw10.0cm_w_concrete.o,C3,N,5.0,250.0,10.0,concrete,100,C3_H_100,2.52776e-06,0.0215,1.893e-07,0.0417,2.421362925973778e-06,0.021429918853943516,2.633972335918213e-05,0.024017929298399222,2.2108689298413323e-05,0.022503809141357408,-4.2091446191973025
SR_Pu_UN_G1_C3_N_D50.0m_Lw_2500.0cm_Epw5.0cm_w_concrete.o,C3,N,50.0,2500.0,5.0,concrete,100,C3_H_100,3.64883e-08,0.0281,3.19008e-09,0.0192,3.491394286806077e-08,0.028062570355944123,3.732307860203822e-07,0.028393713648798932,3.0187997129160793e-07,0.0327562480836503,-4.314690275894542
SR_Pu_UN_G1_C3_N_D5.0m_Lw_250.0cm_Epw1.0cm_w_concrete.o,C3,N,5.0,250.0,1.0,concrete,100,C3_H_100,4.6489e-06,0.0508,2.43678e-07,0.0528,4.436244126734789e-06,0.051270473628400516,5.1599529464241295e-05,0.06334642309441817,4.352324406992375e-05,0.057438411176172974,-4.574326685134339
SR_Pu_UN_G1_C3_N_D5.0m_Lw_250.0cm_Epw20.0cm_w_concrete.o,C3,N,5.0,250.0,20.0,concrete,100,C3_H_100,1.09178e-06,0.0234,9.65608e-08,0.0425,1.047175308675295e-06,0.02320399261253879,1.0852549985445487e-05,0.02631196155230612,9.205974933727212e-06,0.024997576371887386,-4.085501779177576
SR_Pu_UN_G1_C3_N_D5.0m_Lw_250.0cm_Epw40.0cm_w_concrete.o,C3,N,5.0,250.0,40.0,concrete,100,C3_H_100,1.87532e-07,0.0199,1.87769e-08,0.0396,1.800397270592439e-07,0.018455153242686064,1.7904389105637847e-06,0.020216434101385787,1.524293051850854e-06,0.020180466546774474,-3.995197054772567
SR_Pu_UN_G1_C3_N_D50.0m_Lw_2500.0cm_Epw10.0cm_w_concrete.o,C3,N,50.0,2500.0,10.0,concrete,100,C3_H_100,2.40985e-08,0.0266,2.29422e-09,0.0208,2.3091603311501824e-08,0.026495832366599414,2.4240649447483264e-07,0.028277880042052297,1.959549411221673e-07,0.031701891652942335,-4.1782546154249225
SR_Pu_UN_G1_C3_N_D500.0m_Lw_25000.0cm_Epw5.0cm_w_concrete.o,C3,N,500.0,25000.0,5.0,concrete,100,C3_H_100,8.6704e-11,0.1908,7.08999e-12,0.0535,8.2809388582217e-11,0.1876168846566218,9.047897860170789e-10,0.13948671930801326,7.078402451147955e-10,0.20248340997020467,-4.491847455461115
SR_Pu_UN_G1_C3_N_D50.0m_Lw_2500.0cm_Epw1.0cm_w_concrete.o,C3,N,50.0,2500.0,1.0,concrete,100,C3_H_100,4.72082e-08,0.0314,3.93e-09,0.0191,4.51034862758889e-08,0.031357673696464826,4.877755595911992e-07,0.03144649634754051,3.949345277930528e-07,0.03700326965790541,-4.458364699588415
SR_Pu_UN_G1_C3_N_D50.0m_Lw_2500.0cm_Epw20.0cm_w_concrete.o,C3,N,50.0,2500.0,20.0,concrete,100,C3_H_100,9.66947e-09,0.0249,1.05417e-09,0.0242,9.266663245341933e-09,0.02476346996907374,9.22777843488316e-08,0.028146284866715318,7.558313327796315e-08,0.030355599705974585,-4.165758357573544
SR_Pu_UN_G1_C3_N_D50.0m_Lw_2500.0cm_Epw40.0cm_w_concrete.o,C3,N,50.0,2500.0,40.0,concrete,100,C3_H_100,1.43198e-09,0.0207,1.50557e-10,0.0348,1.3738114436729136e-09,0.018981492164886423,1.3644661956417166e-08,0.020299651486320278,1.1455630550297763e-08,0.022577448293688965,-4.062106756175818
SR_Pu_UN_G1_C3_N_D500.0m_Lw_25000.0cm_Epw10.0cm_w_concrete.o,C3,N,500.0,25000.0,10.0,concrete,100,C3_H_100,4.19019e-11,0.1031,3.86747e-12,0.0506,3.9938305846672585e-11,0.10191419470849,4.455171506122612e-10,0.09525558581623196,3.3709631976733446e-10,0.12356923882082123,-4.6861697281684425
SR_Pu_UN_G1_C3_N_D300.0m_Lw_15000.0cm_Epw5.0cm_w_concrete.o,C3,N,300.0,15000.0,5.0,concrete,100,C3_H_100,3.9225e-10,0.0683,4.21619e-11,0.0389,3.767139079863688e-10,0.06832433554863933,4.16389155456382e-09,0.07833370675742636,3.033387681820208e-09,0.08964141981130327,-3.9607627823151654
SR_Pu_UN_G1_C3_N_D500.0m_Lw_25000.0cm_Epw1.0cm_w_concrete.o,C3,N,500.0,25000.0,1.0,concrete,100,C3_H_100,1.10935e-10,0.1276,1.06679e-11,0.0372,1.0559782085511997e-10,0.125371887369265,1.1577486671885909e-09,0.09407756865018277,8.528893680336331e-10,0.14095215473511896,-4.811086802974747
SR_Pu_UN_G1_C3_N_D500.0m_Lw_25000.0cm_Epw20.0cm_w_concrete.o,C3,N,500.0,25000.0,20.0,concrete,100,C3_H_100,1.39476e-11,0.13,1.18735e-12,0.0651,1.3329002916091717e-11,0.1294817366094577,1.5342346857638737e-10,0.13140428539330515,1.1829063215005748e-10,0.1586364185499509,-4.435150734952847
SR_Pu_UN_G1_C3_N_D500.0m_Lw_25000.0cm_Epw40.0cm_w_concrete.o,C3,N,500.0,25000.0,40.0,concrete,100,C3_H_100,2.08893e-12,0.1167,1.51209e-13,0.0559,1.9953872193032258e-12,0.1161471521602394,2.169413960521559e-11,0.10563223815281134,1.8067494480432842e-11,0.13025556467822372,-4.478023710549148
SR_Pu_UN_G1_C3_N_D700.0m_Lw_35000.0cm_Epw10.0cm_w_concrete.o,C3,N,700.0,35000.0,10.0,concrete,100,C3_H_100,9.63211e-12,0.1211,8.00568e-13,0.0461,9.285522066428081e-12,0.12169787911582397,1.00940732166515e-10,0.1140675186859079,8.056629947621228e-11,0.14444019672584493,-3.598255559497544
SR_Pu_UN_G1_C3_N_D5.0m_Lw_250.0cm_Epw5.0cm_w_concrete.o,C3,N,5.0,250.0,5.0,concrete,100,C3_H_100,3.65507e-06,0.0274,2.30053e-07,0.0461,3.5009129851466695e-06,0.027326404260653955,3.941199252174069e-05,0.03231156107196389,3.315390748287688e-05,0.029494409303101186,-4.2176214095306115
SR_Pu_UN_G1_C3_N_D700.0m_Lw_35000.0cm_Epw1.0cm_w_concrete.o,C3,N,700.0,35000.0,1.0,concrete,100,C3_H_100,2.2481e-11,0.0968,2.29026e-12,0.0265,2.154011351554123e-11,0.09508102327889909,2.2814510296790793e-10,0.07146110039618321,1.701141882086743e-10,0.11047099613594612,-4.185251921439301
SR_Pu_UN_G1_C3_N_D700.0m_Lw_35000.0cm_Epw20.0cm_w_concrete.o,C3,N,700.0,35000.0,20.0,concrete,100,C3_H_100,3.30383e-12,0.1887,2.44786e-13,0.06,3.1483615592329413e-12,0.1855882743056092,3.289034339679457e-11,0.1372341024789428,2.689185850246884e-11,0.19543371052559538,-4.705703403839142
SR_Pu_UN_G1_C3_N_D700.0m_Lw_35000.0cm_Epw40.0cm_w_concrete.o,C3,N,700.0,35000.0,40.0,concrete,100,C3_H_100,3.91712e-13,0.0748,3.17916e-14,0.0393,3.7496389248946624e-13,0.0742901527712314,4.354949269949687e-12,0.07487825721482629,3.365179699357786e-12,0.08982665462108243,-4.2756176758776245
SR_Pu_UN_G1_C3_N_D700.0m_Lw_35000.0cm_Epw5.0cm_w_concrete.o,C3,N,700.0,35000.0,5.0,concrete,100,C3_H_100,1.69451e-11,0.1441,1.46008e-12,0.0414,1.621925855589492e-11,0.14202403536967462,1.7315885244813237e-10,0.11637883214803363,1.35658234764901e-10,0.16026817656315148,-4.283488702368709
SR_Pu_UN_G1_C3_P_D1.0m_Lw_50.0cm_Epw10.0cm_w_concrete.o,C3,P,1.0,50.0,10.0,concrete,100,C3_H_100,3.20625e-05,0.0011,8.21614e-06,0.0033,3.2111024381649956e-05,0.0010667856089461966,3.1686229449964557e-05,0.0010399085988097155,2.732515003492207e-05,0.0010188483675048347,
SR_Pu_UN_G1_C3_P_D10.0m_Lw_500.0cm_Epw5.0cm_w_concrete.o,C3,P,10.0,500.0,5.0,concrete,100,C3_H_100,5.85014e-07,0.0026,1.53571e-07,0.0113,5.858307143134147e-07,0.00257644388040047,5.781652316949153e-07,0.0025613047862630945,4.981926989505787e-07,0.002226643909811049,
SR_Pu_UN_G1_C3_P_D1.0m_Lw_50.0cm_Epw1.0cm_w_concrete.o,C3,P,1.0,50.0,1.0,concrete,100,C3_H_100,5.43753e-05,0.0008,1.15554e-05,0.003,5.44366326162411e-05,0.0007773587737116935,5.390409689561202e-05,0.0007530622544595474,4.661005831496865e-05,0.0007385683554675762,
SR_Pu_UN_G1_C3_P_D1.0m_Lw_50.0cm_Epw20.0cm_w_concrete.o,C3,P,1.0,50.0,20.0,concrete,100,C3_H_100,1.79585e-05,0.0019,4.28705e-06,0.0049,1.7994409962120635e-05,0.0018134460590412205,1.776282404811821e-05,0.0017934556425013655,1.5321149156253342e-05,0.001779924165798126,
SR_Pu_UN_G1_C3_P_D1.0m_Lw_50.0cm_Epw40.0cm_w_concrete.o,C3,P,1.0,50.0,40.0,concrete,100,C3_H_100,6.39364e-06,0.0033,1.26632e-06,0.0124,6.410079384811731e-06,0.0029772666147172898,6.333165849980395e-06,0.0029025631400718906,5.463757384556779e-06,0.0028639082787978486,
SR_Pu_UN_G1_C3_P_D10.0m_Lw_500.0cm_Epw10.0cm_w_concrete.o,C3,P,10.0,500.0,10.0,concrete,100,C3_H_100,4.16753e-07,0.0026,1.08834e-07,0.0063,4.175260020448581e-07,0.002547234266504481,4.118723791440955e-07,0.0025126181179460708,3.5512856439774265e-07,0.0024816254801271935,
SR_Pu_UN_G1_C3_P_D100.0m_Lw_5000.0cm_Epw5.0cm_w_concrete.o,C3,P,100.0,5000.0,5.0,concrete,100,C3_H_100,4.69007e-09,0.0541,1.45011e-09,0.0251,4.698886075937741e-09,0.0539017336826538,4.6257973698990285e-09,0.05452235414060818,3.974557929298777e-09,0.05530441158311678,
SR_Pu_UN_G1_C3_P_D10.0m_Lw_500.0cm_Epw1.0cm_w_concrete.o,C3,P,10.0,500.0,1.0,concrete,100,C3_H_100,7.48653e-07,0.0018,1.77975e-07,0.0067,7.496259902968786e-07,0.0017972333458607986,7.410919912373016e-07,0.0017628939171965615,6.396024337858078e-07,0.0017000952560147745,
SR_Pu_UN_G1_C3_P_D10.0m_Lw_500.0cm_Epw20.0cm_w_concrete.o,C3,P,10.0,500.0,20.0,concrete,100,C3_H_100,2.24834e-07,0.0043,5.38639e-08,0.0096,2.253564978055574e-07,0.00425031269083607,2.224484360988175e-07,0.0042224442996841305,1.918484846664416e-07,0.004187362869884232,
SR_Pu_UN_G1_C3_P_D10.0m_Lw_500.0cm_Epw40.0cm_w_concrete.o,C3,P,10.0,500.0,40.0,concrete,100,C3_H_100,7.03334e-08,0.0081,1.38648e-08,0.0147,7.051962594712748e-08,0.00806161119848045,6.968947926261059e-08,0.008053914443557075,6.014895129896596e-08,0.008040312459253051,
SR_Pu_UN_G1_C3_P_D100.0m_Lw_5000.0cm_Epw10.0cm_w_concrete.o,C3,P,100.0,5000.0,10.0,concrete,100,C3_H_100,3.30883e-09,0.0632,9.71465e-10,0.0335,3.3169383855575715e-09,0.06317571466077714,3.267585599839509e-09,0.06385451889515913,2.8072056865995994e-09,0.06481511270663941,
SR_Pu_UN_G1_C3_P_D1000.0m_Lw_50000.0cm_Epw5.0cm_w_concrete.o,C3,P,1000.0,50000.0,5.0,concrete,100,C3_H_100,1.30171e-12,0.2311,3.52316e-13,0.0584,1.3131540885570587e-12,0.23592061953796162,1.2875747050417705e-12,0.23319327396255735,1.083673169229487e-12,0.22517571131233496,
SR_Pu_UN_G1_C3_P_D100.0m_Lw_5000.0cm_Epw1.0cm_w_concrete.o,C3,P,100.0,5000.0,1.0,concrete,100,C3_H_100,6.16223e-09,0.0465,1.91983e-09,0.0246,6.1768844251429364e-09,0.04645128729416408,6.0851339952316116e-09,0.04698891055644373,5.224038263302314e-09,0.04768666661447472,
SR_Pu_UN_G1_C3_P_D100.0m_Lw_5000.0cm_Epw20.0cm_w_concrete.o,C3,P,100.0,5000.0,20.0,concrete,100,C3_H_100,1.79989e-09,0.0654,4.67757e-10,0.032,1.8053263498621765e-09,0.06495975222837629,1.7787021965805406e-09,0.06548431725533806,1.529751983891109e-09,0.0663888905449613,
SR_Pu_UN_G1_C3_P_D100.0m_Lw_5000.0cm_Epw40.0cm_w_concrete.o,C3,P,100.0,5000.0,40.0,concrete,100,C3_H_100,5.27357e-10,0.0895,1.27359e-10,0.056,5.285748977570866e-10,0.0888745595667594,5.213566594480197e-10,0.09007989489273344,4.483507326657795e-10,0.09148878479793424,
SR_Pu_UN_G1_C3_P_D1000.0m_Lw_50000.0cm_Epw10.0cm_w_concrete.o,C3,P,1000.0,50000.0,10.0,concrete,100,C3_H_100,1.17868e-12,0.2313,2.9465e-13,0.1074,1.187834275627063e-12,0.2326038386830827,1.172831525197711e-12,0.23521842211502536,1.0067245390167172e-12,0.23815828473533593,
SR_Pu_UN_G1_C3_P_D1000.0m_Lw_50000.0cm_Epw1.0cm_w_concrete.o,C3,P,1000.0,50000.0,1.0,concrete,100,C3_H_100,1.60208e-12,0.1192,4.73951e-13,0.0439,1.613621390231448e-12,0.12009061387984962,1.5821494346541725e-12,0.12036211665110903,1.3406870390327811e-12,0.12014224176025673,
SR_Pu_UN_G1_C3_P_D1000.0m_Lw_50000.0cm_Epw20.0cm_w_concrete.o,C3,P,1000.0,50000.0,20.0,concrete,100,C3_H_100,6.11486e-13,0.1235,1.63965e-13,0.0615,6.137140863676401e-13,0.12287352562111252,6.049277188108668e-13,0.12402498989524917,5.191955935402721e-13,0.12542111426546287,
SR_Pu_UN_G1_C3_P_D1000.0m_Lw_50000.0cm_Epw40.0cm_w_concrete.o,C3,P,1000.0,50000.0,40.0,concrete,100,C3_H_100,4.24581e-13,0.5682,7.07778e-14,0.2686,4.2829708353298965e-13,0.5702872015447038,4.225238380642548e-13,0.5725730841111002,3.642894340790252e-13,0.5799841516729936,
SR_Pu_UN_G1_C3_P_D1200.0m_Lw_60000.0cm_Epw10.0cm_w_concrete.o,C3,P,1200.0,60000.0,10.0,concrete,100,C3_H_100,5.3278e-13,0.2846,9.37232e-14,0.1165,5.348896227982041e-13,0.28390152920152434,5.281667485001335e-13,0.2836865862856175,4.558423629327709e-13,0.28455692489215084,
SR_Pu_UN_G1_C3_P_D1.0m_Lw_50.0cm_Epw5.0cm_w_concrete.o,C3,P,1.0,50.0,5.0,concrete,100,C3_H_100,4.35848e-05,0.0008,1.06084e-05,0.0025,4.364269521780022e-05,0.0007989824667634935,4.311218184808058e-05,0.0007767924112249999,3.720974446688492e-05,0.000761250864157003,
SR_Pu_UN_G1_C3_P_D1200.0m_Lw_60000.0cm_Epw1.0cm_w_concrete.o,C3,P,1200.0,60000.0,1.0,concrete,100,C3_H_100,6.09294e-13,0.1636,1.62027e-13,0.0598,6.125730089708792e-13,0.16403362539878827,6.036611625536261e-13,0.16552108158997422,5.175648597031964e-13,0.1685198791966621,
SR_Pu_UN_G1_C3_P_D1200.0m_Lw_60000.0cm_Epw20.0cm_w_concrete.o,C3,P,1200.0,60000.0,20.0,concrete,100,C3_H_100,2.88939e-13,0.3539,5.83883e-14,0.1342,2.8977488991049006e-13,0.3532788460390733,2.8558121187739374e-13,0.3543187186120783,2.4543255820035866e-13,0.35760256117721073,
SR_Pu_UN_G1_C3_P_D1200.0m_Lw_60000.0cm_Epw40.0cm_w_concrete.o,C3,P,1200.0,60000.0,40.0,concrete,100,C3_H_100,5.20283e-14,0.2437,1.41063e-14,0.1027,5.190882246517503e-14,0.24332292624101642,5.1200551550904226e-14,0.24636364944954545,4.3967257026765555e-14,0.24911832874876508,
SR_Pu_UN_G1_C3_P_D2.0m_Lw_100.0cm_Epw10.0cm_w_concrete.o,C3,P,2.0,100.0,10.0,concrete,100,C3_H_100,9.48379e-06,0.0019,2.49026e-06,0.005,9.49911133343982e-06,0.0019099703298037464,9.368610172455462e-06,0.0018748733017939282,8.075957453804069e-06,0.0018449064416956788,
SR_Pu_UN_G1_C3_P_D20.0m_Lw_1000.0cm_Epw5.0cm_w_concrete.o,C3,P,20.0,1000.0,5.0,concrete,100,C3_H_100,1.42252e-07,0.0031,3.78835e-08,0.0059,1.424960377431601e-07,0.003106619849976906,1.4057042112778433e-07,0.0030919222616554404,1.2118672220759076e-07,0.003080474212729595,
SR_Pu_UN_G1_C3_P_D2.0m_Lw_100.0cm_Epw1.0cm_w_concrete.o,C3,P,2.0,100.0,1.0,concrete,100,C3_H_100,1.61841e-05,0.0013,3.72217e-06,0.0048,1.6205945106678355e-05,0.0013145588372742492,1.6024837100501558e-05,0.0012625571895272356,1.3842438930496657e-05,0.0012316135106251532,
SR_Pu_UN_G1_C3_P_D2.0m_Lw_100.0cm_Epw20.0cm_w_concrete.o,C3,P,2.0,100.0,20.0,concrete,100,C3_H_100,5.31878e-06,0.0034,1.28869e-06,0.0084,5.328818839240986e-06,0.0033947726487843334,5.257990969106085e-06,0.003348919462982636,4.533197731542257e-06,0.003301406483982242,
SR_Pu_UN_G1_C3_P_D2.0m_Lw_100.0cm_Epw40.0cm_w_concrete.o,C3,P,2.0,100.0,40.0,concrete,100,C3_H_100,1.83168e-06,0.0066,3.69298e-07,0.0125,1.8360960643744472e-06,0.006420174189405708,1.81379375336415e-06,0.00639830817198707,1.5646758380633863e-06,0.0063668011905719255,
SR_Pu_UN_G1_C3_P_D20.0m_Lw_1000.0cm_Epw10.0cm_w_concrete.o,C3,P,20.0,1000.0,10.0,concrete,100,C3_H_100,1.01069e-07,0.0042,2.66047e-08,0.009,1.0125592681958053e-07,0.004231020776210695,9.986944354304252e-08,0.004200455237638864,8.607422894534719e-08,0.004171107019865706,
SR_Pu_UN_G1_C3_P_D200.0m_Lw_10000.0cm_Epw5.0cm_w_concrete.o,C3,P,200.0,10000.0,5.0,concrete,100,C3_H_100,6.52686e-10,0.0975,2.3818e-10,0.0353,6.531021344216567e-10,0.09684890639515407,6.399145069227983e-10,0.09802622456135895,5.458709022892351e-10,0.09982298120222116,
SR_Pu_UN_G1_C3_P_D20.0m_Lw_1000.0cm_Epw1.0cm_w_concrete.o,C3,P,20.0,1000.0,1.0,concrete,100,C3_H_100,1.85225e-07,0.0027,4.49428e-08,0.0052,1.854952672995149e-07,0.002729429226400785,1.8333716991458218e-07,0.0027184128020377677,1.5822388160425228e-07,0.002710420303506976,
SR_Pu_UN_G1_C3_P_D20.0m_Lw_1000.0cm_Epw20.0cm_w_concrete.o,C3,P,20.0,1000.0,20.0,concrete,100,C3_H_100,5.4061e-08,0.0063,1.29343e-08,0.0125,5.417527827282766e-08,0.006293438235441032,5.3466474810214744e-08,0.006273226975452766,4.610283788470163e-08,0.006249364089744903,
SR_Pu_UN_G1_C3_P_D20.0m_Lw_1000.0cm_Epw40.0cm_w_concrete.o,C3,P,20.0,1000.0,40.0,concrete,100,C3_H_100,1.61558e-08,0.0104,3.23002e-09,0.0171,1.619974874942625e-08,0.010407614400287162,1.5998285031432668e-08,0.010403654677334687,1.38005982991154e-08,0.010390072088107303,
SR_Pu_UN_G1_C3_P_D200.0m_Lw_10000.0cm_Epw10.0cm_w_concrete.o,C3,P,200.0,10000.0,10.0,concrete,100,C3_H_100,4.9765e-10,0.0933,1.6361e-10,0.0378,4.983793863991564e-10,0.0929544572789305,4.898697090306282e-10,0.0940811390235877,4.1910732329407755e-10,0.09577063565700511,
SR_Pu_UN_G1_C3_P_D1200.0m_Lw_60000.0cm_Epw5.0cm_w_concrete.o,C3,P,1200.0,60000.0,5.0,concrete,100,C3_H_100,4.94837e-13,0.2449,1.22504e-13,0.0868,4.978277984978708e-13,0.24583037809472474,4.907017264757307e-13,0.2474042406897684,4.211690122101743e-13,0.25103928527267894,
SR_Pu_UN_G1_C3_P_D200.0m_Lw_10000.0cm_Epw1.0cm_w_concrete.o,C3,P,200.0,10000.0,1.0,concrete,100,C3_H_100,9.71126e-10,0.0951,3.50215e-10,0.0353,9.738485379949138e-10,0.09465843164931297,9.565910132552554e-10,0.09603354396719363,8.16573261681691e-10,0.09813213046641317,
SR_Pu_UN_G1_C3_P_D200.0m_Lw_10000.0cm_Epw20.0cm_w_concrete.o,C3,P,200.0,10000.0,20.0,concrete,100,C3_H_100,2.63605e-10,0.0537,8.70291e-11,0.0432,2.647915418592718e-10,0.053639525131871556,2.598786825009813e-10,0.054228690880753175,2.218897203744641e-10,0.0551176190504479,
SR_Pu_UN_G1_C3_P_D200.0m_Lw_10000.0cm_Epw40.0cm_w_concrete.o,C3,P,200.0,10000.0,40.0,concrete,100,C3_H_100,8.97526e-11,0.1292,2.23074e-11,0.0665,8.986798426366354e-11,0.1268315196134223,8.841193056329478e-11,0.12727469565998367,7.58266913317997e-11,0.12882023418485633,
SR_Pu_UN_G1_C3_P_D300.0m_Lw_15000.0cm_Epw10.0cm_w_concrete.o,C3,P,300.0,15000.0,10.0,concrete,100,C3_H_100,1.60154e-10,0.1326,4.89832e-11,0.0556,1.6052053261507039e-10,0.13099909807765273,1.5773136876664893e-10,0.1324102303713126,1.3510792132077518e-10,0.13499389405028656,
SR_Pu_UN_G1_C3_P_D2.0m_Lw_100.0cm_Epw5.0cm_w_concrete.o,C3,P,2.0,100.0,5.0,concrete,100,C3_H_100,1.29426e-05,0.0014,3.32879e-06,0.0043,1.2960733759937418e-05,0.001346713347716402,1.2790376956577888e-05,0.0013077847684209137,1.1029852736727925e-05,0.0012754404546400134,
SR_Pu_UN_G1_C3_P_D300.0m_Lw_15000.0cm_Epw1.0cm_w_concrete.o,C3,P,300.0,15000.0,1.0,concrete,100,C3_H_100,3.29737e-10,0.1216,1.10667e-10,0.0445,3.297537301831972e-10,0.12050673522627586,3.2424958225023937e-10,0.12194300846811593,2.769383441975076e-10,0.12446294263398988,
SR_Pu_UN_G1_C3_P_D300.0m_Lw_15000.0cm_Epw20.0cm_w_concrete.o,C3,P,300.0,15000.0,20.0,concrete,100,C3_H_100,9.35909e-11,0.1302,2.58369e-11,0.0558,9.382576459695391e-11,0.13010545080944777,9.234401629715274e-11,0.130780800783503,7.916824720573574e-11,0.1323306112737213,
SR_Pu_UN_G1_C3_P_D300.0m_Lw_15000.0cm_Epw40.0cm_w_concrete.o,C3,P,300.0,15000.0,40.0,concrete,100,C3_H_100,2.28193e-11,0.0869,7.43896e-12,0.086,2.2910121188579224e-11,0.08662271229416056,2.2507121029161083e-11,0.08728236970674721,1.9211615560382943e-11,0.08805214364835127,
SR_Pu_UN_G1_C3_P_D5.0m_Lw_250.0cm_Epw10.0cm_w_concrete.o,C3,P,5.0,250.0,10.0,concrete,100,C3_H_100,1.67297e-06,0.0026,4.45884e-07,0.0071,1.6756056018535337e-06,0.0026170316480875195,1.6522471913488124e-06,0.002566680765281472,1.4239749635306595e-06,0.002521979074787907,
SR_Pu_UN_G1_C3_P_D50.0m_Lw_2500.0cm_Epw5.0cm_w_concrete.o,C3,P,50.0,2500.0,5.0,concrete,100,C3_H_100,2.10649e-08,0.0295,6.01324e-09,0.0176,2.111445856046649e-08,0.029427404552546846,2.0790472781850246e-08,0.029672792130266735,1.789139416185891e-08,0.029972245593868876,
SR_Pu_UN_G1_C3_P_D5.0m_Lw_250.0cm_Epw1.0cm_w_concrete.o,C3,P,5.0,250.0,1.0,concrete,100,C3_H_100,2.92235e-06,0.0018,6.96059e-07,0.0055,2.9261796351512656e-06,0.0017837693429210615,2.892023273265804e-06,0.0017323720084251872,2.495833645126494e-06,0.0016928526793742883,
SR_Pu_UN_G1_C3_P_D5.0m_Lw_250.0cm_Epw20.0cm_w_concrete.o,C3,P,5.0,250.0,20.0,concrete,100,C3_H_100,9.16237e-07,0.0047,2.21519e-07,0.017,9.185213291174453e-07,0.004735389927326811,9.06647435947084e-07,0.004698767595099754,7.813882926301015e-07,0.004406283972059957,
SR_Pu_UN_G1_C3_P_D5.0m_Lw_250.0cm_Epw40.0cm_w_concrete.o,C3,P,5.0,250.0,40.0,concrete,100,C3_H_100,2.98003e-07,0.008,5.94406e-08,0.0169,2.987684788377982e-07,0.007946242097555619,2.9516956082573473e-07,0.007920362402096566,2.5459664407222366e-07,0.007882131798058984,
SR_Pu_UN_G1_C3_P_D50.0m_Lw_2500.0cm_Epw10.0cm_w_concrete.o,C3,P,50.0,2500.0,10.0,concrete,100,C3_H_100,1.48723e-08,0.0298,4.22414e-09,0.0229,1.4900710737521178e-08,0.029730021850370447,1.4668036020473692e-08,0.029953309362546268,1.2607530858005052e-08,0.030215793783038902,
SR_Pu_UN_G1_C3_P_D500.0m_Lw_25000.0cm_Epw5.0cm_w_concrete.o,C3,P,500.0,25000.0,5.0,concrete,100,C3_H_100,3.8485e-11,0.2093,1.17354e-11,0.0635,3.855976951893924e-11,0.20968406922278335,3.788081411934492e-11,0.2106492879652767,3.2424867065015435e-11,0.21357442634386434,
SR_Pu_UN_G1_C3_P_D50.0m_Lw_2500.0cm_Epw1.0cm_w_concrete.o,C3,P,50.0,2500.0,1.0,concrete,100,C3_H_100,2.93337e-08,0.0281,7.82018e-09,0.0168,2.939079398105477e-08,0.028019349561850072,2.899921021098495e-08,0.02822330820434544,2.4977867025363503e-08,0.028499679466725922,
SR_Pu_UN_G1_C3_P_D50.0m_Lw_2500.0cm_Epw20.0cm_w_concrete.o,C3,P,50.0,2500.0,20.0,concrete,100,C3_H_100,8.35611e-09,0.0336,1.99108e-09,0.0277,8.370747238383706e-09,0.03353346310117888,8.257540176362943e-09,0.03369987511986913,7.114913263036805e-09,0.03387411368640104,
SR_Pu_UN_G1_C3_P_D50.0m_Lw_2500.0cm_Epw40.0cm_w_concrete.o,C3,P,50.0,2500.0,40.0,concrete,100,C3_H_100,2.48723e-09,0.0379,5.16841e-10,0.0343,2.4898630876098064e-09,0.03774226165145635,2.4575214100430844e-09,0.03789465221393538,2.116921810979302e-09,0.03818463765040897,
SR_Pu_UN_G1_C3_P_D500.0m_Lw_25000.0cm_Epw10.0cm_w_concrete.o,C3,P,500.0,25000.0,10.0,concrete,100,C3_H_100,2.1815e-11,0.1769,7.49866e-12,0.0531,2.1862047621939517e-11,0.1770441530499149,2.145687140927496e-11,0.17808402294158093,1.8288981393375966e-11,0.18098900359049458,
SR_Pu_UN_G1_C3_P_D300.0m_Lw_15000.0cm_Epw5.0cm_w_concrete.o,C3,P,300.0,15000.0,5.0,concrete,100,C3_H_100,2.85513e-10,0.1387,8.12186e-11,0.0545,2.8583216018504076e-10,0.13814046408285705,2.8176026263582874e-10,0.13943592265882504,2.419038931047792e-10,0.14164871166180235,
SR_Pu_UN_G1_C3_P_D500.0m_Lw_25000.0cm_Epw1.0cm_w_concrete.o,C3,P,500.0,25000.0,1.0,concrete,100,C3_H_100,4.7411e-11,0.1806,1.65184e-11,0.0564,4.743461552178292e-11,0.18084709356048928,4.648460917330313e-11,0.1822804380649097,3.9551149154530954e-11,0.1860369860676499,
SR_Pu_UN_G1_C3_P_D500.0m_Lw_25000.0cm_Epw20.0cm_w_concrete.o,C3,P,500.0,25000.0,20.0,concrete,100,C3_H_100,1.37833e-11,0.1259,4.20127e-12,0.0633,1.3844590232164399e-11,0.12594977933151116,1.3634274365330572e-11,0.12792349129664066,1.1653936776236338e-11,0.13049473671452091,
SR_Pu_UN_G1_C3_P_D500.0m_Lw_25000.0cm_Epw40.0cm_w_concrete.o,C3,P,500.0,25000.0,40.0,concrete,100,C3_H_100,5.25311e-12,0.1551,1.45796e-12,0.0885,5.2782883347914096e-12,0.1551959270223217,5.1912967691121995e-12,0.1567302400991007,4.430625699623441e-12,0.15872269983693507,
SR_Pu_UN_G1_C3_P_D700.0m_Lw_35000.0cm_Epw10.0cm_w_concrete.o,C3,P,700.0,35000.0,10.0,concrete,100,C3_H_100,7.51185e-12,0.2068,1.88093e-12,0.0733,7.53151707529781e-12,0.2056385443513018,7.424397600557596e-12,0.20714160752921768,6.377349058339512e-12,0.2108012063184094,
SR_Pu_UN_G1_C3_P_D5.0m_Lw_250.0cm_Epw5.0cm_w_concrete.o,C3,P,5.0,250.0,5.0,concrete,100,C3_H_100,2.30948e-06,0.0021,6.07461e-07,0.0055,2.312983122463096e-06,0.0021065280059729017,2.281876480718955e-06,0.002074009702091322,1.966912585668531e-06,0.002041118321887147,
SR_Pu_UN_G1_C3_P_D700.0m_Lw_35000.0cm_Epw1.0cm_w_concrete.o,C3,P,700.0,35000.0,1.0,concrete,100,C3_H_100,1.51648e-11,0.2029,3.94217e-12,0.0732,1.515632578115135e-11,0.20201365710707794,1.4964071426442654e-11,0.20372709146862794,1.2863777394960115e-11,0.20720041057749133,
SR_Pu_UN_G1_C3_P_D700.0m_Lw_35000.0cm_Epw20.0cm_w_concrete.o,C3,P,700.0,35000.0,20.0,concrete,100,C3_H_100,3.72032e-12,0.0999,1.07213e-12,0.059,3.726023306351109e-12,0.09929192185924905,3.662272615459899e-12,0.10012176416109084,3.122009479182084e-12,0.10156092391138297,
SR_Pu_UN_G1_C3_P_D700.0m_Lw_35000.0cm_Epw40.0cm_w_concrete.o,C3,P,700.0,35000.0,40.0,concrete,100,C3_H_100,9.962e-13,0.1617,3.2927e-13,0.0793,1.0026455157127879e-12,0.16154734321807754,9.868611508805975e-13,0.16309089068835664,8.447815125284587e-13,0.16577635836870155,
SR_Pu_UN_G1_C3_P_D700.0m_Lw_35000.0cm_Epw5.0cm_w_concrete.o,C3,P,700.0,35000.0,5.0,concrete,100,C3_H_100,9.00501e-12,0.1585,2.70217e-12,0.0532,9.0374812907404e-12,0.15865514906617764,8.88293007278839e-12,0.1601728274633814,7.589776680601414e-12,0.16358619639376562,
SR_Pu_UN_G1_C3_N_D10.0m_Lw_500.0cm_Epw5.0cm_w_lead.o,C3,N,10.0,500.0,5.0,lead,100,C3_H_100,1.03819e-06,0.0229,5.96919e-08,0.0355,9.883701683420441e-07,0.022670566752775984,1.183104021716032e-05,0.02517792927849424,9.525470282231212e-06,0.023220592335311315,-4.798720047193278
SR_Pu_UN_G1_C3_N_D1.0m_Lw_50.0cm_Epw1.0cm_w_lead.o,C3,N,1.0,50.0,1.0,lead,100,C3_H_100,7.61485e-05,0.0084,3.52914e-06,0.0152,7.263138907592135e-05,0.008347605110635571,0.0008333364597654065,0.009726177378599642,0.0007245832904165319,0.008766343015522218,-4.618752731936482
SR_Pu_UN_G1_C3_N_D1.0m_Lw_50.0cm_Epw20.0cm_w_lead.o,C3,N,1.0,50.0,20.0,lead,100,C3_H_100,4.41453e-05,0.0071,2.21312e-06,0.011,4.1954330034817094e-05,0.006629896169868989,0.000567866099986038,0.007172543118270408,0.00042099124540873897,0.0067840339987977685,-4.963087724362288
SR_Pu_UN_G1_C3_N_D10.0m_Lw_500.0cm_Epw10.0cm_w_lead.o,C3,N,10.0,500.0,10.0,lead,100,C3_H_100,8.36835e-07,0.0229,5.25776e-08,0.0394,7.976863491576148e-07,0.02275913367284621,9.784100875341234e-06,0.024084259705761054,7.618855078425031e-06,0.02352746052759983,-4.678180387099634
SR_Pu_UN_G1_C3_N_D100.0m_Lw_5000.0cm_Epw5.0cm_w_lead.o,C3,N,100.0,5000.0,5.0,lead,100,C3_H_100,1.06505e-08,0.0453,9.5734e-10,0.0263,1.0163949789838278e-08,0.04504702859836476,1.171107890353186e-07,0.045934824953065376,8.801054889411659e-08,0.05475803158971058,-4.56833209860309
SR_Pu_UN_G1_C3_N_D10.0m_Lw_500.0cm_Epw1.0cm_w_lead.o,C3,N,10.0,500.0,1.0,lead,100,C3_H_100,1.1663e-06,0.0243,7.35132e-08,0.0541,1.1122882056848065e-06,0.024225350625622484,1.2424690212990098e-05,0.026233475891628277,1.0513729881110243e-05,0.024179538250932792,-4.631037838908814
SR_Pu_UN_G1_C3_N_D10.0m_Lw_500.0cm_Epw20.0cm_w_lead.o,C3,N,10.0,500.0,20.0,lead,100,C3_H_100,5.6719e-07,0.0181,3.69115e-08,0.0248,5.393655203388099e-07,0.017947246561736657,7.15050055468207e-06,0.01930084730693354,5.125022577717909e-06,0.0189409316538298,-4.905671760995442
SR_Pu_UN_G1_C3_N_D10.0m_Lw_500.0cm_Epw40.0cm_w_lead.o,C3,N,10.0,500.0,40.0,lead,100,C3_H_100,2.84e-07,0.0131,2.32911e-08,0.0369,2.697085964884729e-07,0.009012463943996218,3.70672000407787e-06,0.008759044388548439,2.3443197339448937e-06,0.008848816536736033,-5.032184335044763
SR_Pu_UN_G1_C3_N_D100.0m_Lw_5000.0cm_Epw10.0cm_w_lead.o,C3,N,100.0,5000.0,10.0,lead,100,C3_H_100,8.6268e-09,0.0366,7.9971e-10,0.0272,8.238407957678303e-09,0.03662453631502939,9.861986529418737e-08,0.04100684905754533,7.035949876660047e-08,0.044367780321115914,-4.502156562360272
SR_Pu_UN_G1_C3_N_D1000.0m_Lw_50000.0cm_Epw5.0cm_w_lead.o,C3,N,1000.0,50000.0,5.0,lead,100,C3_H_100,2.13711e-12,0.1353,2.42673e-13,0.0277,2.0390078641591367e-12,0.1325257377605113,2.0925228284719215e-11,0.09821272655062636,1.5121999957514905e-11,0.15968387307556017,-4.590411155292113
SR_Pu_UN_G1_C3_N_D100.0m_Lw_5000.0cm_Epw1.0cm_w_lead.o,C3,N,100.0,5000.0,1.0,lead,100,C3_H_100,1.34209e-08,0.0518,1.07617e-09,0.0268,1.2824726690673207e-08,0.051843696993900096,1.450404636058759e-07,0.05326419558582983,1.1397695072130916e-07,0.06086707714392299,-4.442126156418661
SR_Pu_UN_G1_C3_N_D100.0m_Lw_5000.0cm_Epw20.0cm_w_lead.o,C3,N,100.0,5000.0,20.0,lead,100,C3_H_100,5.77339e-09,0.0296,5.81832e-10,0.0249,5.515257204484705e-09,0.029376815768646935,6.713819140702112e-08,0.033489486002235384,4.5214675484335647e-08,0.03626384509364835,-4.47107843944884
SR_Pu_UN_G1_C3_N_D100.0m_Lw_5000.0cm_Epw40.0cm_w_lead.o,C3,N,100.0,5000.0,40.0,lead,100,C3_H_100,2.98068e-09,0.0137,3.70309e-10,0.0207,2.8440417629025573e-09,0.011385870663708969,3.391943883959007e-08,0.013636788519829147,2.0572626436313072e-08,0.014685924924446727,-4.584129698506473
SR_Pu_UN_G1_C3_N_D1000.0m_Lw_50000.0cm_Epw10.0cm_w_lead.o,C3,N,1000.0,50000.0,10.0,lead,100,C3_H_100,1.37363e-12,0.0552,1.84899e-13,0.0239,1.3137904579007135e-12,0.05341165768766162,1.3849540521337637e-11,0.060691960096369374,9.225505081849719e-12,0.0828300944810395,-4.356307164177149
SR_Pu_UN_G1_C3_N_D1000.0m_Lw_50000.0cm_Epw1.0cm_w_lead.o,C3,N,1000.0,50000.0,1.0,lead,100,C3_H_100,3.72811e-12,0.3865,2.98099e-13,0.0819,3.543513183391825e-12,0.38013893837254664,3.3640261980562305e-11,0.2878469658840638,2.8484686016563806e-11,0.41852813658892846,-4.95148524609453
SR_Pu_UN_G1_C3_N_D1000.0m_Lw_50000.0cm_Epw20.0cm_w_lead.o,C3,N,1000.0,50000.0,20.0,lead,100,C3_H_100,7.59676e-13,0.0347,1.17618e-13,0.02,7.299058145924412e-13,0.03410506145785355,7.399986188490457e-12,0.046502455530266704,4.629304250014387e-12,0.055714050830188024,-3.9188003053352727
SR_Pu_UN_G1_C3_N_D1000.0m_Lw_50000.0cm_Epw40.0cm_w_lead.o,C3,N,1000.0,50000.0,40.0,lead,100,C3_H_100,3.0613e-13,0.014,5.75321e-14,0.0082,2.953140370280533e-13,0.013593200974656926,2.61665292976464e-12,0.022392401160233347,1.5358838055411677e-12,0.0248178925907032,-3.5331274203595426
SR_Pu_UN_G1_C3_N_D1200.0m_Lw_60000.0cm_Epw10.0cm_w_lead.o,C3,N,1200.0,60000.0,10.0,lead,100,C3_H_100,3.43785e-13,0.0684,4.52258e-14,0.0239,3.3014444990715593e-13,0.06834963478866932,3.2895410840915017e-12,0.06209367563017896,2.291669396066954e-12,0.092676558553658,-3.9677560373035625
SR_Pu_UN_G1_C3_N_D1.0m_Lw_50.0cm_Epw5.0cm_w_lead.o,C3,N,1.0,50.0,5.0,lead,100,C3_H_100,7.16573e-05,0.0116,3.35023e-06,0.0177,6.826466483848762e-05,0.011221000760843468,0.0008190113012307007,0.01366065337248401,0.0006857800110871437,0.011112154237144923,-4.734528319532533
SR_Pu_UN_G1_C3_N_D1200.0m_Lw_60000.0cm_Epw1.0cm_w_lead.o,C3,N,1200.0,60000.0,1.0,lead,100,C3_H_100,5.8686e-13,0.0394,6.97677e-14,0.0194,5.636776246826081e-13,0.03977342668936964,6.180561927358989e-12,0.046840165187549326,4.273612916123471e-12,0.05698045654990888,-3.950239463823033
SR_Pu_UN_G1_C3_N_D1200.0m_Lw_60000.0cm_Epw20.0cm_w_lead.o,C3,N,1200.0,60000.0,20.0,lead,100,C3_H_100,1.76218e-13,0.0367,2.71223e-14,0.0198,1.6949442073229635e-13,0.03649758475420981,1.6891452000084962e-12,0.04665708685422619,1.0799259233311509e-12,0.05889237547474676,-3.815489488987311
SR_Pu_UN_G1_C3_N_D1200.0m_Lw_60000.0cm_Epw40.0cm_w_lead.o,C3,N,1200.0,60000.0,40.0,lead,100,C3_H_100,6.33346e-14,0.0166,1.20404e-14,0.0085,6.1117420391388e-14,0.01596323562389122,5.347065953077168e-13,0.026777232635838817,3.1476496426031496e-13,0.03206553449356846,-3.5007398935368554
SR_Pu_UN_G1_C3_N_D2.0m_Lw_100.0cm_Epw10.0cm_w_lead.o,C3,N,2.0,100.0,10.0,lead,100,C3_H_100,1.91833e-05,0.0148,1.00096e-06,0.0273,1.8263762011343532e-05,0.014574009855870838,0.0002286159021636355,0.015927195469502383,0.00018152963832451975,0.014699205879751357,-4.7934296427437815
SR_Pu_UN_G1_C3_N_D20.0m_Lw_1000.0cm_Epw5.0cm_w_lead.o,C3,N,20.0,1000.0,5.0,lead,100,C3_H_100,2.52907e-07,0.0163,1.73228e-08,0.0245,2.412472165363613e-07,0.016217043712252504,2.8146390904379896e-06,0.017293190448000383,2.252919800095539e-06,0.017310266666246497,-4.610304761686577
SR_Pu_UN_G1_C3_N_D2.0m_Lw_100.0cm_Epw1.0cm_w_lead.o,C3,N,2.0,100.0,1.0,lead,100,C3_H_100,2.43634e-05,0.0174,1.30021e-06,0.0641,2.3223925919142188e-05,0.017401893236037445,0.0002650938378624167,0.016517670410969274,0.00022645244575779545,0.014543190148497014,-4.676991228062639
SR_Pu_UN_G1_C3_N_D2.0m_Lw_100.0cm_Epw20.0cm_w_lead.o,C3,N,2.0,100.0,20.0,lead,100,C3_H_100,1.34285e-05,0.0125,7.31725e-07,0.0193,1.2763626891051713e-05,0.012249917796786447,0.00017075166816038533,0.012746676978559074,0.0001259230644169825,0.012579116639356222,-4.951209062429063
SR_Pu_UN_G1_C3_N_D2.0m_Lw_100.0cm_Epw40.0cm_w_lead.o,C3,N,2.0,100.0,40.0,lead,100,C3_H_100,7.20044e-06,0.0079,4.69118e-07,0.0099,6.825321794991836e-06,0.0072408538460115865,9.87300848262583e-05,0.007484122644660084,6.339278730952812e-05,0.007634255037332304,-5.209656701648282
SR_Pu_UN_G1_C3_N_D1.0m_Lw_50.0cm_Epw40.0cm_w_lead.o,C3,N,1.0,50.0,40.0,lead,100,C3_H_100,2.54884e-05,0.0073,1.55149e-06,0.01,2.41443089985365e-05,0.006227314005947151,0.00035333163740756723,0.00647023788838776,0.00022823686541217388,0.005626830788355683,-5.273343958284952
SR_Pu_UN_G1_C3_N_D1.0m_Lw_50.0cm_Epw10.0cm_w_lead.o,C3,N,1.0,50.0,10.0,lead,100,C3_H_100,6.24972e-05,0.0109,3.01848e-06,0.023,5.9528472790538155e-05,0.01064415236148004,0.0007465988824450525,0.011333249421740452,0.0005999758016104682,0.010840238238370471,-4.750176343039113
SR_Pu_UN_G1_C3_N_D20.0m_Lw_1000.0cm_Epw1.0cm_w_lead.o,C3,N,20.0,1000.0,1.0,lead,100,C3_H_100,2.9246e-07,0.0191,1.90468e-08,0.0254,2.79038567550847e-07,0.018879136407216234,3.11838892326993e-06,0.02020598161287176,2.614070326837635e-06,0.020624270647442516,-4.589151490512553
SR_Pu_UN_G1_C3_N_D20.0m_Lw_1000.0cm_Epw20.0cm_w_lead.o,C3,N,20.0,1000.0,20.0,lead,100,C3_H_100,1.40126e-07,0.013,1.03163e-08,0.0192,1.3342144007278217e-07,0.012920061129430426,1.7250353039854253e-06,0.01344761218360307,1.2249060209090213e-06,0.013677553423118244,-4.784665177924025
SR_Pu_UN_G1_C3_N_D20.0m_Lw_1000.0cm_Epw40.0cm_w_lead.o,C3,N,20.0,1000.0,40.0,lead,100,C3_H_100,7.00546e-08,0.0093,6.34253e-09,0.0246,6.656148115196149e-08,0.005888524991957951,8.949894148152615e-07,0.005826993110257901,5.593279296168002e-07,0.005889021798115818,-4.98628048413454
SR_Pu_UN_G1_C3_N_D200.0m_Lw_10000.0cm_Epw10.0cm_w_lead.o,C3,N,200.0,10000.0,10.0,lead,100,C3_H_100,1.64981e-09,0.0673,1.69063e-10,0.0328,1.5809013627928344e-09,0.0676961293643471,1.8196562605106226e-08,0.06875103339931588,1.2892420093426874e-08,0.08887783705303694,-4.176762003331629
SR_Pu_UN_G1_C3_N_D1200.0m_Lw_60000.0cm_Epw5.0cm_w_lead.o,C3,N,1200.0,60000.0,5.0,lead,100,C3_H_100,4.57995e-13,0.0621,5.64695e-14,0.0213,4.4013881726859077e-13,0.06359189916403545,4.615744742185934e-12,0.0564224787632361,3.2243629400992162e-12,0.08463704112788605,-3.8987724170371387
SR_Pu_UN_G1_C3_N_D200.0m_Lw_10000.0cm_Epw1.0cm_w_lead.o,C3,N,200.0,10000.0,1.0,lead,100,C3_H_100,2.49589e-09,0.0858,2.26732e-10,0.0348,2.390528214741405e-09,0.08692699155052251,2.6749670125997195e-08,0.07943648330256269,2.0309769459959114e-08,0.10392978347465981,-4.221411410702995
SR_Pu_UN_G1_C3_N_D200.0m_Lw_10000.0cm_Epw20.0cm_w_lead.o,C3,N,200.0,10000.0,20.0,lead,100,C3_H_100,1.04511e-09,0.0413,1.22682e-10,0.0289,9.984475757172178e-10,0.040960847935272715,1.1826916575216233e-08,0.050088142095016434,7.598044344904997e-09,0.05439407674058232,-4.464833776615109
SR_Pu_UN_G1_C3_N_D200.0m_Lw_10000.0cm_Epw40.0cm_w_lead.o,C3,N,200.0,10000.0,40.0,lead,100,C3_H_100,5.48694e-10,0.0198,7.85042e-11,0.0282,5.248609163467748e-10,0.015415716208169132,5.858161000811195e-09,0.020188785595378646,3.453290216398214e-09,0.021728240309221252,-4.343602017376765
SR_Pu_UN_G1_C3_N_D300.0m_Lw_15000.0cm_Epw10.0cm_w_lead.o,C3,N,300.0,15000.0,10.0,lead,100,C3_H_100,4.7089e-10,0.067,5.07851e-11,0.0352,4.501639494863391e-10,0.06622657968821964,5.1206433689039924e-09,0.0720002240227986,3.5456233050833738e-09,0.08782709706881583,-4.401463295814507
SR_Pu_UN_G1_C3_N_D2.0m_Lw_100.0cm_Epw5.0cm_w_lead.o,C3,N,2.0,100.0,5.0,lead,100,C3_H_100,2.21011e-05,0.016,1.07926e-06,0.0212,2.1065290015492137e-05,0.015833726541357982,0.00025241275329081897,0.016942607033773958,0.0002100578873087573,0.016727566158781692,-4.686689732673324
SR_Pu_UN_G1_C3_N_D300.0m_Lw_15000.0cm_Epw1.0cm_w_lead.o,C3,N,300.0,15000.0,1.0,lead,100,C3_H_100,7.27288e-10,0.0861,6.89798e-11,0.035,6.932281846943365e-10,0.08379166513720349,7.705808582078803e-09,0.0783567675971275,5.755107578279093e-09,0.10280130958007258,-4.6831262588772935
SR_Pu_UN_G1_C3_N_D300.0m_Lw_15000.0cm_Epw20.0cm_w_lead.o,C3,N,300.0,15000.0,20.0,lead,100,C3_H_100,3.33393e-10,0.0496,4.0695e-11,0.0311,3.186119492748229e-10,0.04911749490086341,3.628722121722108e-09,0.05969063869800347,2.350420082573426e-09,0.06777884567384423,-4.433521617183652
SR_Pu_UN_G1_C3_N_D300.0m_Lw_15000.0cm_Epw40.0cm_w_lead.o,C3,N,300.0,15000.0,40.0,lead,100,C3_H_100,1.66917e-10,0.0257,2.57739e-11,0.0375,1.599193161714165e-10,0.017658432601312637,1.696292017564535e-09,0.024462332032832625,9.945007862625246e-10,0.026582480290817723,-4.1923134423596755
SR_Pu_UN_G1_C3_N_D5.0m_Lw_250.0cm_Epw10.0cm_w_lead.o,C3,N,5.0,250.0,10.0,lead,100,C3_H_100,3.40589e-06,0.0193,1.88591e-07,0.0346,3.2394240295991772e-06,0.01910423799249007,4.02804365420833e-05,0.02047309276015587,3.1790439975374295e-05,0.019826422608791073,-4.8875909204590515
SR_Pu_UN_G1_C3_N_D50.0m_Lw_2500.0cm_Epw5.0cm_w_lead.o,C3,N,50.0,2500.0,5.0,lead,100,C3_H_100,4.23003e-08,0.0221,3.42377e-09,0.0195,4.036296594589649e-08,0.021967211579937237,4.650548439674622e-07,0.023162220945953847,3.59304203661438e-07,0.025273652455167408,-4.579953461567668
SR_Pu_UN_G1_C3_N_D5.0m_Lw_250.0cm_Epw1.0cm_w_lead.o,C3,N,5.0,250.0,1.0,lead,100,C3_H_100,4.73028e-06,0.0531,2.39798e-07,0.0533,4.514689559399121e-06,0.053672021151217005,5.273304766906029e-05,0.06593694960362817,4.456503104394744e-05,0.05987396504097292,-4.55766763491545
SR_Pu_UN_G1_C3_N_D5.0m_Lw_250.0cm_Epw20.0cm_w_lead.o,C3,N,5.0,250.0,20.0,lead,100,C3_H_100,2.35971e-06,0.017,1.36375e-07,0.0216,2.2415800164268777e-06,0.016782963965328978,3.0017983520648425e-05,0.01790778993264579,2.185286456659224e-05,0.017710406707398253,-5.0061229376966745
SR_Pu_UN_G1_C3_N_D5.0m_Lw_250.0cm_Epw40.0cm_w_lead.o,C3,N,5.0,250.0,40.0,lead,100,C3_H_100,1.16218e-06,0.0094,8.57956e-08,0.0124,1.1023392912716984e-06,0.009100416516968723,1.5549983815253527e-05,0.00959591807063615,9.916573379891055e-06,0.009780536370604227,-5.149005208169259
SR_Pu_UN_G1_C3_N_D50.0m_Lw_2500.0cm_Epw10.0cm_w_lead.o,C3,N,50.0,2500.0,10.0,lead,100,C3_H_100,3.43557e-08,0.0201,2.95778e-09,0.0221,3.279391857743515e-08,0.01998218798825206,3.952466578210914e-07,0.021639371171402823,2.864551627104188e-07,0.02234872923066088,-4.545916463832347
SR_Pu_UN_G1_C3_N_D500.0m_Lw_25000.0cm_Epw5.0cm_w_lead.o,C3,N,500.0,25000.0,5.0,lead,100,C3_H_100,1.04489e-10,0.121,1.04096e-11,0.0361,9.940153319243704e-11,0.11871694011194996,1.07781961963024e-09,0.09367787132141375,7.995234367062243e-10,0.13896298389319134,-4.868901805513455
SR_Pu_UN_G1_C3_N_D50.0m_Lw_2500.0cm_Epw1.0cm_w_lead.o,C3,N,50.0,2500.0,1.0,lead,100,C3_H_100,4.8853e-08,0.0306,3.92578e-09,0.0203,4.6704048974690694e-08,0.030501729021236646,5.130609419870856e-07,0.030855964317616454,4.1374075674774754e-07,0.035673657437750785,-4.398810769674958
SR_Pu_UN_G1_C3_N_D50.0m_Lw_2500.0cm_Epw20.0cm_w_lead.o,C3,N,50.0,2500.0,20.0,lead,100,C3_H_100,2.38248e-08,0.0152,2.08607e-09,0.0153,2.2696310692284484e-08,0.015110126358472658,2.8676958250524e-07,0.016682970082788576,1.9672755609967806e-07,0.017270411131831555,-4.736616079528536
SR_Pu_UN_G1_C3_N_D50.0m_Lw_2500.0cm_Epw40.0cm_w_lead.o,C3,N,50.0,2500.0,40.0,lead,100,C3_H_100,1.2073e-08,0.0103,1.37235e-09,0.0234,1.151082224006572e-08,0.005808705413861115,1.430461647138014e-07,0.006354791025178895,8.760964032903869e-08,0.006510311748964352,-4.656487699281705
SR_Pu_UN_G1_C3_N_D500.0m_Lw_25000.0cm_Epw10.0cm_w_lead.o,C3,N,500.0,25000.0,10.0,lead,100,C3_H_100,7.56145e-11,0.0712,8.63336e-12,0.0359,7.204230579673855e-11,0.06938605791600773,8.217434452902948e-10,0.08413467086895107,5.591503940946071e-10,0.09574637946746045,-4.724218507378141
SR_Pu_UN_G1_C3_N_D300.0m_Lw_15000.0cm_Epw5.0cm_w_lead.o,C3,N,300.0,15000.0,5.0,lead,100,C3_H_100,6.67828e-10,0.0686,6.3556e-11,0.036,6.362794906137442e-10,0.06783703744171349,7.395966882196372e-09,0.07480480273403962,5.318563953473116e-09,0.08615956520747892,-4.724047117859061
SR_Pu_UN_G1_C3_N_D500.0m_Lw_25000.0cm_Epw1.0cm_w_lead.o,C3,N,500.0,25000.0,1.0,lead,100,C3_H_100,1.2e-10,0.0932,1.16942e-11,0.0344,1.1445433584725402e-10,0.09170365446253512,1.2777643832708924e-09,0.08301665307792049,9.386279194045978e-10,0.10814976647607183,-4.621386793954986
SR_Pu_UN_G1_C3_N_D500.0m_Lw_25000.0cm_Epw20.0cm_w_lead.o,C3,N,500.0,25000.0,20.0,lead,100,C3_H_100,4.19927e-11,0.0438,6.38998e-12,0.0294,4.0265375567379014e-11,0.04346922041774928,4.2432139861217857e-10,0.06046598252675227,2.560490033778444e-10,0.06489109349903585,-4.113392167259996
SR_Pu_UN_G1_C3_N_D500.0m_Lw_25000.0cm_Epw40.0cm_w_lead.o,C3,N,500.0,25000.0,40.0,lead,100,C3_H_100,2.12424e-11,0.0209,3.56785e-12,0.0212,2.042266329943751e-11,0.018025485911279088,2.008385049344428e-10,0.025886144445546152,1.1816938842062473e-10,0.02984666571611721,-3.858964620581899
SR_Pu_UN_G1_C3_N_D700.0m_Lw_35000.0cm_Epw10.0cm_w_lead.o,C3,N,700.0,35000.0,10.0,lead,100,C3_H_100,1.5286e-11,0.0623,1.80115e-12,0.0286,1.4626901168601743e-11,0.06171343860439173,1.6771216806619246e-10,0.07791755213070724,1.1127728791241275e-10,0.08728134024951276,-4.311780919784497
SR_Pu_UN_G1_C3_N_D5.0m_Lw_250.0cm_Epw5.0cm_w_lead.o,C3,N,5.0,250.0,5.0,lead,100,C3_H_100,4.22011e-06,0.0279,2.32855e-07,0.0414,4.023967109398629e-06,0.027964438242402682,4.8122083381819506e-05,0.03233332600324657,3.946194194302615e-05,0.030202305510532955,-4.647814644674462
SR_Pu_UN_G1_C3_N_D20.0m_Lw_1000.0cm_Epw10.0cm_w_lead.o,C3,N,20.0,1000.0,10.0,lead,100,C3_H_100,2.15781e-07,0.0175,1.5255e-08,0.0283,2.057720487859651e-07,0.017421200734123513,2.5040200483936174e-06,0.018185010456204628,1.908994923391024e-06,0.01803842423573985,-4.638476610097694
SR_Pu_UN_G1_C3_N_D200.0m_Lw_10000.0cm_Epw5.0cm_w_lead.o,C3,N,200.0,10000.0,5.0,lead,100,C3_H_100,2.40559e-09,0.0778,2.05103e-10,0.0345,2.293486731536249e-09,0.07806822837646127,2.603544703598213e-08,0.07402938048683833,1.9862502170037577e-08,0.09270877843186183,-4.660115334024127
SR_Pu_UN_G1_C3_N_D700.0m_Lw_35000.0cm_Epw40.0cm_w_lead.o,C3,N,700.0,35000.0,40.0,lead,100,C3_H_100,3.72986e-12,0.0148,6.60949e-13,0.011,3.5892652298989164e-12,0.01377477545348562,3.3781453469615014e-11,0.021813172423915894,1.9832545712365892e-11,0.024450844789323762,-3.7694382658084553
SR_Pu_UN_G1_C3_N_D700.0m_Lw_35000.0cm_Epw5.0cm_w_lead.o,C3,N,700.0,35000.0,5.0,lead,100,C3_H_100,1.88746e-11,0.0547,2.1881e-12,0.0256,1.8095981191513606e-11,0.05494633060867248,2.0495005636770252e-10,0.0663998571934808,1.4034488891888406e-10,0.07714458149260348,-4.125220182077475
SR_Pu_UN_G1_C3_N_D700.0m_Lw_35000.0cm_Epw20.0cm_w_lead.o,C3,N,700.0,35000.0,20.0,lead,100,C3_H_100,8.091e-12,0.0311,1.21759e-12,0.0222,7.740118870951872e-12,0.03012769193693758,8.067877498034264e-11,0.040366561194911214,4.9804136233277336e-11,0.044265115865023005,-4.336684328860807
SR_Pu_UN_G1_C3_N_D700.0m_Lw_35000.0cm_Epw1.0cm_w_lead.o,C3,N,700.0,35000.0,1.0,lead,100,C3_H_100,2.67461e-11,0.1178,2.59827e-12,0.0359,2.562732692694328e-11,0.11676014834087205,2.813818413930029e-10,0.12071006819437698,2.089817045164972e-10,0.1443485783700554,-4.182939094136038
SR_Pu_UN_G1_C3_P_D10.0m_Lw_500.0cm_Epw5.0cm_w_lead.o,C3,P,10.0,500.0,5.0,lead,100,C3_H_100,9.07477e-08,0.0063,1.40729e-08,0.0126,9.092520457235651e-08,0.006264916114090532,9.035058336415178e-08,0.006225205845473545,7.844170175404879e-08,0.006154099291915343,
SR_Pu_UN_G1_C3_P_D1.0m_Lw_50.0cm_Epw1.0cm_w_lead.o,C3,P,1.0,50.0,1.0,lead,100,C3_H_100,3.37896e-05,0.001,5.54313e-06,0.0032,3.383292957047483e-05,0.0009894659056979402,3.363337228373195e-05,0.00097260111529395,2.9190510793237592e-05,0.0009583685093710196,
SR_Pu_UN_G1_C3_P_D1.0m_Lw_50.0cm_Epw20.0cm_w_lead.o,C3,P,1.0,50.0,20.0,lead,100,C3_H_100,3.00588e-07,0.0147,5.39011e-08,0.0225,3.0332250000310433e-07,0.013752326892341963,3.0069485517603013e-07,0.013712519513396597,2.597401313028387e-07,0.013693580920455015,
SR_Pu_UN_G1_C3_P_D10.0m_Lw_500.0cm_Epw10.0cm_w_lead.o,C3,P,10.0,500.0,10.0,lead,100,C3_H_100,2.81709e-08,0.0136,4.5673e-09,0.0297,2.8296761134090717e-08,0.01363159499868523,2.803788486368923e-08,0.01358482954186729,2.4246192570345783e-08,0.01347141132146961,
SR_Pu_UN_G1_C3_P_D100.0m_Lw_5000.0cm_Epw5.0cm_w_lead.o,C3,P,100.0,5000.0,5.0,lead,100,C3_H_100,1.08929e-09,0.0795,1.86365e-10,0.0498,1.0944632934417963e-09,0.0796038647114867,1.0825337077369684e-09,0.07995642207731198,9.350556726539668e-10,0.08073414055972611,
SR_Pu_UN_G1_C3_P_D10.0m_Lw_500.0cm_Epw1.0cm_w_lead.o,C3,P,10.0,500.0,1.0,lead,100,C3_H_100,4.50922e-07,0.0019,7.80058e-08,0.0051,4.514766939974017e-07,0.0018665667929401496,4.4843735773130496e-07,0.0018438965098863463,3.889006377320946e-07,0.001824392772623751,
SR_Pu_UN_G1_C3_P_D10.0m_Lw_500.0cm_Epw20.0cm_w_lead.o,C3,P,10.0,500.0,20.0,lead,100,C3_H_100,1.30534e-08,0.0129,2.07861e-09,0.0225,1.313830615472981e-08,0.012957514958336325,1.2993466884131097e-08,0.012959840954953986,1.120423265271385e-08,0.012918149728609114,
SR_Pu_UN_G1_C3_P_D10.0m_Lw_500.0cm_Epw40.0cm_w_lead.o,C3,P,10.0,500.0,40.0,lead,100,C3_H_100,7.0265e-09,0.0061,1.09392e-09,0.0132,7.065759046542906e-09,0.005961607348571942,6.984436717374547e-09,0.005944349806592733,6.017884700013992e-09,0.005915655887445666,
SR_Pu_UN_G1_C3_P_D100.0m_Lw_5000.0cm_Epw10.0cm_w_lead.o,C3,P,100.0,5000.0,10.0,lead,100,C3_H_100,4.75937e-10,0.0333,8.27681e-11,0.0385,4.792261571051843e-10,0.033527920579667726,4.734905682360157e-10,0.034071426106893135,4.075606031914818e-10,0.034455628065598966,
SR_Pu_UN_G1_C3_P_D1000.0m_Lw_50000.0cm_Epw5.0cm_w_lead.o,C3,P,1000.0,50000.0,5.0,lead,100,C3_H_100,2.68665e-13,0.0585,8.57669e-14,0.0544,2.697275785050025e-13,0.05867579944873855,2.6444853977702013e-13,0.059280264104885176,2.2482498087540155e-13,0.06010743557910873,
SR_Pu_UN_G1_C3_P_D100.0m_Lw_5000.0cm_Epw1.0cm_w_lead.o,C3,P,100.0,5000.0,1.0,lead,100,C3_H_100,3.60448e-09,0.0579,7.09077e-10,0.0381,3.612910733396968e-09,0.057832870994933235,3.582137657434576e-09,0.05820040651662916,3.0975475666099074e-09,0.058688295279342786,
SR_Pu_UN_G1_C3_P_D100.0m_Lw_5000.0cm_Epw20.0cm_w_lead.o,C3,P,100.0,5000.0,20.0,lead,100,C3_H_100,3.27444e-10,0.0385,5.56745e-11,0.0536,3.289368130708156e-10,0.03769380164979799,3.245517057651097e-10,0.03744754747710569,2.7923362853255685e-10,0.03749790228837846,
SR_Pu_UN_G1_C3_P_D100.0m_Lw_5000.0cm_Epw40.0cm_w_lead.o,C3,P,100.0,5000.0,40.0,lead,100,C3_H_100,1.93184e-10,0.0083,3.30263e-11,0.0141,1.944180528832211e-10,0.008229816925197598,1.9179010844168046e-10,0.008129584341171933,1.6475433688744433e-10,0.00789316960868319,
SR_Pu_UN_G1_C3_P_D1000.0m_Lw_50000.0cm_Epw10.0cm_w_lead.o,C3,P,1000.0,50000.0,10.0,lead,100,C3_H_100,1.98259e-13,0.0809,4.87882e-14,0.0784,1.993573360673932e-13,0.08019003144652762,1.958689370925841e-13,0.08042860334478344,1.6669047990151569e-13,0.08069356741835651,
SR_Pu_UN_G1_C3_P_D1000.0m_Lw_50000.0cm_Epw1.0cm_w_lead.o,C3,P,1000.0,50000.0,1.0,lead,100,C3_H_100,1.25188e-12,0.1275,3.45782e-13,0.0584,1.2613958702666279e-12,0.12825364159027658,1.2375918147282814e-12,0.12836422224243574,1.0503734975131591e-12,0.12811490444598997,
SR_Pu_UN_G1_C3_P_D1000.0m_Lw_50000.0cm_Epw20.0cm_w_lead.o,C3,P,1000.0,50000.0,20.0,lead,100,C3_H_100,1.49993e-13,0.0956,3.03139e-14,0.0478,1.5084322684983203e-13,0.09484096140765422,1.481610476890055e-13,0.09508741983321092,1.2636015359261682e-13,0.09556161448978641,
SR_Pu_UN_G1_C3_P_D1000.0m_Lw_50000.0cm_Epw40.0cm_w_lead.o,C3,P,1000.0,50000.0,40.0,lead,100,C3_H_100,7.49458e-14,0.0242,1.65572e-14,0.0182,7.541969490828844e-14,0.024058890834474055,7.405106412885217e-14,0.024060503943228027,6.30661987629673e-14,0.024018195328995642,
SR_Pu_UN_G1_C3_P_D1200.0m_Lw_60000.0cm_Epw10.0cm_w_lead.o,C3,P,1200.0,60000.0,10.0,lead,100,C3_H_100,4.86358e-14,0.0855,1.15299e-14,0.0695,4.8954672178671284e-14,0.08688305838386938,4.800320754755423e-14,0.08579645886116244,4.077647842378925e-14,0.08250272205258533,
SR_Pu_UN_G1_C3_P_D1.0m_Lw_50.0cm_Epw5.0cm_w_lead.o,C3,P,1.0,50.0,5.0,lead,100,C3_H_100,6.14791e-06,0.0042,9.38475e-07,0.0141,6.159885741239284e-06,0.004151422782869949,6.129645543042638e-06,0.0040396326863566525,5.330363136574237e-06,0.00392901991016283,
SR_Pu_UN_G1_C3_P_D1200.0m_Lw_60000.0cm_Epw1.0cm_w_lead.o,C3,P,1200.0,60000.0,1.0,lead,100,C3_H_100,3.93008e-13,0.1948,1.04804e-13,0.0699,3.948654384012074e-13,0.1956809788837555,3.885216851878095e-13,0.19740253141942957,3.3388994418974764e-13,0.2007834845997071,
SR_Pu_UN_G1_C3_P_D1200.0m_Lw_60000.0cm_Epw20.0cm_w_lead.o,C3,P,1200.0,60000.0,20.0,lead,100,C3_H_100,3.3158e-14,0.0859,7.79438e-15,0.0516,3.345070743031709e-14,0.08705812208425644,3.277658996445377e-14,0.08592470449047518,2.7725703523355047e-14,0.08278590270275911,
SR_Pu_UN_G1_C3_P_D1200.0m_Lw_60000.0cm_Epw40.0cm_w_lead.o,C3,P,1200.0,60000.0,40.0,lead,100,C3_H_100,1.91195e-14,0.0336,4.27138e-15,0.0182,1.9270075012151937e-14,0.033845901797486096,1.890256735350775e-14,0.03371507614791587,1.6060095163972636e-14,0.033282941977925966,
SR_Pu_UN_G1_C3_P_D2.0m_Lw_100.0cm_Epw10.0cm_w_lead.o,C3,P,2.0,100.0,10.0,lead,100,C3_H_100,4.56369e-07,0.0129,7.75332e-08,0.0235,4.58579200371097e-07,0.012877778859205376,4.549653452969704e-07,0.012831084909252161,3.9410059862027017e-07,0.012743887279909395,
SR_Pu_UN_G1_C3_P_D20.0m_Lw_1000.0cm_Epw5.0cm_w_lead.o,C3,P,20.0,1000.0,5.0,lead,100,C3_H_100,2.30538e-08,0.0083,3.62158e-09,0.0213,2.3114047139071408e-08,0.008290532291390242,2.294918993155079e-08,0.008212406331243217,1.9905490167181896e-08,0.00813553305168998,
SR_Pu_UN_G1_C3_P_D2.0m_Lw_100.0cm_Epw1.0cm_w_lead.o,C3,P,2.0,100.0,1.0,lead,100,C3_H_100,9.96306e-06,0.0015,1.7067e-06,0.0042,9.976320942322009e-06,0.0014752206434412844,9.911025758831805e-06,0.001454276296612573,8.59650927343958e-06,0.0014208281336224138,
SR_Pu_UN_G1_C3_P_D2.0m_Lw_100.0cm_Epw20.0cm_w_lead.o,C3,P,2.0,100.0,20.0,lead,100,C3_H_100,1.57826e-07,0.0139,2.80656e-08,0.0378,1.5889707179893507e-07,0.013808732968192681,1.571877883181802e-07,0.013742066915742932,1.3556154869479612e-07,0.013691181173464424,
SR_Pu_UN_G1_C3_P_D2.0m_Lw_100.0cm_Epw40.0cm_w_lead.o,C3,P,2.0,100.0,40.0,lead,100,C3_H_100,6.62591e-08,0.008,1.125e-08,0.0207,6.66930578316653e-08,0.007900468944607738,6.595546995772581e-08,0.007865616773099033,5.684515433728629e-08,0.007825311012201882,
SR_Pu_UN_G1_C3_P_D1.0m_Lw_50.0cm_Epw40.0cm_w_lead.o,C3,P,1.0,50.0,40.0,lead,100,C3_H_100,7.84416e-08,0.1347,1.13036e-08,0.1541,7.908090311493948e-08,0.13333055811672062,7.852065503381072e-08,0.13327867173342034,6.780126913129581e-08,0.13297886002175574,
SR_Pu_UN_G1_C3_P_D1.0m_Lw_50.0cm_Epw10.0cm_w_lead.o,C3,P,1.0,50.0,10.0,lead,100,C3_H_100,1.16373e-06,0.0072,1.85752e-07,0.0122,1.1695126615149374e-06,0.0070847445819383886,1.1628171749373287e-06,0.007086996337443464,1.009343963679186e-06,0.007067091475364083,
SR_Pu_UN_G1_C3_P_D20.0m_Lw_1000.0cm_Epw1.0cm_w_lead.o,C3,P,20.0,1000.0,1.0,lead,100,C3_H_100,1.1027e-07,0.0028,1.89047e-08,0.0044,1.1040958517121745e-07,0.0027965103392766765,1.0965331904148169e-07,0.002791704437696197,9.509644938477658e-08,0.002788614979904803,
SR_Pu_UN_G1_C3_P_D20.0m_Lw_1000.0cm_Epw20.0cm_w_lead.o,C3,P,20.0,1000.0,20.0,lead,100,C3_H_100,4.13956e-09,0.0098,6.49324e-10,0.0164,4.165049686858063e-09,0.009800298061555699,4.1176781083816474e-09,0.00980845216258507,3.548365087076727e-09,0.00981759635375187,
SR_Pu_UN_G1_C3_P_D20.0m_Lw_1000.0cm_Epw40.0cm_w_lead.o,C3,P,20.0,1000.0,40.0,lead,100,C3_H_100,2.34603e-09,0.0054,3.68269e-10,0.0092,2.359370076014994e-09,0.0045691150223283045,2.331398520759569e-09,0.0045588113619472815,2.0076885328950523e-09,0.004529968836236153,
SR_Pu_UN_G1_C3_P_D200.0m_Lw_10000.0cm_Epw10.0cm_w_lead.o,C3,P,200.0,10000.0,10.0,lead,100,C3_H_100,1.09169e-10,0.0283,2.01857e-11,0.0461,1.099165094499512e-10,0.02825825626124341,1.0843095851124219e-10,0.028358938470355574,9.310347411933677e-11,0.028523071643693446,
SR_Pu_UN_G1_C3_P_D1200.0m_Lw_60000.0cm_Epw5.0cm_w_lead.o,C3,P,1200.0,60000.0,5.0,lead,100,C3_H_100,1.34106e-13,0.205,2.94414e-14,0.0993,1.3510768294070443e-13,0.2049602800219854,1.3331852905679532e-13,0.20679531888812372,1.1457898686470795e-13,0.21028296713381256,
SR_Pu_UN_G1_C3_P_D200.0m_Lw_10000.0cm_Epw1.0cm_w_lead.o,C3,P,200.0,10000.0,1.0,lead,100,C3_H_100,5.09912e-10,0.0987,1.28778e-10,0.054,5.115077160339243e-10,0.09830098294518728,5.048866412290526e-10,0.09942882085330791,4.340260366178207e-10,0.10091813654542806,
SR_Pu_UN_G1_C3_P_D200.0m_Lw_10000.0cm_Epw20.0cm_w_lead.o,C3,P,200.0,10000.0,20.0,lead,100,C3_H_100,7.98859e-11,0.03,1.48664e-11,0.0475,8.035239306809268e-11,0.029587469810977655,7.928327281461119e-11,0.029901570001978493,6.803501822550218e-11,0.030043372245139522,
SR_Pu_UN_G1_C3_P_D200.0m_Lw_10000.0cm_Epw40.0cm_w_lead.o,C3,P,200.0,10000.0,40.0,lead,100,C3_H_100,4.77674e-11,0.0084,8.88727e-12,0.0175,4.806302292920783e-11,0.0080637903759613,4.736901598858295e-11,0.00804498864038452,4.066845049568083e-11,0.008044223903448736,
SR_Pu_UN_G1_C3_P_D300.0m_Lw_15000.0cm_Epw10.0cm_w_lead.o,C3,P,300.0,15000.0,10.0,lead,100,C3_H_100,3.55607e-11,0.0336,7.44641e-12,0.0565,3.577725612744192e-11,0.03348486243368322,3.522379083035098e-11,0.03352815305098793,3.0198595699778345e-11,0.03366504176352626,
SR_Pu_UN_G1_C3_P_D2.0m_Lw_100.0cm_Epw5.0cm_w_lead.o,C3,P,2.0,100.0,5.0,lead,100,C3_H_100,1.94133e-06,0.0081,3.19759e-07,0.0295,1.9449367475607076e-06,0.008011361913347139,1.9329155269431474e-06,0.00785758623916818,1.6785881812250108e-06,0.007652432406092927,
SR_Pu_UN_G1_C3_P_D300.0m_Lw_15000.0cm_Epw1.0cm_w_lead.o,C3,P,300.0,15000.0,1.0,lead,100,C3_H_100,2.2561e-10,0.1527,5.087e-11,0.0719,2.2609850349084264e-10,0.15213377795674932,2.2312414348172548e-10,0.15308581095151558,1.9229847580309531e-10,0.15447670934174537,
SR_Pu_UN_G1_C3_P_D300.0m_Lw_15000.0cm_Epw20.0cm_w_lead.o,C3,P,300.0,15000.0,20.0,lead,100,C3_H_100,2.77158e-11,0.0451,5.3462e-12,0.0477,2.786585704230382e-11,0.04436431562317634,2.746773913944247e-11,0.0448969205111784,2.3557692718096796e-11,0.0456112727296959,
SR_Pu_UN_G1_C3_P_D300.0m_Lw_15000.0cm_Epw40.0cm_w_lead.o,C3,P,300.0,15000.0,40.0,lead,100,C3_H_100,1.7183e-11,0.0103,3.41189e-12,0.0217,1.7293566780122918e-11,0.010058598000644637,1.7030038998273808e-11,0.010051832090437416,1.4586758647166163e-11,0.009961016347760991,
SR_Pu_UN_G1_C3_P_D5.0m_Lw_250.0cm_Epw10.0cm_w_lead.o,C3,P,5.0,250.0,10.0,lead,100,C3_H_100,9.84131e-08,0.0129,1.57332e-08,0.0236,9.882192822917932e-08,0.012892682904895187,9.799269445418347e-08,0.012892044553929569,8.477306723275795e-08,0.012823549049463544,
SR_Pu_UN_G1_C3_P_D50.0m_Lw_2500.0cm_Epw5.0cm_w_lead.o,C3,P,50.0,2500.0,5.0,lead,100,C3_H_100,3.84826e-09,0.0308,6.32706e-10,0.0284,3.863093682210214e-09,0.030753728942563712,3.8286911900581864e-09,0.0309046628652084,3.314306112164825e-09,0.031116794109964103,
SR_Pu_UN_G1_C3_P_D5.0m_Lw_250.0cm_Epw1.0cm_w_lead.o,C3,P,5.0,250.0,1.0,lead,100,C3_H_100,1.77656e-06,0.0031,3.14767e-07,0.0101,1.7788421123122575e-06,0.0030647195761149986,1.7662760627305751e-06,0.0030041027979577917,1.531041302082418e-06,0.00293277158267837,
SR_Pu_UN_G1_C3_P_D5.0m_Lw_250.0cm_Epw20.0cm_w_lead.o,C3,P,5.0,250.0,20.0,lead,100,C3_H_100,4.35154e-08,0.0171,6.8368e-09,0.0226,4.380220810180293e-08,0.017004697020735152,4.3356470352876175e-08,0.01708021678566375,3.7414831416430484e-08,0.017149012648388143,
SR_Pu_UN_G1_C3_P_D5.0m_Lw_250.0cm_Epw40.0cm_w_lead.o,C3,P,5.0,250.0,40.0,lead,100,C3_H_100,2.22072e-08,0.0077,3.41193e-09,0.0156,2.2333003240052902e-08,0.0075851240666993495,2.20849107061203e-08,0.007585520383781769,1.903805207562538e-08,0.007573751922931036,
SR_Pu_UN_G1_C3_P_D50.0m_Lw_2500.0cm_Epw10.0cm_w_lead.o,C3,P,50.0,2500.0,10.0,lead,100,C3_H_100,1.68776e-09,0.0272,2.76171e-10,0.0329,1.695945887473067e-09,0.027068981709728615,1.6761003256159194e-09,0.027155037385119932,1.4439856800306054e-09,0.027344217544547935,
SR_Pu_UN_G1_C3_P_D500.0m_Lw_25000.0cm_Epw5.0cm_w_lead.o,C3,P,500.0,25000.0,5.0,lead,100,C3_H_100,1.25273e-11,0.1359,2.76396e-12,0.0954,1.2601500732969843e-11,0.13570955426581202,1.2424407118800738e-11,0.13605660676707773,1.0686727664006981e-11,0.13941497089737853,
SR_Pu_UN_G1_C3_P_D50.0m_Lw_2500.0cm_Epw1.0cm_w_lead.o,C3,P,50.0,2500.0,1.0,lead,100,C3_H_100,1.71208e-08,0.0317,3.00302e-09,0.0213,1.715065718125744e-08,0.03162897323760029,1.7008952007429943e-08,0.0317047980785946,1.4738065858150801e-08,0.031861586613565474,
SR_Pu_UN_G1_C3_P_D50.0m_Lw_2500.0cm_Epw20.0cm_w_lead.o,C3,P,50.0,2500.0,20.0,lead,100,C3_H_100,1.05791e-09,0.0179,1.76926e-10,0.031,1.0645014341737556e-09,0.018057515156257933,1.0514184009672665e-09,0.018072006164288713,9.047353693603188e-10,0.017961305664782094,
SR_Pu_UN_G1_C3_P_D50.0m_Lw_2500.0cm_Epw40.0cm_w_lead.o,C3,P,50.0,2500.0,40.0,lead,100,C3_H_100,5.90582e-10,0.0054,9.74636e-11,0.0101,5.941438056015262e-10,0.004804526330523406,5.866930880324278e-10,0.004806514616948023,5.047224368755715e-10,0.004811171265270962,
SR_Pu_UN_G1_C3_P_D500.0m_Lw_25000.0cm_Epw10.0cm_w_lead.o,C3,P,500.0,25000.0,10.0,lead,100,C3_H_100,6.8552e-12,0.0537,1.48618e-12,0.0558,6.906291779541205e-12,0.05395918943914522,6.798455188580111e-12,0.054431245044737404,5.816298378840788e-12,0.055171884463397734,
SR_Pu_UN_G1_C3_P_D300.0m_Lw_15000.0cm_Epw5.0cm_w_lead.o,C3,P,300.0,15000.0,5.0,lead,100,C3_H_100,6.34386e-11,0.0939,1.37709e-11,0.0677,6.36401132434572e-11,0.09202467313879698,6.2745861682519e-11,0.09256714820758313,5.393850397963366e-11,0.09468493033061609,
SR_Pu_UN_G1_C3_P_D500.0m_Lw_25000.0cm_Epw1.0cm_w_lead.o,C3,P,500.0,25000.0,1.0,lead,100,C3_H_100,4.11519e-11,0.1621,9.90333e-12,0.0683,4.125693695367552e-11,0.16235644205364297,4.072019816490536e-11,0.16310886372437056,3.502950695494753e-11,0.1648086612173454,
SR_Pu_UN_G1_C3_P_D500.0m_Lw_25000.0cm_Epw20.0cm_w_lead.o,C3,P,500.0,25000.0,20.0,lead,100,C3_H_100,4.80381e-12,0.0405,1.00081e-12,0.06,4.836677642983643e-12,0.04071626074289967,4.760091907164793e-12,0.040637421282974186,4.079218165554413e-12,0.04067174029910106,
SR_Pu_UN_G1_C3_P_D500.0m_Lw_25000.0cm_Epw40.0cm_w_lead.o,C3,P,500.0,25000.0,40.0,lead,100,C3_H_100,3.01802e-12,0.0147,6.17297e-13,0.0177,3.0363546528574053e-12,0.014559089216010427,2.9884064785350058e-12,0.014588902157366456,2.555817648718359e-12,0.014579404680898439,
SR_Pu_UN_G1_C3_P_D700.0m_Lw_35000.0cm_Epw10.0cm_w_lead.o,C3,P,700.0,35000.0,10.0,lead,100,C3_H_100,1.9155e-12,0.0886,3.80138e-13,0.0707,1.930421807393807e-12,0.08906251264370435,1.9043418243805025e-12,0.0903455506190257,1.632218388946782e-12,0.09155771189941608,
SR_Pu_UN_G1_C3_P_D5.0m_Lw_250.0cm_Epw5.0cm_w_lead.o,C3,P,5.0,250.0,5.0,lead,100,C3_H_100,3.54293e-07,0.0065,5.55307e-08,0.0121,3.550646242297405e-07,0.00647842607141624,3.5290655264309975e-07,0.006444845561535941,3.064694092767411e-07,0.006357336869935132,
SR_Pu_UN_G1_C3_P_D20.0m_Lw_1000.0cm_Epw10.0cm_w_lead.o,C3,P,20.0,1000.0,10.0,lead,100,C3_H_100,7.80304e-09,0.0129,1.23072e-09,0.0216,7.839249535919066e-09,0.012886252062058417,7.761748151923232e-09,0.012913477202660634,6.703886112847533e-09,0.012910339217109724,
SR_Pu_UN_G1_C3_P_D200.0m_Lw_10000.0cm_Epw5.0cm_w_lead.o,C3,P,200.0,10000.0,5.0,lead,100,C3_H_100,1.97596e-10,0.1318,3.80411e-11,0.0751,1.982297238858275e-10,0.13048425330016525,1.9595147526975434e-10,0.13146501364686194,1.690323950795976e-10,0.1331814867201026,
SR_Pu_UN_G1_C3_P_D700.0m_Lw_35000.0cm_Epw40.0cm_w_lead.o,C3,P,700.0,35000.0,40.0,lead,100,C3_H_100,6.431e-13,0.0261,1.39418e-13,0.021,6.469599561361127e-13,0.026135111081025255,6.362590243554897e-13,0.02637633275645105,5.433252425968244e-13,0.026786354911673863,
SR_Pu_UN_G1_C3_P_D700.0m_Lw_35000.0cm_Epw5.0cm_w_lead.o,C3,P,700.0,35000.0,5.0,lead,100,C3_H_100,2.81087e-12,0.1154,6.46885e-13,0.0675,2.8301169850028293e-12,0.11556507440849757,2.7923694970878176e-12,0.11729110852376487,2.3955395765093674e-12,0.11929138913795585,
SR_Pu_UN_G1_C3_P_D700.0m_Lw_35000.0cm_Epw20.0cm_w_lead.o,C3,P,700.0,35000.0,20.0,lead,100,C3_H_100,1.08734e-12,0.0481,2.175e-13,0.0402,1.0941030245990653e-12,0.04778093080860857,1.0770144615250505e-12,0.04799238018834729,9.225278721518825e-13,0.04862648627501295,
SR_Pu_UN_G1_C3_P_D700.0m_Lw_35000.0cm_Epw1.0cm_w_lead.o,C3,P,700.0,35000.0,1.0,lead,100,C3_H_100,9.71722e-12,0.1783,2.33311e-12,0.0712,9.747838940694304e-12,0.17901675789358354,9.612514861793165e-12,0.18039183215130408,8.252617830798218e-12,0.18327719785906058,
SR_Pu_UN_G1_C3_N_D10.0m_Lw_500.0cm_Epw5.0cm_w_steel.o,C3,N,10.0,500.0,5.0,steel,100,C3_H_100,8.74667e-07,0.0219,4.98609e-08,0.0373,8.328811472227975e-07,0.02177551620815469,1.0333246655898337e-05,0.02341448759498917,8.081984072369156e-06,0.022518821785645873,-4.777344152369128
SR_Pu_UN_G1_C3_N_D1.0m_Lw_50.0cm_Epw1.0cm_w_steel.o,C3,N,1.0,50.0,1.0,steel,100,C3_H_100,7.44992e-05,0.009,3.37372e-06,0.0154,7.10133128847806e-05,0.00881102678602527,0.0008252470878590191,0.010379791782334117,0.0007105675717139015,0.009189083036940505,-4.6790933529748004
SR_Pu_UN_G1_C3_N_D1.0m_Lw_50.0cm_Epw40.0cm_w_water.o,C3,N,1.0,50.0,40.0,water,100,C3_H_100,9.54627e-06,0.0076,8.28022e-07,0.0173,9.031565016561277e-06,0.006402591060893848,0.00013165557773229028,0.004286197742555197,7.241770446906543e-05,0.004255010282908086,-5.391686841444069
SR_Pu_UN_G1_C3_N_D10.0m_Lw_500.0cm_Epw10.0cm_w_steel.o,C3,N,10.0,500.0,10.0,steel,100,C3_H_100,6.18408e-07,0.0224,3.85643e-08,0.0327,5.884844147756168e-07,0.02224667130187092,7.734850003206022e-06,0.023205527788872644,5.562863345966941e-06,0.02315891789189559,-4.83880952775242
SR_Pu_UN_G1_C3_N_D100.0m_Lw_5000.0cm_Epw5.0cm_w_steel.o,C3,N,100.0,5000.0,5.0,steel,100,C3_H_100,8.87173e-09,0.0434,7.71015e-10,0.0289,8.472114387606983e-09,0.04345754181966096,1.021866412827223e-07,0.04385066366819012,7.28508984233229e-08,0.05172541776682025,-4.504370764135259
SR_Pu_UN_G1_C3_N_D10.0m_Lw_500.0cm_Epw1.0cm_w_steel.o,C3,N,10.0,500.0,1.0,steel,100,C3_H_100,1.12752e-06,0.0233,6.62895e-08,0.0436,1.0761043049073505e-06,0.023196657559654367,1.2292592764552765e-05,0.02652736044033716,1.0294926490504928e-05,0.02378068456459271,-4.560069452661544
SR_Pu_UN_G1_C3_N_D10.0m_Lw_500.0cm_Epw20.0cm_w_steel.o,C3,N,10.0,500.0,20.0,steel,100,C3_H_100,3.09308e-07,0.0182,2.33643e-08,0.0258,2.9329366650706083e-07,0.018054878259695803,4.1386539992319925e-06,0.018313640791715147,2.577569142711116e-06,0.018442577602066725,-5.177471482450883
SR_Pu_UN_G1_C3_N_D10.0m_Lw_500.0cm_Epw40.0cm_w_steel.o,C3,N,10.0,500.0,40.0,steel,100,C3_H_100,9.6346e-08,0.012,1.01561e-08,0.0253,9.138136023734264e-08,0.0067196365084465325,1.2409981112262492e-06,0.007128931649226657,6.790736771283197e-07,0.0069815464729960685,-5.1529277423633095
SR_Pu_UN_G1_C3_N_D100.0m_Lw_5000.0cm_Epw10.0cm_w_steel.o,C3,N,100.0,5000.0,10.0,steel,100,C3_H_100,6.44072e-09,0.0418,5.8014e-10,0.0304,6.1455163933000775e-09,0.04144541001129769,7.736495463019995e-08,0.04547288055689221,5.226818631773028e-08,0.049669334143669745,-4.583394507134639
SR_Pu_UN_G1_C3_N_D1000.0m_Lw_50000.0cm_Epw5.0cm_w_steel.o,C3,N,1000.0,50000.0,5.0,steel,100,C3_H_100,1.40261e-12,0.0432,1.93489e-13,0.0236,1.3480292030264743e-12,0.04293282216293971,1.3951069973388724e-11,0.05355543692767886,9.361419119347615e-12,0.06540184037754133,-3.8913737228114504
SR_Pu_UN_G1_C3_N_D100.0m_Lw_5000.0cm_Epw1.0cm_w_steel.o,C3,N,100.0,5000.0,1.0,steel,100,C3_H_100,1.33997e-08,0.0525,1.07559e-09,0.0285,1.2802970366942457e-08,0.0527064609961259,1.4552932407070146e-07,0.05078715911683677,1.134933540686648e-07,0.061609366633879815,-4.453305917726084
SR_Pu_UN_G1_C3_N_D100.0m_Lw_5000.0cm_Epw20.0cm_w_steel.o,C3,N,100.0,5000.0,20.0,steel,100,C3_H_100,3.20923e-09,0.0326,3.72379e-10,0.0283,3.0561390841406976e-09,0.03218028376255577,3.726193281783974e-08,0.037948532943947684,2.2758955654747522e-08,0.041317995066373264,-4.770331695120091
SR_Pu_UN_G1_C3_N_D100.0m_Lw_5000.0cm_Epw40.0cm_w_steel.o,C3,N,100.0,5000.0,40.0,steel,100,C3_H_100,9.70518e-10,0.0087,1.50427e-10,0.0093,9.283636354394752e-10,0.00783383297642141,1.0083439634199732e-08,0.010322342636013598,5.5281818401930914e-09,0.010648441774261427,-4.34349126554323
SR_Pu_UN_G1_C3_N_D1000.0m_Lw_50000.0cm_Epw10.0cm_w_steel.o,C3,N,1000.0,50000.0,10.0,steel,100,C3_H_100,8.30049e-13,0.0341,1.37191e-13,0.0267,7.988491150474644e-13,0.03378377682771345,7.750509305026435e-12,0.04721611628116242,4.7846268403147496e-12,0.052436472970880665,-3.758800378355445
SR_Pu_UN_G1_C3_N_D1000.0m_Lw_50000.0cm_Epw1.0cm_w_steel.o,C3,N,1000.0,50000.0,1.0,steel,100,C3_H_100,2.32179e-12,0.0361,2.76421e-13,0.0197,2.2239151542054974e-12,0.03597566356973939,2.4528132886285746e-11,0.043790925307136075,1.6857723951743315e-11,0.05019540359424517,-4.215490883951715
SR_Pu_UN_G1_C3_N_D1000.0m_Lw_50000.0cm_Epw20.0cm_w_steel.o,C3,N,1000.0,50000.0,20.0,steel,100,C3_H_100,3.50239e-13,0.0406,6.63155e-14,0.0225,3.3813018835428966e-13,0.03946168368045617,2.9698862604804965e-12,0.06848455480797398,1.746776408383177e-12,0.07453496685001047,-3.4572996284566675
SR_Pu_UN_G1_C3_N_D1000.0m_Lw_50000.0cm_Epw40.0cm_w_steel.o,C3,N,1000.0,50000.0,40.0,steel,100,C3_H_100,7.35084e-14,0.0093,1.72038e-14,0.0093,7.139723248776847e-14,0.006762755688842358,4.758548035035342e-13,0.013196491676450072,2.667991384448698e-13,0.013825331083578443,-2.872008521790071
SR_Pu_UN_G1_C3_N_D1200.0m_Lw_60000.0cm_Epw10.0cm_w_steel.o,C3,N,1200.0,60000.0,10.0,steel,100,C3_H_100,2.01055e-13,0.0628,2.97752e-14,0.0274,1.9296666907041736e-13,0.061084618715159814,1.907017920977272e-12,0.06724297507888773,1.2376323279750496e-12,0.08787324898429807,-4.022944432907731
SR_Pu_UN_G1_C3_N_D1.0m_Lw_50.0cm_Epw5.0cm_w_steel.o,C3,N,1.0,50.0,5.0,steel,100,C3_H_100,6.12431e-05,0.0092,2.80898e-06,0.018,5.83195893177955e-05,0.009005231112958687,0.0007339918378061866,0.010267172967024368,0.0005873402391939932,0.00911516462364632,-4.77361642732733
SR_Pu_UN_G1_C3_N_D1200.0m_Lw_60000.0cm_Epw1.0cm_w_steel.o,C3,N,1200.0,60000.0,1.0,steel,100,C3_H_100,6.4426e-13,0.1126,6.82162e-14,0.0273,6.159106327236611e-13,0.11020474874028344,6.58325001024416e-12,0.09157016957571149,4.79850410664619e-12,0.13032917748011755,-4.400299145739123
SR_Pu_UN_G1_C3_N_D1200.0m_Lw_60000.0cm_Epw20.0cm_w_steel.o,C3,N,1200.0,60000.0,20.0,steel,100,C3_H_100,7.35125e-14,0.0456,1.36619e-14,0.0244,7.109550238691935e-14,0.04587876054546005,6.265648159919987e-13,0.07223587094377207,3.828006445997747e-13,0.08840299588687976,-3.28787296457154
SR_Pu_UN_G1_C3_N_D1200.0m_Lw_60000.0cm_Epw40.0cm_w_steel.o,C3,N,1200.0,60000.0,40.0,steel,100,C3_H_100,1.39671e-14,0.0287,3.1897e-15,0.0245,1.3535516926752841e-14,0.021346126533252706,9.43757469067777e-14,0.04804817704392699,5.350603971116131e-14,0.05635570651169672,-3.089997732150255
SR_Pu_UN_G1_C3_N_D2.0m_Lw_100.0cm_Epw10.0cm_w_steel.o,C3,N,2.0,100.0,10.0,steel,100,C3_H_100,1.45533e-05,0.0158,7.49097e-07,0.0214,1.3817983347323853e-05,0.015601442910597587,0.0001866490919327467,0.01624527989304243,0.00013617918501086947,0.016104267629193095,-5.0525767535620565
SR_Pu_UN_G1_C3_N_D20.0m_Lw_1000.0cm_Epw5.0cm_w_steel.o,C3,N,20.0,1000.0,5.0,steel,100,C3_H_100,2.14722e-07,0.0172,1.38003e-08,0.0287,2.046187590742313e-07,0.017148840410901763,2.510391666281921e-06,0.017997793474284138,1.933277908312908e-06,0.017799231835333062,-4.705265844100139
SR_Pu_UN_G1_C3_N_D2.0m_Lw_100.0cm_Epw1.0cm_w_steel.o,C3,N,2.0,100.0,1.0,steel,100,C3_H_100,2.36512e-05,0.0156,1.22862e-06,0.0455,2.2557164551958913e-05,0.01559725375846756,0.00025785145520914454,0.015327857598877719,0.0002212670489712841,0.01480192485948969,-4.625707989620351
SR_Pu_UN_G1_C3_N_D2.0m_Lw_100.0cm_Epw20.0cm_w_steel.o,C3,N,2.0,100.0,20.0,steel,100,C3_H_100,7.6711e-06,0.0127,4.94655e-07,0.0171,7.271418811643178e-06,0.012246776964275641,0.00010520575989013974,0.012532262737392696,6.695433931613237e-05,0.012626930598183551,-5.210220025248302
SR_Pu_UN_G1_C3_N_D2.0m_Lw_100.0cm_Epw40.0cm_w_steel.o,C3,N,2.0,100.0,40.0,steel,100,C3_H_100,2.61e-06,0.0067,2.41047e-07,0.0091,2.4719199847197905e-06,0.005391507125020525,3.5312796538298255e-05,0.005646906167627974,1.940576023269309e-05,0.0056823290979293424,-5.290422041387338
SR_Pu_UN_G1_C3_N_D20.0m_Lw_1000.0cm_Epw10.0cm_w_steel.o,C3,N,20.0,1000.0,10.0,steel,100,C3_H_100,1.52574e-07,0.0199,1.04023e-08,0.0348,1.4504645814328085e-07,0.019851828377128043,1.9050360649866453e-06,0.020045744281618247,1.3396486646928833e-06,0.019756661727125393,-4.933698963597438
SR_Pu_UN_G1_C3_N_D200.0m_Lw_10000.0cm_Epw5.0cm_w_steel.o,C3,N,200.0,10000.0,5.0,steel,100,C3_H_100,1.79142e-09,0.0686,1.67833e-10,0.0346,1.7127587724922312e-09,0.06840464685952473,1.9452084477256844e-08,0.06759205485259893,1.413040032293416e-08,0.08274726661675068,-4.390998621639192
SR_Pu_UN_G1_C3_N_D20.0m_Lw_1000.0cm_Epw1.0cm_w_steel.o,C3,N,20.0,1000.0,1.0,steel,100,C3_H_100,2.78051e-07,0.018,1.76966e-08,0.0239,2.6550070028296696e-07,0.01786091016365028,3.0086252738788064e-06,0.019090023888847573,2.4991712126726237e-06,0.019319070439852003,-4.513668254037226
SR_Pu_UN_G1_C3_N_D20.0m_Lw_1000.0cm_Epw20.0cm_w_steel.o,C3,N,20.0,1000.0,20.0,steel,100,C3_H_100,7.80074e-08,0.0143,6.44995e-09,0.0189,7.400144335596284e-08,0.014127637453262482,1.0222176943332551e-06,0.014914710348564715,6.326325045072868e-07,0.014860524849232393,-5.135354651016651
SR_Pu_UN_G1_C3_N_D20.0m_Lw_1000.0cm_Epw40.0cm_w_steel.o,C3,N,20.0,1000.0,40.0,steel,100,C3_H_100,2.42927e-08,0.0097,2.80774e-09,0.0185,2.307912206268183e-08,0.006181985579072891,3.004013763215493e-07,0.007329960557816307,1.641924817564416e-07,0.006934073099860354,-4.995648640612901
SR_Pu_UN_G1_C3_N_D200.0m_Lw_10000.0cm_Epw10.0cm_w_steel.o,C3,N,200.0,10000.0,10.0,steel,100,C3_H_100,1.2682e-09,0.0617,1.31256e-10,0.0373,1.209916387160366e-09,0.06110126215564474,1.4573429495214782e-08,0.0685677910069093,9.661617334998574e-09,0.07862047088039255,-4.595774549726698
SR_Pu_UN_G1_C3_N_D1200.0m_Lw_60000.0cm_Epw5.0cm_w_steel.o,C3,N,1200.0,60000.0,5.0,steel,100,C3_H_100,4.07617e-13,0.0999,4.79894e-14,0.0268,3.926798212300545e-13,0.1024921271040021,3.958624139648732e-12,0.08811097890698633,2.9093528504866964e-12,0.1343205959088837,-3.6645131998777125
SR_Pu_UN_G1_C3_N_D200.0m_Lw_10000.0cm_Epw1.0cm_w_steel.o,C3,N,200.0,10000.0,1.0,steel,100,C3_H_100,2.69037e-09,0.0816,2.1935e-10,0.0359,2.5723973471840037e-09,0.08257590786411963,2.9233554377115402e-08,0.07295936168593221,2.2430536217411317e-08,0.09437451086633421,-4.384997335533639
SR_Pu_UN_G1_C3_N_D200.0m_Lw_10000.0cm_Epw20.0cm_w_steel.o,C3,N,200.0,10000.0,20.0,steel,100,C3_H_100,6.44687e-10,0.0465,8.50005e-11,0.0306,6.179320911609316e-10,0.04648154528573289,6.96700737733602e-09,0.05512379197536017,4.28238159253104e-09,0.06452484140929678,-4.15006178797904
SR_Pu_UN_G1_C3_N_D200.0m_Lw_10000.0cm_Epw40.0cm_w_steel.o,C3,N,200.0,10000.0,40.0,steel,100,C3_H_100,1.83413e-10,0.011,3.28848e-11,0.0111,1.763002322004946e-10,0.009583909954759127,1.6884831974782948e-09,0.014360244422663948,9.248497662751319e-10,0.014816190159444853,-3.8780063569678203
SR_Pu_UN_G1_C3_N_D300.0m_Lw_15000.0cm_Epw10.0cm_w_steel.o,C3,N,300.0,15000.0,10.0,steel,100,C3_H_100,3.36403e-10,0.0659,4.29756e-11,0.0398,3.204345523244297e-10,0.06441378058170841,3.608699996521954e-09,0.08233244631966954,2.3152479610151986e-09,0.08897058446045294,-4.746820829650845
SR_Pu_UN_G1_C3_N_D2.0m_Lw_100.0cm_Epw5.0cm_w_steel.o,C3,N,2.0,100.0,5.0,steel,100,C3_H_100,1.94475e-05,0.018,9.52199e-07,0.03,1.848756589449713e-05,0.017145468902053346,0.00023190116625056094,0.018333644549900076,0.00018424894810303264,0.017551679097672343,-4.936028309566115
SR_Pu_UN_G1_C3_N_D300.0m_Lw_15000.0cm_Epw1.0cm_w_steel.o,C3,N,300.0,15000.0,1.0,steel,100,C3_H_100,6.44258e-10,0.0884,6.39452e-11,0.0358,6.143356856687378e-10,0.08692337954253898,6.913734273223577e-09,0.08454872086588869,5.0360690071356265e-09,0.11307819752205979,-4.644461431796303
SR_Pu_UN_G1_C3_N_D300.0m_Lw_15000.0cm_Epw20.0cm_w_steel.o,C3,N,300.0,15000.0,20.0,steel,100,C3_H_100,1.80446e-10,0.0514,2.75443e-11,0.0309,1.724671820079803e-10,0.050308265401298326,1.8355734777869081e-09,0.0697832784533579,1.0692837743293048e-09,0.08023299032719179,-4.421720621138572
SR_Pu_UN_G1_C3_N_D300.0m_Lw_15000.0cm_Epw40.0cm_w_steel.o,C3,N,300.0,15000.0,40.0,steel,100,C3_H_100,5.32385e-11,0.0209,1.00898e-11,0.0112,5.1285477166127715e-11,0.020390454863494046,4.6357726748819333e-10,0.03704954057373363,2.5556912963397664e-10,0.03587331280328397,-3.668440759736445
SR_Pu_UN_G1_C3_N_D5.0m_Lw_250.0cm_Epw10.0cm_w_steel.o,C3,N,5.0,250.0,10.0,steel,100,C3_H_100,2.45715e-06,0.0181,1.34722e-07,0.0221,2.335432635427696e-06,0.018063169439781195,3.1478947942569e-05,0.019098417767072808,2.270055118699671e-05,0.01882282869965289,-4.953599274456328
SR_Pu_UN_G1_C3_N_D50.0m_Lw_2500.0cm_Epw5.0cm_w_steel.o,C3,N,50.0,2500.0,5.0,steel,100,C3_H_100,3.4898e-08,0.0235,2.62689e-09,0.021,3.3262011951260825e-08,0.023347585935309053,4.0526768049076494e-07,0.02457031286222012,3.0074630218156265e-07,0.026385503280858175,-4.687913487131567
SR_Pu_UN_G1_C3_N_D5.0m_Lw_250.0cm_Epw1.0cm_w_steel.o,C3,N,5.0,250.0,1.0,steel,100,C3_H_100,4.61562e-06,0.0553,2.38716e-07,0.0604,4.405116339366766e-06,0.05588130996736476,5.154960612407348e-05,0.06824805341210839,4.340340958928079e-05,0.062437411255598846,-4.5606800523707385
SR_Pu_UN_G1_C3_N_D5.0m_Lw_250.0cm_Epw20.0cm_w_steel.o,C3,N,5.0,250.0,20.0,steel,100,C3_H_100,1.28701e-06,0.0166,9.02208e-08,0.0186,1.2211503022866194e-06,0.016456360854630692,1.74341897247092e-05,0.01730963681709195,1.0991572935387643e-05,0.017470687907769695,-5.11726386845328
SR_Pu_UN_G1_C3_N_D5.0m_Lw_250.0cm_Epw40.0cm_w_steel.o,C3,N,5.0,250.0,40.0,steel,100,C3_H_100,4.07521e-07,0.0083,4.07926e-08,0.0109,3.8620933798594597e-07,0.007418114177818187,5.339455583376624e-06,0.00796466242061223,2.940422564453291e-06,0.008119813656645793,-5.229586208822132
SR_Pu_UN_G1_C3_N_D50.0m_Lw_2500.0cm_Epw10.0cm_w_steel.o,C3,N,50.0,2500.0,10.0,steel,100,C3_H_100,2.57733e-08,0.0231,2.06868e-09,0.0209,2.4503771570750476e-08,0.02288139186124162,3.1865531792445814e-07,0.024903995783888275,2.1617698272903515e-07,0.025906775219801895,-4.925750405456523
SR_Pu_UN_G1_C3_N_D500.0m_Lw_25000.0cm_Epw5.0cm_w_steel.o,C3,N,500.0,25000.0,5.0,steel,100,C3_H_100,8.95864e-11,0.1577,9.44246e-12,0.0408,8.544567224379658e-11,0.15479759401107704,9.214522774599374e-10,0.11939069450167446,6.594282312033482e-10,0.1834909015318476,-4.622049503276637
SR_Pu_UN_G1_C3_N_D50.0m_Lw_2500.0cm_Epw1.0cm_w_steel.o,C3,N,50.0,2500.0,1.0,steel,100,C3_H_100,4.72626e-08,0.0294,3.75056e-09,0.0198,4.5162028892505435e-08,0.029330430740273444,5.02569294965656e-07,0.030045728820675882,4.0193950658975735e-07,0.03431956497307138,-4.444467946102347
SR_Pu_UN_G1_C3_N_D50.0m_Lw_2500.0cm_Epw20.0cm_w_steel.o,C3,N,50.0,2500.0,20.0,steel,100,C3_H_100,1.27246e-08,0.0178,1.26496e-09,0.0202,1.2098165949036185e-08,0.017666258082434765,1.584765620679441e-07,0.019660099613437634,9.634210812467345e-08,0.019974110594601125,-4.923015662290482
SR_Pu_UN_G1_C3_N_D50.0m_Lw_2500.0cm_Epw40.0cm_w_steel.o,C3,N,50.0,2500.0,40.0,steel,100,C3_H_100,4.22675e-09,0.047,5.91028e-10,0.0932,4.033036151874564e-09,0.010320297444811678,4.714573449289173e-08,0.009691596514688173,2.5801514702588917e-08,0.009435695495210368,-4.583044848298016
SR_Pu_UN_G1_C3_N_D500.0m_Lw_25000.0cm_Epw10.0cm_w_steel.o,C3,N,500.0,25000.0,10.0,steel,100,C3_H_100,4.40114e-11,0.0563,6.57784e-12,0.0389,4.22149201765556e-11,0.055710832495769524,4.352999015586828e-10,0.0732250371010126,2.6901071599108414e-10,0.08207119709361008,-4.081851119129132
SR_Pu_UN_G1_C3_N_D300.0m_Lw_15000.0cm_Epw5.0cm_w_steel.o,C3,N,300.0,15000.0,5.0,steel,100,C3_H_100,4.80529e-10,0.0526,5.66128e-11,0.0362,4.592640084651273e-10,0.05224568377184596,5.230386452731845e-09,0.060213718507198845,3.447826375048719e-09,0.0671871571181557,-4.42532948789203
SR_Pu_UN_G1_C3_N_D500.0m_Lw_25000.0cm_Epw1.0cm_w_steel.o,C3,N,500.0,25000.0,1.0,steel,100,C3_H_100,1.1403e-10,0.0952,1.16396e-11,0.0327,1.0861442628212587e-10,0.09393400297719622,1.2088566032348776e-09,0.08032607699541704,8.739970895460211e-10,0.11262610970189749,-4.74925345775159
SR_Pu_UN_G1_C3_N_D500.0m_Lw_25000.0cm_Epw20.0cm_w_steel.o,C3,N,500.0,25000.0,20.0,steel,100,C3_H_100,2.73031e-11,0.0595,4.39206e-12,0.0324,2.6246241997580143e-11,0.05950755136168136,2.7168655763243465e-10,0.08886384250011423,1.5661420314861418e-10,0.09424170903243782,-3.8708351887509416
SR_Pu_UN_G1_C3_N_D500.0m_Lw_25000.0cm_Epw40.0cm_w_steel.o,C3,N,500.0,25000.0,40.0,steel,100,C3_H_100,6.89692e-12,0.0174,1.46177e-12,0.0198,6.675456379984149e-12,0.01122448285109044,5.2065060845248595e-11,0.0204839586957033,2.918567152680391e-11,0.02213378265634986,-3.2110510201053644
SR_Pu_UN_G1_C3_N_D700.0m_Lw_35000.0cm_Epw10.0cm_w_steel.o,C3,N,700.0,35000.0,10.0,steel,100,C3_H_100,1.09851e-11,0.1004,1.44952e-12,0.0335,1.0581315742104124e-11,0.10182176771565585,1.1028669765281486e-10,0.11300842370874202,7.411317964799958e-11,0.14805513572693618,-3.6757449444782053
SR_Pu_UN_G1_C3_N_D5.0m_Lw_250.0cm_Epw5.0cm_w_steel.o,C3,N,5.0,250.0,5.0,steel,100,C3_H_100,3.55481e-06,0.0257,1.99037e-07,0.0439,3.392003552416396e-06,0.025599728113103678,4.2190975923661e-05,0.028399573592994727,3.29471590957854e-05,0.026968574660136177,-4.579891684326425
SR_Pu_UN_G1_C3_N_D700.0m_Lw_35000.0cm_Epw1.0cm_w_steel.o,C3,N,700.0,35000.0,1.0,steel,100,C3_H_100,2.08941e-11,0.0459,2.38834e-12,0.0232,2.0013603934327947e-11,0.04498721109671427,2.2479127067560869e-10,0.052726117516284976,1.5433754469095962e-10,0.0612473179275628,-4.214089459091576
SR_Pu_UN_G1_C3_N_D700.0m_Lw_35000.0cm_Epw20.0cm_w_steel.o,C3,N,700.0,35000.0,20.0,steel,100,C3_H_100,4.25404e-12,0.0449,7.54989e-13,0.0229,4.098878721438316e-12,0.04437439060059114,3.76351125144405e-11,0.06888278322219815,2.2764858990674076e-11,0.08127478181152138,-3.647386450566616
SR_Pu_UN_G1_C3_N_D700.0m_Lw_35000.0cm_Epw40.0cm_w_steel.o,C3,N,700.0,35000.0,40.0,steel,100,C3_H_100,1.05181e-12,0.0161,2.35967e-13,0.0194,1.0197171181112429e-12,0.007910142342253929,7.305246652359836e-12,0.014386478552000807,4.0832157964719265e-12,0.015466065686016288,-3.0512052451257428
SR_Pu_UN_G1_C3_N_D1.0m_Lw_50.0cm_Epw20.0cm_w_steel.o,C3,N,1.0,50.0,20.0,steel,100,C3_H_100,2.54155e-05,0.0062,1.53567e-06,0.0101,2.409534141745906e-05,0.00568876811177759,0.0003537348842699038,0.005688534049321726,0.00022548875067411652,0.005571859562954301,-5.194304981373333
SR_Pu_UN_G1_C3_N_D1.0m_Lw_50.0cm_Epw10.0cm_w_steel.o,C3,N,1.0,50.0,10.0,steel,100,C3_H_100,4.55545e-05,0.0092,2.20835e-06,0.0132,4.3299873354228767e-05,0.008901543722386133,0.0005889965617930071,0.009892058643827917,0.0004314984474941509,0.008967875629120471,-4.949295120726235
SR_Pu_UN_G1_C3_N_D700.0m_Lw_35000.0cm_Epw5.0cm_w_steel.o,C3,N,700.0,35000.0,5.0,steel,100,C3_H_100,1.6565e-11,0.1142,1.96044e-12,0.0388,1.58741049874504e-11,0.11453179163167798,1.7987918642230257e-10,0.146886963710368,1.2194658602678337e-10,0.16615966001076032,-4.170812028672497
SR_Pu_UN_G1_C3_P_D1.0m_Lw_50.0cm_Epw40.0cm_w_steel.o,C3,P,1.0,50.0,40.0,steel,100,C3_H_100,2.81181e-07,0.0156,3.64023e-08,0.0133,2.8187371195619494e-07,0.014391576263100165,2.76527913787099e-07,0.014498667729111781,2.348737832499649e-07,0.014784134823205753,
SR_Pu_UN_G1_C3_P_D10.0m_Lw_500.0cm_Epw5.0cm_w_steel.o,C3,P,10.0,500.0,5.0,steel,100,C3_H_100,2.63978e-07,0.005,5.5678e-08,0.011,2.6447250833469647e-07,0.005007160364725036,2.612745754831635e-07,0.004949103476486804,2.2521732170647789e-07,0.004889170845171734,
SR_Pu_UN_G1_C3_P_D1.0m_Lw_50.0cm_Epw1.0cm_w_steel.o,C3,P,1.0,50.0,1.0,steel,100,C3_H_100,4.82888e-05,0.0013,1.02593e-05,0.0039,4.836327401197368e-05,0.0012585853361876535,4.7856037908652295e-05,0.0012295888682442044,4.1339121026549044e-05,0.0012078686213166162,
SR_Pu_UN_G1_C3_P_D1.0m_Lw_50.0cm_Epw20.0cm_w_steel.o,C3,P,1.0,50.0,20.0,steel,100,C3_H_100,1.07918e-06,0.0071,1.94717e-07,0.0161,1.0833900944259059e-06,0.006420503033320383,1.0683402113418003e-06,0.006399917953526714,9.165923116234227e-07,0.0063885565338639184,
SR_Pu_UN_G1_C3_P_D2.0m_Lw_100.0cm_Epw10.0cm_w_steel.o,C3,P,2.0,100.0,10.0,steel,100,C3_H_100,2.0402e-06,0.0086,4.01242e-07,0.0178,2.0461538392359473e-06,0.008559067230240518,2.022099830533758e-06,0.008468118319984412,1.742131997246423e-06,0.00835388974218383,
SR_Pu_UN_G1_C3_P_D2.0m_Lw_100.0cm_Epw40.0cm_w_steel.o,C3,P,2.0,100.0,40.0,steel,100,C3_H_100,1.0864e-07,0.0084,1.59796e-08,0.0183,1.0900190569146555e-07,0.008069228414234844,1.0701702172531707e-07,0.00802306805342322,9.108948991545625e-08,0.00798934586678056,
SR_Pu_UN_G1_C3_P_D20.0m_Lw_1000.0cm_Epw5.0cm_w_steel.o,C3,P,20.0,1000.0,5.0,steel,100,C3_H_100,6.33201e-08,0.0063,1.36708e-08,0.0129,6.346682569249426e-08,0.006238325102523381,6.265384873876148e-08,0.006184119170441173,5.396055838281385e-08,0.006131281751573826,
SR_Pu_UN_G1_C3_P_D2.0m_Lw_100.0cm_Epw1.0cm_w_steel.o,C3,P,2.0,100.0,1.0,steel,100,C3_H_100,1.43204e-05,0.0017,3.19531e-06,0.0052,1.434033296780148e-05,0.001629969552322191,1.4175677253569463e-05,0.0015772600270844625,1.223595084588885e-05,0.0015414265008372049,
SR_Pu_UN_G1_C3_P_D2.0m_Lw_100.0cm_Epw20.0cm_w_steel.o,C3,P,2.0,100.0,20.0,steel,100,C3_H_100,3.77616e-07,0.0138,6.48347e-08,0.022,3.792174584199527e-07,0.01374120766145535,3.7386268431830104e-07,0.013667573643534537,3.2062102131714144e-07,0.013555887689274512,
SR_Pu_UN_G1_C3_P_D5.0m_Lw_250.0cm_Epw10.0cm_w_steel.o,C3,P,5.0,250.0,10.0,steel,100,C3_H_100,3.56362e-07,0.0113,7.04904e-08,0.0215,3.5728877238585737e-07,0.011275320720574446,3.5300108157605885e-07,0.011196662620390978,3.041503597082401e-07,0.011079426453776398,
SR_Pu_UN_G1_C3_P_D5.0m_Lw_250.0cm_Epw40.0cm_w_steel.o,C3,P,5.0,250.0,40.0,steel,100,C3_H_100,2.26447e-08,0.0119,3.42055e-09,0.0293,2.2718949395337683e-08,0.011812105898880904,2.23354887128024e-08,0.011749201147521348,1.9067904693756957e-08,0.011716088705640244,
SR_Pu_UN_G1_C3_P_D50.0m_Lw_2500.0cm_Epw5.0cm_w_steel.o,C3,P,50.0,2500.0,5.0,steel,100,C3_H_100,9.91514e-09,0.025,2.22132e-09,0.0244,9.935723862809152e-09,0.02488842685489297,9.79810875492784e-09,0.02503438984532158,8.430667229407286e-09,0.025255896641646878,
SR_Pu_UN_G1_C3_P_D5.0m_Lw_250.0cm_Epw1.0cm_w_steel.o,C3,P,5.0,250.0,1.0,steel,100,C3_H_100,2.57365e-06,0.0024,5.88923e-07,0.0059,2.5774420411206565e-06,0.002361818814156678,2.546747152546351e-06,0.0023171346944479763,2.196749326238868e-06,0.0022829264325431825,
SR_Pu_UN_G1_C3_P_D5.0m_Lw_250.0cm_Epw20.0cm_w_steel.o,C3,P,5.0,250.0,20.0,steel,100,C3_H_100,7.47728e-08,0.0225,1.31551e-08,0.0467,7.50189271622057e-08,0.02242296777089899,7.393802849137009e-08,0.022318512751958623,6.343212100328429e-08,0.02223003419842366,
SR_Pu_UN_G1_C3_P_D10.0m_Lw_500.0cm_Epw10.0cm_w_steel.o,C3,P,10.0,500.0,10.0,steel,100,C3_H_100,8.85264e-08,0.0103,1.69904e-08,0.0201,8.879229133109537e-08,0.010296059291982488,8.770590509203273e-08,0.010226670170036945,7.550532789375766e-08,0.010123797596174872,
SR_Pu_UN_G1_C3_P_D10.0m_Lw_500.0cm_Epw40.0cm_w_steel.o,C3,P,10.0,500.0,40.0,steel,100,C3_H_100,6.18006e-09,0.0112,9.68472e-10,0.028,6.200647813284089e-09,0.01110209159049969,6.097922887730493e-09,0.011039227283393006,5.2088311296183066e-09,0.010976378331397313,
SR_Pu_UN_G1_C3_P_D100.0m_Lw_5000.0cm_Epw5.0cm_w_steel.o,C3,P,100.0,5000.0,5.0,steel,100,C3_H_100,2.19689e-09,0.0565,5.08506e-10,0.0308,2.2027830467106814e-09,0.05638752986810932,2.1694592835891013e-09,0.056986306950430325,1.8622473436845538e-09,0.05791643131860537,
SR_Pu_UN_G1_C3_P_D10.0m_Lw_500.0cm_Epw1.0cm_w_steel.o,C3,P,10.0,500.0,1.0,steel,100,C3_H_100,6.5093e-07,0.002,1.46608e-07,0.0044,6.518859732039294e-07,0.0019772225699714666,6.443250959200341e-07,0.0019546514581531317,5.559210507704729e-07,0.0019276029009966083,
SR_Pu_UN_G1_C3_P_D10.0m_Lw_500.0cm_Epw20.0cm_w_steel.o,C3,P,10.0,500.0,20.0,steel,100,C3_H_100,1.91261e-08,0.0186,3.24816e-09,0.0282,1.9190670932389328e-08,0.0185370928246323,1.8925025792283802e-08,0.018532735173007766,1.624128542812874e-08,0.01849204187363928,
SR_Pu_UN_G1_C3_P_D20.0m_Lw_1000.0cm_Epw10.0cm_w_steel.o,C3,P,20.0,1000.0,10.0,steel,100,C3_H_100,2.2008e-08,0.0132,4.38173e-09,0.0269,2.2070074785636296e-08,0.013201082273514455,2.178365341492329e-08,0.013134774737350528,1.8745134808361254e-08,0.013054376179578202,
SR_Pu_UN_G1_C3_P_D20.0m_Lw_1000.0cm_Epw40.0cm_w_steel.o,C3,P,20.0,1000.0,40.0,steel,100,C3_H_100,1.69746e-09,0.0107,2.70814e-10,0.0248,1.7046176578648384e-09,0.010594669596836692,1.6763849547630661e-09,0.010543905292154352,1.432146148095461e-09,0.010483924608787689,
SR_Pu_UN_G1_C3_P_D200.0m_Lw_10000.0cm_Epw5.0cm_w_steel.o,C3,P,200.0,10000.0,5.0,steel,100,C3_H_100,3.71756e-10,0.0832,9.79842e-11,0.0427,3.7277243183088986e-10,0.08252665209221458,3.664912931460491e-10,0.08348650367609241,3.1384071011439544e-10,0.08505839151499867,
SR_Pu_UN_G1_C3_P_D20.0m_Lw_1000.0cm_Epw1.0cm_w_steel.o,C3,P,20.0,1000.0,1.0,steel,100,C3_H_100,1.59277e-07,0.0027,3.62702e-08,0.0045,1.59522328352012e-07,0.0027436470244803493,1.5762534706684472e-07,0.0027329524495331094,1.3599643078185317e-07,0.0027230546319560955,
SR_Pu_UN_G1_C3_P_D20.0m_Lw_1000.0cm_Epw20.0cm_w_steel.o,C3,P,20.0,1000.0,20.0,steel,100,C3_H_100,4.90785e-09,0.0195,8.32293e-10,0.0358,4.92784232932114e-09,0.019504156388681994,4.856012985902811e-09,0.01947369506479326,4.1639285094357515e-09,0.01942073729184902,
SR_Pu_UN_G1_C3_P_D50.0m_Lw_2500.0cm_Epw10.0cm_w_steel.o,C3,P,50.0,2500.0,10.0,steel,100,C3_H_100,3.57142e-09,0.0348,7.34684e-10,0.0397,3.5810559987778134e-09,0.03472168969573035,3.5284699545517684e-09,0.03489126024304735,3.028781010464725e-09,0.03517105116483213,
SR_Pu_UN_G1_C3_P_D50.0m_Lw_2500.0cm_Epw40.0cm_w_steel.o,C3,P,50.0,2500.0,40.0,steel,100,C3_H_100,3.66855e-10,0.0104,6.1794e-11,0.019,3.6839651714102366e-10,0.010291038763915046,3.623630429336496e-10,0.010239284346966838,3.0978516195150587e-10,0.010152812396104093,
SR_Pu_UN_G1_C3_P_D500.0m_Lw_25000.0cm_Epw5.0cm_w_steel.o,C3,P,500.0,25000.0,5.0,steel,100,C3_H_100,2.37921e-11,0.178,6.3873e-12,0.0634,2.3881965423853475e-11,0.1778663535142577,2.3463411767422006e-11,0.17855207860546266,2.0110686130606462e-11,0.18078577232600984,
SR_Pu_UN_G1_C3_P_D50.0m_Lw_2500.0cm_Epw1.0cm_w_steel.o,C3,P,50.0,2500.0,1.0,steel,100,C3_H_100,2.49633e-08,0.0268,5.92022e-09,0.0155,2.500998415915955e-08,0.026735490163290875,2.4676466323626985e-08,0.02691679429113965,2.1269919715165437e-08,0.02715717494729591,
SR_Pu_UN_G1_C3_P_D50.0m_Lw_2500.0cm_Epw20.0cm_w_steel.o,C3,P,50.0,2500.0,20.0,steel,100,C3_H_100,9.97387e-10,0.0267,1.86854e-10,0.0481,1.0004945597758317e-09,0.026516587302899172,9.84652294272623e-10,0.026451506377093245,8.430544247375871e-10,0.026417501474701784,
SR_Pu_UN_G1_C3_P_D100.0m_Lw_5000.0cm_Epw10.0cm_w_steel.o,C3,P,100.0,5000.0,10.0,steel,100,C3_H_100,9.00349e-10,0.0612,1.86239e-10,0.0377,9.017682383401168e-10,0.060823454618798636,8.878023691280208e-10,0.06124379100091139,7.613795194788003e-10,0.06209281773326123,
SR_Pu_UN_G1_C3_P_D100.0m_Lw_5000.0cm_Epw40.0cm_w_steel.o,C3,P,100.0,5000.0,40.0,steel,100,C3_H_100,1.12015e-10,0.0101,2.09705e-11,0.0161,1.1255651204165053e-10,0.010025572991886765,1.1067333039252604e-10,0.009995311734173359,9.454545051369962e-11,0.009915881289092007,
SR_Pu_UN_G1_C3_P_D1000.0m_Lw_50000.0cm_Epw5.0cm_w_steel.o,C3,P,1000.0,50000.0,5.0,steel,100,C3_H_100,8.59584e-13,0.1838,2.21496e-13,0.0871,8.586792557905394e-13,0.1810350512691801,8.501819109826617e-13,0.18412889205742752,7.264393701028166e-13,0.18767870225193858,
SR_Pu_UN_G1_C3_P_D100.0m_Lw_5000.0cm_Epw1.0cm_w_steel.o,C3,P,100.0,5000.0,1.0,steel,100,C3_H_100,5.10569e-09,0.049,1.3669e-09,0.0257,5.114848331644482e-09,0.04897715615132469,5.041947763649306e-09,0.04953489313564801,4.340933484745365e-09,0.05022335902659612,
SR_Pu_UN_G1_C3_P_D100.0m_Lw_5000.0cm_Epw20.0cm_w_steel.o,C3,P,100.0,5000.0,20.0,steel,100,C3_H_100,2.69806e-10,0.0273,5.30947e-11,0.0452,2.7106362947592104e-10,0.02713699386026396,2.6669802032651826e-10,0.027111806942816143,2.2833184868424645e-10,0.027004999533918272,
SR_Pu_UN_G1_C3_P_D200.0m_Lw_10000.0cm_Epw10.0cm_w_steel.o,C3,P,200.0,10000.0,10.0,steel,100,C3_H_100,1.9708e-10,0.1212,4.21696e-11,0.0617,1.973316674555315e-10,0.11991039250073131,1.9424780474519766e-10,0.12097601986421994,1.6640602763170846e-10,0.12301341884145563,
SR_Pu_UN_G1_C3_P_D200.0m_Lw_10000.0cm_Epw40.0cm_w_steel.o,C3,P,200.0,10000.0,40.0,steel,100,C3_H_100,2.68536e-11,0.0136,5.33608e-12,0.0274,2.698020585698576e-11,0.013488093875268102,2.6507947082797866e-11,0.013405350954595247,2.2612236620633786e-11,0.013285292337904039,
SR_Pu_UN_G1_C3_P_D1200.0m_Lw_60000.0cm_Epw5.0cm_w_steel.o,C3,P,1200.0,60000.0,5.0,steel,100,C3_H_100,2.35595e-13,0.1358,6.20815e-14,0.0656,2.366208239469008e-13,0.13559378246447218,2.3259829934480224e-13,0.1365596367287156,1.9855944762239277e-13,0.1383223691093359,
SR_Pu_UN_G1_C3_P_D200.0m_Lw_10000.0cm_Epw1.0cm_w_steel.o,C3,P,200.0,10000.0,1.0,steel,100,C3_H_100,8.64194e-10,0.0822,2.64909e-10,0.0379,8.662673995118837e-10,0.08212168238070836,8.512987508942964e-10,0.08323309890687286,7.29140858926796e-10,0.08478610940429791,
SR_Pu_UN_G1_C3_P_D200.0m_Lw_10000.0cm_Epw20.0cm_w_steel.o,C3,P,200.0,10000.0,20.0,steel,100,C3_H_100,6.47566e-11,0.05,1.4202e-11,0.0655,6.522697145376865e-11,0.050111475735700635,6.411362834551934e-11,0.04974791921484655,5.473679029115147e-11,0.0486892050299697,
SR_Pu_UN_G1_C3_P_D300.0m_Lw_15000.0cm_Epw10.0cm_w_steel.o,C3,P,300.0,15000.0,10.0,steel,100,C3_H_100,6.33144e-11,0.103,1.51924e-11,0.0652,6.357526225247779e-11,0.1028016886287912,6.246373115392268e-11,0.10421136879714657,5.326809522736996e-11,0.10608764171392847,
SR_Pu_UN_G1_C3_P_D300.0m_Lw_15000.0cm_Epw40.0cm_w_steel.o,C3,P,300.0,15000.0,40.0,steel,100,C3_H_100,1.0032e-11,0.0282,2.02821e-12,0.0199,1.0087539635152225e-11,0.02814524417863495,9.91084253255181e-12,0.027898920958037622,8.452499513388027e-12,0.0273895832059367,
SR_Pu_UN_G1_C3_P_D2.0m_Lw_100.0cm_Epw5.0cm_w_steel.o,C3,P,2.0,100.0,5.0,steel,100,C3_H_100,6.11548e-06,0.0053,1.31998e-06,0.0147,6.127851699320697e-06,0.005288399054596958,6.054412538827912e-06,0.005199089667144135,5.2171277984540484e-06,0.005082282697102987,
SR_Pu_UN_G1_C3_P_D300.0m_Lw_15000.0cm_Epw1.0cm_w_steel.o,C3,P,300.0,15000.0,1.0,steel,100,C3_H_100,2.86504e-10,0.1264,8.54549e-11,0.0505,2.8625566635961953e-10,0.12537718703940173,2.8151605030253703e-10,0.12683850416655743,2.414156890585313e-10,0.12880633504735106,
SR_Pu_UN_G1_C3_P_D300.0m_Lw_15000.0cm_Epw20.0cm_w_steel.o,C3,P,300.0,15000.0,20.0,steel,100,C3_H_100,2.77712e-11,0.068,5.40579e-12,0.0617,2.7886670260836388e-11,0.06796443645015372,2.7369147411852116e-11,0.06762911849854474,2.327180482987936e-11,0.06674184604525339,
SR_Pu_UN_G1_C3_P_D500.0m_Lw_25000.0cm_Epw10.0cm_w_steel.o,C3,P,500.0,25000.0,10.0,steel,100,C3_H_100,1.47094e-11,0.2508,2.76462e-12,0.0989,1.477088894068469e-11,0.25159478704250593,1.45054258521831e-11,0.2519388776669382,1.2376209697571433e-11,0.25491299980143295,
SR_Pu_UN_G1_C3_P_D500.0m_Lw_25000.0cm_Epw40.0cm_w_steel.o,C3,P,500.0,25000.0,40.0,steel,100,C3_H_100,1.70053e-12,0.0327,3.44298e-13,0.0252,1.7064450765284588e-12,0.03229410902053077,1.6747817511064743e-12,0.032141889193805166,1.4249709556683544e-12,0.03173779570471495,
SR_Pu_UN_G1_C3_P_D300.0m_Lw_15000.0cm_Epw5.0cm_w_steel.o,C3,P,300.0,15000.0,5.0,steel,100,C3_H_100,1.26973e-10,0.1131,3.43569e-11,0.0566,1.2767021321610724e-10,0.11280341860761366,1.25532103853556e-10,0.11445374243579995,1.0737995587579019e-10,0.11668107743015792,
SR_Pu_UN_G1_C3_P_D500.0m_Lw_25000.0cm_Epw1.0cm_w_steel.o,C3,P,500.0,25000.0,1.0,steel,100,C3_H_100,4.31775e-11,0.1359,1.39056e-11,0.0567,4.318365329307769e-11,0.1356039897517915,4.240291044802697e-11,0.13674433133225988,3.622276843938408e-11,0.13973552148674523,
SR_Pu_UN_G1_C3_P_D500.0m_Lw_25000.0cm_Epw20.0cm_w_steel.o,C3,P,500.0,25000.0,20.0,steel,100,C3_H_100,5.70015e-12,0.269,1.05303e-12,0.1395,5.695902671261124e-12,0.26557480634168323,5.616354204183658e-12,0.2688894577720144,4.8247888275212984e-12,0.2743963222660059,
SR_Pu_UN_G1_C3_P_D700.0m_Lw_35000.0cm_Epw10.0cm_w_steel.o,C3,P,700.0,35000.0,10.0,steel,100,C3_H_100,2.49492e-12,0.0948,6.56823e-13,0.076,2.5078466385471066e-12,0.09501852672076658,2.461894520559133e-12,0.095454087009139,2.0953147532979746e-12,0.0960931596293572,
SR_Pu_UN_G1_C3_P_D700.0m_Lw_35000.0cm_Epw40.0cm_w_steel.o,C3,P,700.0,35000.0,40.0,steel,100,C3_H_100,3.8196e-13,0.0461,7.8972e-14,0.0253,3.8393363879224205e-13,0.04611382302969374,3.763517958977103e-13,0.04582272791270094,3.194232271397379e-13,0.04523261016309921,
SR_Pu_UN_G1_C3_P_D5.0m_Lw_250.0cm_Epw5.0cm_w_steel.o,C3,P,5.0,250.0,5.0,steel,100,C3_H_100,1.07716e-06,0.0064,2.36136e-07,0.0148,1.0793163768759772e-06,0.006355025083409954,1.0657447377260995e-06,0.006250450710676862,9.182522965926099e-07,0.006153928429110309,
SR_Pu_UN_G1_C3_P_D700.0m_Lw_35000.0cm_Epw1.0cm_w_steel.o,C3,P,700.0,35000.0,1.0,steel,100,C3_H_100,1.0245e-11,0.1275,3.07494e-12,0.047,1.0248641987763457e-11,0.12619469674626355,1.0073967699100609e-11,0.12776548377730354,8.614001763413644e-12,0.13044392025557128,
SR_Pu_UN_G1_C3_P_D700.0m_Lw_35000.0cm_Epw20.0cm_w_steel.o,C3,P,700.0,35000.0,20.0,steel,100,C3_H_100,1.02576e-12,0.1099,2.35187e-13,0.0566,1.0287847840386742e-12,0.10761130761731531,1.0094644727537781e-12,0.10678930542437752,8.591040321670075e-13,0.10486515762884703,
SR_Pu_UN_G1_C3_P_D1000.0m_Lw_50000.0cm_Epw10.0cm_w_steel.o,C3,P,1000.0,50000.0,10.0,steel,100,C3_H_100,4.98768e-13,0.2024,9.89079e-14,0.0895,5.019810484002915e-13,0.2032569999457675,4.932813767724259e-13,0.20354230799590817,4.2217399874277917e-13,0.20424235310563918,
SR_Pu_UN_G1_C3_P_D1000.0m_Lw_50000.0cm_Epw40.0cm_w_steel.o,C3,P,1000.0,50000.0,40.0,steel,100,C3_H_100,4.44314e-14,0.0598,9.54489e-15,0.0264,4.461629921539725e-14,0.05967277035140172,4.372399289511394e-14,0.059480911858399314,3.7067261647587745e-14,0.05881486818894397,
SR_Pu_UN_G1_C3_P_D1000.0m_Lw_50000.0cm_Epw1.0cm_w_steel.o,C3,P,1000.0,50000.0,1.0,steel,100,C3_H_100,1.31275e-12,0.131,4.02896e-13,0.0514,1.3235596737411643e-12,0.13158661563615937,1.298281011922587e-12,0.13234024287208815,1.104908501077027e-12,0.13307569262913066,
SR_Pu_UN_G1_C3_P_D1000.0m_Lw_50000.0cm_Epw20.0cm_w_steel.o,C3,P,1000.0,50000.0,20.0,steel,100,C3_H_100,1.41484e-13,0.123,3.37513e-14,0.0784,1.4249791719685676e-13,0.12318824806031091,1.397980911671383e-13,0.12346394769835199,1.186994276687608e-13,0.12350077575037677,
SR_Pu_UN_G1_C3_P_D1200.0m_Lw_60000.0cm_Epw10.0cm_w_steel.o,C3,P,1200.0,60000.0,10.0,steel,100,C3_H_100,1.04029e-13,0.161,2.7232e-14,0.087,1.0391448759174897e-13,0.16026760413711608,1.0257368978065026e-13,0.16183285932797148,8.801809164170558e-14,0.16459457298292923,
SR_Pu_UN_G1_C3_P_D1200.0m_Lw_60000.0cm_Epw40.0cm_w_steel.o,C3,P,1200.0,60000.0,40.0,steel,100,C3_H_100,1.28567e-14,0.0643,2.63136e-15,0.0253,1.2908660322631273e-14,0.06390641004153322,1.2629857856026663e-14,0.06354468525035321,1.0671346682399234e-14,0.06261085630763574,
SR_Pu_UN_G1_C3_P_D1.0m_Lw_50.0cm_Epw5.0cm_w_steel.o,C3,P,1.0,50.0,5.0,steel,100,C3_H_100,2.01864e-05,0.0029,4.33905e-06,0.0105,2.02286856210385e-05,0.0028577446395295376,1.9995614547082982e-05,0.0027746438461479163,1.7246757450296607e-05,0.0027148286155549177,
SR_Pu_UN_G1_C3_P_D1200.0m_Lw_60000.0cm_Epw1.0cm_w_steel.o,C3,P,1200.0,60000.0,1.0,steel,100,C3_H_100,5.65405e-13,0.22,1.38255e-13,0.0722,5.663305115363386e-13,0.21877893240945592,5.562045878085185e-13,0.21958493889171746,4.740751314739412e-13,0.22120813614449342,
SR_Pu_UN_G1_C3_P_D1200.0m_Lw_60000.0cm_Epw20.0cm_w_steel.o,C3,P,1200.0,60000.0,20.0,steel,100,C3_H_100,3.83307e-14,0.1871,9.53064e-15,0.0731,3.8547077842414047e-14,0.1857183813891936,3.7609796699145883e-14,0.18437818083038732,3.1567396038283584e-14,0.18139021494031507,
SR_Pu_UN_G1_C3_P_D1.0m_Lw_50.0cm_Epw10.0cm_w_steel.o,C3,P,1.0,50.0,10.0,steel,100,C3_H_100,6.52005e-06,0.0042,1.28032e-06,0.0061,6.537490470616556e-06,0.00402513037094881,6.464305836714398e-06,0.00400784392043889,5.573957418641043e-06,0.0039752914084638345,
SR_Pu_UN_G1_C3_P_D700.0m_Lw_35000.0cm_Epw5.0cm_w_steel.o,C3,P,700.0,35000.0,5.0,steel,100,C3_H_100,4.08239e-12,0.0957,1.29754e-12,0.0537,4.092014467038039e-12,0.0947724006600622,4.012049319802179e-12,0.09545989717647266,3.407829934467413e-12,0.09784118525998826,
SR_Pu_UN_G1_C3_N_D1.0m_Lw_50.0cm_Epw10.0cm_w_water.o,C3,N,1.0,50.0,10.0,water,100,C3_H_100,3.31759e-05,0.0137,2.22361e-06,0.0236,3.1787191726354816e-05,0.01346573811061837,0.0003348332699924081,0.014435046970253062,0.0002978922136314234,0.01546597937283128,-4.185894802085808
SR_Pu_UN_G1_C3_N_D10.0m_Lw_500.0cm_Epw5.0cm_w_water.o,C3,N,10.0,500.0,5.0,water,100,C3_H_100,7.66512e-07,0.0237,5.69123e-08,0.0503,7.336910668826967e-07,0.02355548290466824,7.756777214795172e-06,0.02599357091148688,6.67851432995108e-06,0.023945446668512217,-4.281855093893287
SR_Pu_UN_G1_C3_N_D1.0m_Lw_50.0cm_Epw1.0cm_w_water.o,C3,N,1.0,50.0,1.0,water,100,C3_H_100,7.27994e-05,0.0071,3.59715e-06,0.0192,6.947874818630798e-05,0.006859949087558183,0.0007849790121728864,0.007769893585865483,0.0006831455197790201,0.006779709027497504,-4.561372502647035
SR_Pu_UN_G1_C3_N_D1.0m_Lw_50.0cm_Epw20.0cm_w_water.o,C3,N,1.0,50.0,20.0,water,100,C3_H_100,1.17736e-05,0.011,8.53691e-07,0.0234,1.1283203115560057e-05,0.009507007786678538,0.00011468615936727084,0.010243343117939525,0.00010377437094283993,0.0099972087408623,-4.1652246079359205
SR_Pu_UN_G1_C3_N_D1.0m_Lw_50.0cm_Epw40.0cm_w_water.o,C3,N,1.0,50.0,40.0,water,100,C3_H_100,1.4425e-06,0.0109,9.76844e-08,0.0159,1.3847347905130341e-06,0.009820097757013951,1.3788723512678255e-05,0.014913294887809247,1.2854209808321505e-05,0.011355180336305117,-4.004520588351183
SR_Pu_UN_G1_C3_N_D10.0m_Lw_500.0cm_Epw10.0cm_w_water.o,C3,N,10.0,500.0,10.0,water,100,C3_H_100,4.49695e-07,0.034,3.37798e-08,0.0476,4.302333253136518e-07,0.03322919465073263,4.415801903325237e-06,0.03759376217599144,3.903644029602517e-06,0.037581281042698,-4.32774984964213
SR_Pu_UN_G1_C3_N_D100.0m_Lw_5000.0cm_Epw5.0cm_w_water.o,C3,N,100.0,5000.0,5.0,water,100,C3_H_100,7.12543e-09,0.0622,6.44994e-10,0.0329,6.814645877599869e-09,0.06199703014319859,7.142856424399257e-08,0.06235489611600406,5.844058670956964e-08,0.07518973088082809,-4.36161919210673
SR_Pu_UN_G1_C3_N_D10.0m_Lw_500.0cm_Epw1.0cm_w_water.o,C3,N,10.0,500.0,1.0,water,100,C3_H_100,1.12112e-06,0.0221,6.91324e-08,0.0431,1.0700870930880203e-06,0.022020374179825677,1.1886518818798972e-05,0.02484282701430359,1.01222026329358e-05,0.02221160964360146,-4.551957588124356
SR_Pu_UN_G1_C3_N_D10.0m_Lw_500.0cm_Epw20.0cm_w_water.o,C3,N,10.0,500.0,20.0,water,100,C3_H_100,1.43016e-07,0.0346,1.15195e-08,0.0615,1.3711699682304588e-07,0.03391317523065811,1.3837694621258614e-06,0.03719162942969398,1.245965835073183e-06,0.03751917244850393,-4.124715540187187
SR_Pu_UN_G1_C3_N_D10.0m_Lw_500.0cm_Epw40.0cm_w_water.o,C3,N,10.0,500.0,40.0,water,100,C3_H_100,1.41948e-08,0.025,8.7892e-10,0.0513,1.3613797312942124e-08,0.024766859855545477,1.3822209908868855e-07,0.026564764655721253,1.2869817837096207e-07,0.026275262639884223,-4.093067088355422
SR_Pu_UN_G1_C3_N_D100.0m_Lw_5000.0cm_Epw10.0cm_w_water.o,C3,N,100.0,5000.0,10.0,water,100,C3_H_100,3.45726e-09,0.0676,3.21549e-10,0.0443,3.31178213439539e-09,0.0674402807168767,3.423534775280767e-08,0.07360120746224473,2.82332548993404e-08,0.08223597455706425,-4.207894853282946
SR_Pu_UN_G1_C3_N_D1000.0m_Lw_50000.0cm_Epw5.0cm_w_water.o,C3,N,1000.0,50000.0,5.0,water,100,C3_H_100,1.22e-12,0.0611,1.18588e-13,0.0299,1.168763872440484e-12,0.06081407114110712,1.3115146749667949e-11,0.06231932527878606,9.666800032871073e-12,0.07581490235338582,-4.199682586845574
SR_Pu_UN_G1_C3_N_D100.0m_Lw_5000.0cm_Epw1.0cm_w_water.o,C3,N,100.0,5000.0,1.0,water,100,C3_H_100,1.2166e-08,0.0571,1.03319e-09,0.0278,1.1674191590143987e-08,0.05723587188092784,1.2758705051021028e-07,0.05675929267712854,1.017490717405489e-07,0.06847590849700429,-4.042482408811549
SR_Pu_UN_G1_C3_N_D100.0m_Lw_5000.0cm_Epw20.0cm_w_water.o,C3,N,100.0,5000.0,20.0,water,100,C3_H_100,1.13438e-09,0.0876,8.45373e-11,0.0599,1.0868576692980248e-09,0.08782165719691826,1.1252558113833995e-08,0.08654835299635322,1.0061212879131323e-08,0.0991097754783714,-4.189277905285278
SR_Pu_UN_G1_C3_N_D100.0m_Lw_5000.0cm_Epw40.0cm_w_water.o,C3,N,100.0,5000.0,40.0,water,100,C3_H_100,1.01101e-10,0.0878,6.3719e-12,0.0574,9.729633663199732e-11,0.08706496409617177,9.791018645506337e-10,0.08065493767979291,9.010359343764237e-10,0.09336937442292444,-3.763230203462553
SR_Pu_UN_G1_C3_N_D1000.0m_Lw_50000.0cm_Epw10.0cm_w_water.o,C3,N,1000.0,50000.0,10.0,water,100,C3_H_100,5.3862e-13,0.0643,5.3312e-14,0.0504,5.170697942939319e-13,0.06417366728161136,5.876832190974917e-12,0.06914396336641009,4.271221795694418e-12,0.07730984858580069,-4.001003621489756
SR_Pu_UN_G1_C3_N_D1000.0m_Lw_50000.0cm_Epw1.0cm_w_water.o,C3,N,1000.0,50000.0,1.0,water,100,C3_H_100,2.38021e-12,0.0528,2.54995e-13,0.0232,2.284363929005298e-12,0.05308775896230434,2.551555790933101e-11,0.06320018398086906,1.8226680607402705e-11,0.07154730387295825,-4.0267905350663264
SR_Pu_UN_G1_C3_N_D1000.0m_Lw_50000.0cm_Epw20.0cm_w_water.o,C3,N,1000.0,50000.0,20.0,water,100,C3_H_100,2.01813e-13,0.0954,1.58564e-14,0.0565,1.9309744232130209e-13,0.09632646289809439,2.3145263282185894e-12,0.09571791191951474,1.7455564094719842e-12,0.11247688086011477,-4.318630454280896
SR_Pu_UN_G1_C3_N_D1000.0m_Lw_50000.0cm_Epw40.0cm_w_water.o,C3,N,1000.0,50000.0,40.0,water,100,C3_H_100,1.90102e-14,0.0813,1.35978e-15,0.0462,1.8255900511135724e-14,0.08173715460092376,2.155732239938346e-13,0.08399736861707413,1.6744496937787586e-13,0.09476697731077914,-3.9678671916354245
SR_Pu_UN_G1_C3_N_D1200.0m_Lw_60000.0cm_Epw10.0cm_w_water.o,C3,N,1200.0,60000.0,10.0,water,100,C3_H_100,1.56571e-13,0.107,1.45995e-14,0.0509,1.503716895318921e-13,0.10785482354380586,1.6959317834560746e-12,0.11314608498097947,1.2894837177387971e-12,0.14005685724330594,-3.959424457982586
SR_Pu_UN_G1_C3_N_D1.0m_Lw_50.0cm_Epw5.0cm_w_water.o,C3,N,1.0,50.0,5.0,water,100,C3_H_100,5.43784e-05,0.0124,3.14119e-06,0.0205,5.20016319968317e-05,0.01228041600993957,0.0005711722363367288,0.013433837515009237,0.000499239045031747,0.013496650282799469,-4.370794291792886
SR_Pu_UN_G1_C3_N_D1200.0m_Lw_60000.0cm_Epw1.0cm_w_water.o,C3,N,1200.0,60000.0,1.0,water,100,C3_H_100,5.30243e-13,0.0425,6.10575e-14,0.0208,5.084019359923473e-13,0.04250661434291844,5.641637813779979e-12,0.04927118542008105,3.912952759170195e-12,0.05916235319414398,-4.11906691981841
SR_Pu_UN_G1_C3_N_D1200.0m_Lw_60000.0cm_Epw20.0cm_w_water.o,C3,N,1200.0,60000.0,20.0,water,100,C3_H_100,4.18396e-14,0.0689,3.87982e-15,0.0478,4.0006930247781206e-14,0.06855369882096006,4.550761873296364e-13,0.07595134483045177,3.4096010621798295e-13,0.08518312852154972,-4.380227708244802
SR_Pu_UN_G1_C3_N_D1200.0m_Lw_60000.0cm_Epw40.0cm_w_water.o,C3,N,1200.0,60000.0,40.0,water,100,C3_H_100,7.82179e-15,0.3262,4.42201e-16,0.1014,7.42187471373571e-15,0.32129347693931937,7.360010828768552e-14,0.23503006833527815,6.584883694876512e-14,0.32121176260947104,-5.112835888770843
SR_Pu_UN_G1_C3_N_D2.0m_Lw_100.0cm_Epw10.0cm_w_water.o,C3,N,2.0,100.0,10.0,water,100,C3_H_100,1.00115e-05,0.0183,6.92149e-07,0.031,9.582244353606448e-06,0.018229976064217925,0.00010146841410283645,0.0209539357913325,8.909122542631736e-05,0.019967540908690184,-4.287625694386978
SR_Pu_UN_G1_C3_N_D20.0m_Lw_1000.0cm_Epw5.0cm_w_water.o,C3,N,20.0,1000.0,5.0,water,100,C3_H_100,1.86812e-07,0.0177,1.49755e-08,0.027,1.7900185091349945e-07,0.01764171495536937,1.8904412434266811e-06,0.019322173226748725,1.5972494613986526e-06,0.019184538263353104,-4.180753424030865
SR_Pu_UN_G1_C3_N_D2.0m_Lw_100.0cm_Epw1.0cm_w_water.o,C3,N,2.0,100.0,1.0,water,100,C3_H_100,2.40354e-05,0.0314,1.46469e-06,0.1315,2.290214620299011e-05,0.030427869141370613,0.00025411470834798145,0.02217535994789998,0.00021686037278854594,0.016702536843672226,-4.7149362898470235
SR_Pu_UN_G1_C3_N_D2.0m_Lw_100.0cm_Epw20.0cm_w_water.o,C3,N,2.0,100.0,20.0,water,100,C3_H_100,3.42985e-06,0.0164,2.46067e-07,0.0244,3.2886087301937633e-06,0.016166559930622337,3.360647109598797e-05,0.01880327422470043,3.039088232849128e-05,0.017654223365107396,-4.118001364672991
SR_Pu_UN_G1_C3_N_D2.0m_Lw_100.0cm_Epw40.0cm_w_water.o,C3,N,2.0,100.0,40.0,water,100,C3_H_100,3.9714e-07,0.0158,2.31054e-08,0.0225,3.8129547395710196e-07,0.014133844582267279,3.8635326671702515e-06,0.01581370667218143,3.6454387279614127e-06,0.01603668342513591,-3.989657562294923
SR_Pu_UN_G1_C3_N_D20.0m_Lw_1000.0cm_Epw10.0cm_w_water.o,C3,N,20.0,1000.0,10.0,water,100,C3_H_100,1.10288e-07,0.0215,9.41266e-09,0.0368,1.0563733520354456e-07,0.021355127172782873,1.083040375296545e-06,0.023611323512842296,9.360021410391025e-07,0.023073789341082535,-4.216836642658709
SR_Pu_UN_G1_C3_N_D200.0m_Lw_10000.0cm_Epw5.0cm_w_water.o,C3,N,200.0,10000.0,5.0,water,100,C3_H_100,1.26745e-09,0.0938,1.01342e-10,0.0471,1.2110353799212033e-09,0.09308935361918702,1.3485858636253917e-08,0.08792028993180469,1.0821793278187164e-08,0.10703165820137411,-4.451033183068107
SR_Pu_UN_G1_C3_N_D20.0m_Lw_1000.0cm_Epw1.0cm_w_water.o,C3,N,20.0,1000.0,1.0,water,100,C3_H_100,2.76376e-07,0.018,1.92318e-08,0.0238,2.6420706103649885e-07,0.017966493019423116,2.8899526020596507e-06,0.019035867178976075,2.4351211718850855e-06,0.019626998328328673,-4.4030375153780135
SR_Pu_UN_G1_C3_N_D20.0m_Lw_1000.0cm_Epw20.0cm_w_water.o,C3,N,20.0,1000.0,20.0,water,100,C3_H_100,3.31297e-08,0.022,2.89511e-09,0.0394,3.1757502673698705e-08,0.02190615839123237,3.122460028681798e-07,0.02325408748606414,2.785866362790427e-07,0.023611860228225024,-4.141894814324604
SR_Pu_UN_G1_C3_N_D20.0m_Lw_1000.0cm_Epw40.0cm_w_water.o,C3,N,20.0,1000.0,40.0,water,100,C3_H_100,3.32762e-09,0.0199,2.36714e-10,0.0418,3.1936924200126885e-09,0.0192215668696182,3.181491667528061e-08,0.02015325945206381,2.936482030193667e-08,0.020828689757763554,-4.024725779605593
SR_Pu_UN_G1_C3_N_D200.0m_Lw_10000.0cm_Epw10.0cm_w_water.o,C3,N,200.0,10000.0,10.0,water,100,C3_H_100,6.99291e-10,0.1274,4.80855e-11,0.068,6.703061120303144e-10,0.12829558460508628,7.21042070857041e-09,0.12052328113092702,6.2102878636695705e-09,0.14312622814596962,-4.144896469379072
SR_Pu_UN_G1_C3_N_D1200.0m_Lw_60000.0cm_Epw5.0cm_w_water.o,C3,N,1200.0,60000.0,5.0,water,100,C3_H_100,3.40633e-13,0.1438,3.18152e-14,0.0358,3.2578357577277965e-13,0.14082587527107335,3.4190759991515737e-12,0.10327713719485673,2.650962191306331e-12,0.15607575588366132,-4.359361608305816
SR_Pu_UN_G1_C3_N_D200.0m_Lw_10000.0cm_Epw1.0cm_w_water.o,C3,N,200.0,10000.0,1.0,water,100,C3_H_100,2.37751e-09,0.0901,2.03776e-10,0.0379,2.274807673382156e-09,0.09124836715804412,2.496849451620766e-08,0.08176935215952393,1.9569802959342845e-08,0.10661018064502902,-4.319743202671875
SR_Pu_UN_G1_C3_N_D200.0m_Lw_10000.0cm_Epw20.0cm_w_water.o,C3,N,200.0,10000.0,20.0,water,100,C3_H_100,1.67787e-10,0.1172,1.12497e-11,0.0832,1.603417138867058e-10,0.11735268316786145,1.7521124183693916e-09,0.11819362561222727,1.512875930478678e-09,0.1329364140455923,-4.437343842666111
SR_Pu_UN_G1_C3_N_D200.0m_Lw_10000.0cm_Epw40.0cm_w_water.o,C3,N,200.0,10000.0,40.0,water,100,C3_H_100,1.73762e-11,0.1077,1.09634e-12,0.1035,1.6609214947001602e-11,0.10701459982745097,1.774859725829817e-10,0.10192423850134442,1.583903435170487e-10,0.11587051588569297,-4.413997611666519
SR_Pu_UN_G1_C3_N_D300.0m_Lw_15000.0cm_Epw10.0cm_w_water.o,C3,N,300.0,15000.0,10.0,water,100,C3_H_100,2.0123e-10,0.1962,1.37128e-11,0.0759,1.933838901108928e-10,0.1948957071438238,1.9424087797226936e-09,0.15442309232575946,1.6797094848914655e-09,0.20637306202334538,-3.8990756294325917
SR_Pu_UN_G1_C3_N_D2.0m_Lw_100.0cm_Epw5.0cm_w_water.o,C3,N,2.0,100.0,5.0,water,100,C3_H_100,1.70598e-05,0.0189,1.08548e-06,0.037,1.6296822401403323e-05,0.018515200175588015,0.00018023639292672175,0.022188656910953675,0.00015382126347779495,0.019295406354389862,-4.472371297416593
SR_Pu_UN_G1_C3_N_D300.0m_Lw_15000.0cm_Epw1.0cm_w_water.o,C3,N,300.0,15000.0,1.0,water,100,C3_H_100,6.51986e-10,0.1101,6.00059e-11,0.0368,6.221474882021516e-10,0.10816576925360548,6.754869288477036e-09,0.08466505198104539,5.146827697105367e-09,0.12103856739170327,-4.576557134332389
SR_Pu_UN_G1_C3_N_D300.0m_Lw_15000.0cm_Epw20.0cm_w_water.o,C3,N,300.0,15000.0,20.0,water,100,C3_H_100,4.75268e-11,0.1383,3.18475e-12,0.0824,4.5183154399653726e-11,0.13522942952980102,5.023375653662928e-10,0.1280477901835263,4.176287593749408e-10,0.1510308149276711,-4.931208497829165
SR_Pu_UN_G1_C3_N_D300.0m_Lw_15000.0cm_Epw40.0cm_w_water.o,C3,N,300.0,15000.0,40.0,water,100,C3_H_100,4.68252e-12,0.1823,2.47371e-13,0.0822,4.482119117133074e-12,0.18092098495200015,4.53134833993735e-11,0.14215592691684747,4.14923106365399e-11,0.17958501179086833,-4.2797656575289755
SR_Pu_UN_G1_C3_N_D5.0m_Lw_250.0cm_Epw10.0cm_w_water.o,C3,N,5.0,250.0,10.0,water,100,C3_H_100,1.8044e-06,0.0244,1.39782e-07,0.0552,1.7272132563586602e-06,0.024229109987697527,1.7904387958906862e-05,0.026177121575354276,1.559883301960215e-05,0.02370133565189245,-4.277695834700723
SR_Pu_UN_G1_C3_N_D50.0m_Lw_2500.0cm_Epw5.0cm_w_water.o,C3,N,50.0,2500.0,5.0,water,100,C3_H_100,3.04e-08,0.0322,2.69837e-09,0.0235,2.9122170765483036e-08,0.03216883327985331,3.013366321616059e-07,0.03219684573750185,2.512492899028549e-07,0.03777521659240607,-4.203385639858436
SR_Pu_UN_G1_C3_N_D5.0m_Lw_250.0cm_Epw1.0cm_w_water.o,C3,N,5.0,250.0,1.0,water,100,C3_H_100,4.56954e-06,0.0534,2.71747e-07,0.0604,4.365402490519239e-06,0.053901133490878356,4.9410185053840574e-05,0.06784944454284594,4.179123132904223e-05,0.06134706301506207,-4.467353595345732
SR_Pu_UN_G1_C3_N_D5.0m_Lw_250.0cm_Epw20.0cm_w_water.o,C3,N,5.0,250.0,20.0,water,100,C3_H_100,5.88216e-07,0.0315,5.16342e-08,0.0716,5.638830962576107e-07,0.030402269245204096,5.549085585278923e-06,0.033402714391515334,4.9304257524608084e-06,0.030548854813203442,-4.136729320927905
SR_Pu_UN_G1_C3_N_D5.0m_Lw_250.0cm_Epw40.0cm_w_water.o,C3,N,5.0,250.0,40.0,water,100,C3_H_100,6.25055e-08,0.0237,3.96854e-09,0.0534,6.001971546308586e-08,0.02339971165323804,6.020066612727475e-07,0.02485062248602071,5.643579755667574e-07,0.024497152247374986,-3.9769052913969887
SR_Pu_UN_G1_C3_N_D50.0m_Lw_2500.0cm_Epw10.0cm_w_water.o,C3,N,50.0,2500.0,10.0,water,100,C3_H_100,1.66847e-08,0.0336,1.5773e-09,0.0318,1.5982243846675362e-08,0.0334459663869652,1.6020501604343395e-07,0.034235011114543475,1.3596791701114402e-07,0.03884269117680008,-4.210181503560976
SR_Pu_UN_G1_C3_N_D500.0m_Lw_25000.0cm_Epw5.0cm_w_water.o,C3,N,500.0,25000.0,5.0,water,100,C3_H_100,5.73411e-11,0.1319,4.50373e-12,0.0546,5.482566622038749e-11,0.13188652819977686,6.006771897980081e-10,0.12162322975349564,4.862222143615465e-10,0.15356022756953716,-4.38679024227389
SR_Pu_UN_G1_C3_N_D50.0m_Lw_2500.0cm_Epw1.0cm_w_water.o,C3,N,50.0,2500.0,1.0,water,100,C3_H_100,4.57644e-08,0.033,3.79331e-09,0.0197,4.376081264991751e-08,0.03293636129993323,4.703501954862123e-07,0.03280413378829812,3.837703852185612e-07,0.03886562648765142,-4.378047893302412
SR_Pu_UN_G1_C3_N_D50.0m_Lw_2500.0cm_Epw20.0cm_w_water.o,C3,N,50.0,2500.0,20.0,water,100,C3_H_100,4.81967e-09,0.0368,4.47032e-10,0.046,4.619507474115839e-09,0.03651250918040762,4.59938203411493e-08,0.037167649870535266,4.021227900037694e-08,0.04178643132335075,-4.153033836012864
SR_Pu_UN_G1_C3_N_D50.0m_Lw_2500.0cm_Epw40.0cm_w_water.o,C3,N,50.0,2500.0,40.0,water,100,C3_H_100,4.38802e-10,0.0313,3.20327e-11,0.0358,4.2175249267019397e-10,0.031266900096355514,4.166460418005937e-09,0.030651180006695533,3.842688205902114e-09,0.03436846615314179,-3.885467096732928
SR_Pu_UN_G1_C3_N_D500.0m_Lw_25000.0cm_Epw10.0cm_w_water.o,C3,N,500.0,25000.0,10.0,water,100,C3_H_100,2.76386e-11,0.1263,2.42706e-12,0.0801,2.6499819904512097e-11,0.12708525376789473,3.1661220035400444e-10,0.14061045764841676,2.3692290699548876e-10,0.15521079223529205,-4.120252456665328
SR_Pu_UN_G1_C3_N_D300.0m_Lw_15000.0cm_Epw5.0cm_w_water.o,C3,N,300.0,15000.0,5.0,water,100,C3_H_100,3.51804e-10,0.0898,3.24962e-11,0.0481,3.346787386448687e-10,0.08637056051636943,3.734455016116079e-09,0.08572831717953884,2.846562464988765e-09,0.10629623595308527,-4.867841569490761
SR_Pu_UN_G1_C3_N_D500.0m_Lw_25000.0cm_Epw1.0cm_w_water.o,C3,N,500.0,25000.0,1.0,water,100,C3_H_100,1.10325e-10,0.1558,1.02935e-11,0.0428,1.0515409810388623e-10,0.15378515054921077,1.151443339688733e-09,0.11978712443011731,8.648325731763831e-10,0.17579120968902293,-4.686972033640405
SR_Pu_UN_G1_C3_N_D500.0m_Lw_25000.0cm_Epw20.0cm_w_water.o,C3,N,500.0,25000.0,20.0,water,100,C3_H_100,9.88103e-12,0.2428,5.4893e-13,0.1128,9.386816522006389e-12,0.2412118456705704,1.0045709414317894e-10,0.20454625535589926,8.826746872211718e-11,0.24909971347759902,-5.001639282479778
SR_Pu_UN_G1_C3_N_D500.0m_Lw_25000.0cm_Epw40.0cm_w_water.o,C3,N,500.0,25000.0,40.0,water,100,C3_H_100,6.31704e-13,0.1132,4.27336e-14,0.0746,6.067077171460882e-13,0.11365358675243772,6.732199371290264e-12,0.1093756359435306,5.625792339893312e-12,0.13007297186481365,-3.956961306863952
SR_Pu_UN_G1_C3_N_D700.0m_Lw_35000.0cm_Epw10.0cm_w_water.o,C3,N,700.0,35000.0,10.0,water,100,C3_H_100,6.03467e-12,0.1285,4.41352e-13,0.0621,5.783600034966451e-12,0.12745725143996534,6.738987477032839e-11,0.13163755211028558,5.244556322502028e-11,0.14535380453160857,-4.16045889888841
SR_Pu_UN_G1_C3_N_D5.0m_Lw_250.0cm_Epw5.0cm_w_water.o,C3,N,5.0,250.0,5.0,water,100,C3_H_100,3.11122e-06,0.0257,2.04458e-07,0.038,2.979148758341732e-06,0.02560880281503681,3.27329884223575e-05,0.030859132873031107,2.800829031979968e-05,0.028115586487022986,-4.244998478354729
SR_Pu_UN_G1_C3_N_D700.0m_Lw_35000.0cm_Epw1.0cm_w_water.o,C3,N,700.0,35000.0,1.0,water,100,C3_H_100,2.71951e-11,0.1912,2.26739e-12,0.0449,2.6045768131441296e-11,0.1876097948402296,2.6632213323096695e-10,0.13798890040710612,2.1560813110777567e-10,0.20370739246158168,-4.226246156692576
SR_Pu_UN_G1_C3_N_D700.0m_Lw_35000.0cm_Epw20.0cm_w_water.o,C3,N,700.0,35000.0,20.0,water,100,C3_H_100,1.25971e-12,0.1113,1.06813e-13,0.0743,1.2067468604410793e-12,0.11178736865173657,1.3952122969463439e-11,0.10977539468992863,1.043295619825778e-11,0.12898045560762444,-4.204391451915187
SR_Pu_UN_G1_C3_N_D700.0m_Lw_35000.0cm_Epw40.0cm_w_water.o,C3,N,700.0,35000.0,40.0,water,100,C3_H_100,1.37422e-13,0.1279,9.35213e-15,0.0588,1.3038041479756683e-13,0.1262819284490376,1.4641845709495368e-12,0.10114894386873738,1.1932596135219094e-12,0.13245772677321216,-5.12405961376866
SR_Pu_UN_G1_C3_N_D700.0m_Lw_35000.0cm_Epw5.0cm_w_water.o,C3,N,700.0,35000.0,5.0,water,100,C3_H_100,1.21847e-11,0.0882,1.0504e-12,0.0385,1.1636161890108982e-11,0.08789398911232256,1.3138566387088582e-10,0.08826640645914198,9.97898602734419e-11,0.10670721988008226,-4.501859790483301
SR_Pu_UN_G1_C3_P_D10.0m_Lw_500.0cm_Epw5.0cm_w_water.o,C3,P,10.0,500.0,5.0,water,100,C3_H_100,6.26644e-07,0.002,1.68498e-07,0.0058,6.278218230148616e-07,0.001989715853534327,6.195777596168558e-07,0.0019484325460913834,5.33681677854371e-07,0.001908044416528693,
SR_Pu_UN_G1_C3_P_D1.0m_Lw_50.0cm_Epw1.0cm_w_water.o,C3,P,1.0,50.0,1.0,water,100,C3_H_100,5.50087e-05,0.0018,1.17942e-05,0.0108,5.508005451132087e-05,0.0018513342464610263,5.4535253573224144e-05,0.0017398175913519907,4.715339411915461e-05,0.0016974164343158719,
SR_Pu_UN_G1_C3_P_D1.0m_Lw_50.0cm_Epw40.0cm_w_water.o,C3,P,1.0,50.0,40.0,water,100,C3_H_100,7.44127e-06,0.0026,2.03315e-06,0.0062,7.473530216442724e-06,0.0021492161628105114,7.3851025271017644e-06,0.0020926763500792823,6.351482361009827e-06,0.0020498815979884586,
SR_Pu_UN_G1_C3_P_D10.0m_Lw_500.0cm_Epw10.0cm_w_water.o,C3,P,10.0,500.0,10.0,water,100,C3_H_100,4.87068e-07,0.0024,1.41543e-07,0.0064,4.883963337164266e-07,0.002424377197027241,4.816277006957115e-07,0.0024023117278702275,4.1400675989365447e-07,0.0023107308794672104,
SR_Pu_UN_G1_C3_P_D100.0m_Lw_5000.0cm_Epw5.0cm_w_water.o,C3,P,100.0,5000.0,5.0,water,100,C3_H_100,4.73826e-09,0.0498,1.58149e-09,0.0238,4.746358561018489e-09,0.04963455257616551,4.6711110007767945e-09,0.05029842479105031,4.002887091204056e-09,0.05126047971802353,
SR_Pu_UN_G1_C3_P_D10.0m_Lw_500.0cm_Epw1.0cm_w_water.o,C3,P,10.0,500.0,1.0,water,100,C3_H_100,7.60109e-07,0.0019,1.79565e-07,0.0048,7.612190908848734e-07,0.0019261868743104507,7.526560798673257e-07,0.001901978512270607,6.496114210433955e-07,0.0018832916219593075,
SR_Pu_UN_G1_C3_P_D10.0m_Lw_500.0cm_Epw20.0cm_w_water.o,C3,P,10.0,500.0,20.0,water,100,C3_H_100,2.78905e-07,0.0037,8.04073e-08,0.0095,2.800514410199973e-07,0.003701367544238696,2.7640790127434903e-07,0.0036843773967048655,2.376096972184244e-07,0.003546602971181576,
SR_Pu_UN_G1_C3_P_D10.0m_Lw_500.0cm_Epw40.0cm_w_water.o,C3,P,10.0,500.0,40.0,water,100,C3_H_100,8.30764e-08,0.0065,2.15634e-08,0.0144,8.334530077901032e-08,0.006447445641749858,8.239533986982714e-08,0.006454902972369475,7.096240719162909e-08,0.006292075848696259,
SR_Pu_UN_G1_C3_P_D100.0m_Lw_5000.0cm_Epw10.0cm_w_water.o,C3,P,100.0,5000.0,10.0,water,100,C3_H_100,3.65059e-09,0.0572,1.17827e-09,0.0249,3.6598374010642436e-09,0.0568669499190623,3.603062250715533e-09,0.0574340291319154,3.082853964405503e-09,0.058424752943065573,
SR_Pu_UN_G1_C3_P_D1000.0m_Lw_50000.0cm_Epw5.0cm_w_water.o,C3,P,1000.0,50000.0,5.0,water,100,C3_H_100,1.35506e-12,0.1771,3.72825e-13,0.0491,1.3687519391372349e-12,0.18021722527468836,1.3403586304368964e-12,0.17872798237390355,1.1292979241524372e-12,0.17404389597890912,
SR_Pu_UN_G1_C3_P_D100.0m_Lw_5000.0cm_Epw1.0cm_w_water.o,C3,P,100.0,5000.0,1.0,water,100,C3_H_100,6.16392e-09,0.0478,1.93983e-09,0.0243,6.179671776017723e-09,0.04768657536364589,6.088624883913858e-09,0.04822500087791557,5.223066819792475e-09,0.048948681197637275,
SR_Pu_UN_G1_C3_P_D100.0m_Lw_5000.0cm_Epw20.0cm_w_water.o,C3,P,100.0,5000.0,20.0,water,100,C3_H_100,1.91175e-09,0.0699,6.25018e-10,0.0315,1.9214101403836456e-09,0.0693997323138428,1.893528456959578e-09,0.07002376562144155,1.619790987201593e-09,0.07126200908502758,
SR_Pu_UN_G1_C3_P_D100.0m_Lw_5000.0cm_Epw40.0cm_w_water.o,C3,P,100.0,5000.0,40.0,water,100,C3_H_100,6.1669e-10,0.1107,1.62065e-10,0.0422,6.198220915018877e-10,0.11028730146435325,6.118126764744394e-10,0.11063055483750789,5.265688858926573e-10,0.11171103780652707,
SR_Pu_UN_G1_C3_P_D1000.0m_Lw_50000.0cm_Epw10.0cm_w_water.o,C3,P,1000.0,50000.0,10.0,water,100,C3_H_100,1.03176e-12,0.2039,2.98419e-13,0.0907,1.0375182699610462e-12,0.20464632859599016,1.0232887330544467e-12,0.2068115272391654,8.776102243512088e-13,0.21100538107044475,
SR_Pu_UN_G1_C3_P_D1000.0m_Lw_50000.0cm_Epw1.0cm_w_water.o,C3,P,1000.0,50000.0,1.0,water,100,C3_H_100,1.69202e-12,0.1156,4.83246e-13,0.0447,1.7002348582881026e-12,0.11606031412635705,1.6694678103032764e-12,0.11652159979831024,1.4204152830295838e-12,0.11688148654000435,
SR_Pu_UN_G1_C3_P_D1000.0m_Lw_50000.0cm_Epw20.0cm_w_water.o,C3,P,1000.0,50000.0,20.0,water,100,C3_H_100,7.06162e-13,0.1849,1.77973e-13,0.0717,7.103024636550096e-13,0.18568765393385303,7.010336900346886e-13,0.18538364126745943,5.975411979671717e-13,0.18396436530269336,
SR_Pu_UN_G1_C3_P_D1000.0m_Lw_50000.0cm_Epw40.0cm_w_water.o,C3,P,1000.0,50000.0,40.0,water,100,C3_H_100,1.42089e-13,0.1796,5.14732e-14,0.0718,1.4323640454082523e-13,0.18044078939402147,1.4108336067533647e-13,0.18309767821040135,1.2048276512121224e-13,0.18747692737190666,
SR_Pu_UN_G1_C3_P_D1200.0m_Lw_60000.0cm_Epw10.0cm_w_water.o,C3,P,1200.0,60000.0,10.0,water,100,C3_H_100,4.99115e-13,0.344,1.05001e-13,0.1357,5.042056977809246e-13,0.3451783832811729,4.980879307020897e-13,0.3462289453455792,4.3033940239136705e-13,0.3497595633708266,
SR_Pu_UN_G1_C3_P_D1.0m_Lw_50.0cm_Epw5.0cm_w_water.o,C3,P,1.0,50.0,5.0,water,100,C3_H_100,4.64217e-05,0.0007,1.14991e-05,0.0024,4.649354366862969e-05,0.0006834559397168465,4.593455064143212e-05,0.0006643628347782739,3.961974538221743e-05,0.0006444052472157463,
SR_Pu_UN_G1_C3_P_D1200.0m_Lw_60000.0cm_Epw1.0cm_w_water.o,C3,P,1200.0,60000.0,1.0,water,100,C3_H_100,5.8526e-13,0.1523,1.67744e-13,0.056,5.872943272628184e-13,0.15270641425977124,5.78479138360454e-13,0.1540921463411121,4.950874390780551e-13,0.15690483566445104,
SR_Pu_UN_G1_C3_P_D1200.0m_Lw_60000.0cm_Epw20.0cm_w_water.o,C3,P,1200.0,60000.0,20.0,water,100,C3_H_100,2.44822e-13,0.2488,6.03413e-14,0.092,2.441022759199054e-13,0.24761676141941075,2.412329739447365e-13,0.2488954044850018,2.080670405334145e-13,0.25096790171232064,
SR_Pu_UN_G1_C3_P_D1200.0m_Lw_60000.0cm_Epw40.0cm_w_water.o,C3,P,1200.0,60000.0,40.0,water,100,C3_H_100,5.47817e-14,0.2202,1.83146e-14,0.0715,5.4904190650434454e-14,0.22076234384966018,5.398236179118417e-14,0.22238817692235865,4.619419774708202e-14,0.22576923412500896,
SR_Pu_UN_G1_C3_P_D2.0m_Lw_100.0cm_Epw10.0cm_w_water.o,C3,P,2.0,100.0,10.0,water,100,C3_H_100,1.10019e-05,0.0015,3.14168e-06,0.0042,1.1031210187775215e-05,0.001496356736425224,1.0878073709517868e-05,0.00146501898114464,9.35613123960873e-06,0.001430543904047398,
SR_Pu_UN_G1_C3_P_D20.0m_Lw_1000.0cm_Epw5.0cm_w_water.o,C3,P,20.0,1000.0,5.0,water,100,C3_H_100,1.53154e-07,0.0031,4.25937e-08,0.006,1.5347804911194124e-07,0.0030867592551289016,1.5142000105106737e-07,0.003078103234307396,1.3030729537442894e-07,0.003044614942978236,
SR_Pu_UN_G1_C3_P_D2.0m_Lw_100.0cm_Epw1.0cm_w_water.o,C3,P,2.0,100.0,1.0,water,100,C3_H_100,1.63268e-05,0.0012,3.73583e-06,0.0054,1.6348817647006376e-05,0.0012269055733414914,1.6168585234117767e-05,0.0011732786955203284,1.3966586274489486e-05,0.0011383718472409248,
SR_Pu_UN_G1_C3_P_D2.0m_Lw_100.0cm_Epw20.0cm_w_water.o,C3,P,2.0,100.0,20.0,water,100,C3_H_100,6.6976e-06,0.0029,1.96185e-06,0.0074,6.728006037608052e-06,0.00292874262817742,6.638692409112724e-06,0.0028968757205489306,5.702488782314514e-06,0.0027941272972930625,
SR_Pu_UN_G1_C3_P_D2.0m_Lw_100.0cm_Epw40.0cm_w_water.o,C3,P,2.0,100.0,40.0,water,100,C3_H_100,2.11236e-06,0.0038,5.67608e-07,0.007,2.122023727575123e-06,0.003693378819597039,2.097172827046235e-06,0.0036877360975314947,1.8046673603718443e-06,0.003672196462582677,
SR_Pu_UN_G1_C3_P_D20.0m_Lw_1000.0cm_Epw10.0cm_w_water.o,C3,P,20.0,1000.0,10.0,water,100,C3_H_100,1.17009e-07,0.0037,3.41311e-08,0.0093,1.1738249293076404e-07,0.0037497874051661217,1.1575498865584995e-07,0.003737057013649586,9.948707022059274e-08,0.00357142192871687,
SR_Pu_UN_G1_C3_P_D200.0m_Lw_10000.0cm_Epw5.0cm_w_water.o,C3,P,200.0,10000.0,5.0,water,100,C3_H_100,6.8335e-10,0.0967,2.75687e-10,0.0349,6.850361299634332e-10,0.09591969282228856,6.704548007854413e-10,0.09717465792903783,5.690945569041489e-10,0.09936405524926041,
SR_Pu_UN_G1_C3_P_D20.0m_Lw_1000.0cm_Epw1.0cm_w_water.o,C3,P,20.0,1000.0,1.0,water,100,C3_H_100,1.87854e-07,0.0029,4.59672e-08,0.0055,1.88128664487838e-07,0.0029448451747958303,1.8592373240654672e-07,0.0029231004484496282,1.604046727854448e-07,0.0029061479458527125,
SR_Pu_UN_G1_C3_P_D20.0m_Lw_1000.0cm_Epw20.0cm_w_water.o,C3,P,20.0,1000.0,20.0,water,100,C3_H_100,6.5984e-08,0.0051,1.92987e-08,0.0108,6.624528374024903e-08,0.005134040849940854,6.536991731615591e-08,0.005131827784243926,5.617281598559424e-08,0.00498884222842751,
SR_Pu_UN_G1_C3_P_D20.0m_Lw_1000.0cm_Epw40.0cm_w_water.o,C3,P,20.0,1000.0,40.0,water,100,C3_H_100,1.90188e-08,0.0074,4.83856e-09,0.0133,1.9085795809612432e-08,0.007344026391115632,1.886779397727957e-08,0.007356949536360925,1.6260842381174526e-08,0.007323651885028303,
SR_Pu_UN_G1_C3_P_D200.0m_Lw_10000.0cm_Epw10.0cm_w_water.o,C3,P,200.0,10000.0,10.0,water,100,C3_H_100,5.03246e-10,0.0826,1.96544e-10,0.0361,5.034790473214316e-10,0.08170104358862347,4.940259266843971e-10,0.08289259733136722,4.2059044625455e-10,0.08472621299426461,
SR_Pu_UN_G1_C3_P_D1200.0m_Lw_60000.0cm_Epw5.0cm_w_water.o,C3,P,1200.0,60000.0,5.0,water,100,C3_H_100,4.9613e-13,0.2407,1.25126e-13,0.0768,4.994935935240557e-13,0.24198068352709673,4.907074386038168e-13,0.24343610141164235,4.1965198248128274e-13,0.24687726181121805,
SR_Pu_UN_G1_C3_P_D200.0m_Lw_10000.0cm_Epw1.0cm_w_water.o,C3,P,200.0,10000.0,1.0,water,100,C3_H_100,1.04097e-09,0.0984,3.60506e-10,0.0364,1.0438512797092636e-09,0.0979156056002727,1.0257249503586357e-09,0.09923818322865219,8.769345699286931e-10,0.10136637929890792,
SR_Pu_UN_G1_C3_P_D200.0m_Lw_10000.0cm_Epw20.0cm_w_water.o,C3,P,200.0,10000.0,20.0,water,100,C3_H_100,2.65671e-10,0.0795,1.0333e-10,0.0454,2.6622975620456746e-10,0.07866754832918614,2.6160747280080795e-10,0.0798884542149589,2.2273222242173792e-10,0.08190562652707285,
SR_Pu_UN_G1_C3_P_D200.0m_Lw_10000.0cm_Epw40.0cm_w_water.o,C3,P,200.0,10000.0,40.0,water,100,C3_H_100,9.17945e-11,0.1533,2.63848e-11,0.0584,9.26108756733883e-11,0.15443680856008707,9.123699600718937e-11,0.15535907884134445,7.835039121787084e-11,0.15716017452836067,
SR_Pu_UN_G1_C3_P_D300.0m_Lw_15000.0cm_Epw10.0cm_w_water.o,C3,P,300.0,15000.0,10.0,water,100,C3_H_100,1.9238e-10,0.1671,5.70881e-11,0.0621,1.9269581377261068e-10,0.1664400529700076,1.8986458217244932e-10,0.16856929580191754,1.6270391991528593e-10,0.17159562918913124,
SR_Pu_UN_G1_C3_P_D2.0m_Lw_100.0cm_Epw5.0cm_w_water.o,C3,P,2.0,100.0,5.0,water,100,C3_H_100,1.37565e-05,0.0012,3.59823e-06,0.0038,1.3779156958083767e-05,0.0012294129370143513,1.3599987456804069e-05,0.001194440069683834,1.1720180391127532e-05,0.001162284589715516,
SR_Pu_UN_G1_C3_P_D300.0m_Lw_15000.0cm_Epw1.0cm_w_water.o,C3,P,300.0,15000.0,1.0,water,100,C3_H_100,3.18667e-10,0.1181,1.12564e-10,0.0416,3.1913235816023527e-10,0.1169877630085864,3.1348062564029495e-10,0.11846440026115251,2.676312727573446e-10,0.1208645840154613,
SR_Pu_UN_G1_C3_P_D300.0m_Lw_15000.0cm_Epw20.0cm_w_water.o,C3,P,300.0,15000.0,20.0,water,100,C3_H_100,1.08881e-10,0.205,3.2206e-11,0.0576,1.0894326431258524e-10,0.20417526609979275,1.0716400323196626e-10,0.20488197789966822,9.156994292913151e-11,0.20651206746078887,
SR_Pu_UN_G1_C3_P_D300.0m_Lw_15000.0cm_Epw40.0cm_w_water.o,C3,P,300.0,15000.0,40.0,water,100,C3_H_100,3.68622e-11,0.235,8.84405e-12,0.0826,3.7004231768579107e-11,0.23437384609343798,3.646276621763044e-11,0.23511298576080678,3.1314626923346344e-11,0.23699290920324284,
SR_Pu_UN_G1_C3_P_D5.0m_Lw_250.0cm_Epw10.0cm_w_water.o,C3,P,5.0,250.0,10.0,water,100,C3_H_100,1.93377e-06,0.0026,5.57747e-07,0.0061,1.9388605240328053e-06,0.002564350255528424,1.9120117656577743e-06,0.002549334638544336,1.6436945020922756e-06,0.002491908083946035,
SR_Pu_UN_G1_C3_P_D50.0m_Lw_2500.0cm_Epw5.0cm_w_water.o,C3,P,50.0,2500.0,5.0,water,100,C3_H_100,2.29625e-08,0.0283,6.78804e-09,0.0155,2.301139335651459e-08,0.028253434853365372,2.267732719943948e-08,0.028482621627537286,1.949071346224937e-08,0.028812128769130058,
SR_Pu_UN_G1_C3_P_D5.0m_Lw_250.0cm_Epw1.0cm_w_water.o,C3,P,5.0,250.0,1.0,water,100,C3_H_100,2.99696e-06,0.0061,7.20994e-07,0.0148,3.001498323179532e-06,0.006193184768171075,2.96633663356399e-06,0.0061200175389407325,2.5585119641482447e-06,0.006019219735394517,
SR_Pu_UN_G1_C3_P_D5.0m_Lw_250.0cm_Epw20.0cm_w_water.o,C3,P,5.0,250.0,20.0,water,100,C3_H_100,1.14945e-06,0.0036,3.31386e-07,0.0077,1.1543136438633686e-06,0.0035954330699014634,1.1390842815107986e-06,0.0035685006040379838,9.793415467020728e-07,0.0035187835383435006,
SR_Pu_UN_G1_C3_P_D5.0m_Lw_250.0cm_Epw40.0cm_w_water.o,C3,P,5.0,250.0,40.0,water,100,C3_H_100,3.50385e-07,0.0056,9.19686e-08,0.0129,3.518092910952492e-07,0.005609775338189255,3.4771820136460886e-07,0.0056006645215700545,2.9927275866789125e-07,0.005468789420303519,
SR_Pu_UN_G1_C3_P_D50.0m_Lw_2500.0cm_Epw10.0cm_w_water.o,C3,P,50.0,2500.0,10.0,water,100,C3_H_100,1.71689e-08,0.0293,5.51567e-09,0.0345,1.723064551762811e-08,0.029255830308639697,1.696953696691022e-08,0.029494829531304764,1.4508773324766673e-08,0.029450070102431607,
SR_Pu_UN_G1_C3_P_D500.0m_Lw_25000.0cm_Epw5.0cm_w_water.o,C3,P,500.0,25000.0,5.0,water,100,C3_H_100,3.76973e-11,0.2154,1.23373e-11,0.0642,3.772790551478246e-11,0.2164108364004645,3.70504640924121e-11,0.21757845784015017,3.16622698039113e-11,0.22109050250568368,
SR_Pu_UN_G1_C3_P_D50.0m_Lw_2500.0cm_Epw1.0cm_w_water.o,C3,P,50.0,2500.0,1.0,water,100,C3_H_100,2.93707e-08,0.0283,7.93253e-09,0.0162,2.9415263340100173e-08,0.02820713627463857,2.901350804047897e-08,0.028404994718669533,2.496991924482702e-08,0.028696586007366635,
SR_Pu_UN_G1_C3_P_D50.0m_Lw_2500.0cm_Epw20.0cm_w_water.o,C3,P,50.0,2500.0,20.0,water,100,C3_H_100,9.26838e-09,0.0287,2.9381e-09,0.0274,9.307950892981734e-09,0.028546946745685215,9.174755698419737e-09,0.02874085467581069,7.854610709711793e-09,0.02895032157776183,
SR_Pu_UN_G1_C3_P_D50.0m_Lw_2500.0cm_Epw40.0cm_w_water.o,C3,P,50.0,2500.0,40.0,water,100,C3_H_100,2.6729e-09,0.0269,7.26686e-10,0.0198,2.6827026424416312e-09,0.026758800668347255,2.6485861177361625e-09,0.02684906099865708,2.27950744489304e-09,0.027041802263300364,
SR_Pu_UN_G1_C3_P_D500.0m_Lw_25000.0cm_Epw10.0cm_w_water.o,C3,P,500.0,25000.0,10.0,water,100,C3_H_100,2.41605e-11,0.1421,8.79111e-12,0.0548,2.4232244811445656e-11,0.14118094862379424,2.383159172955956e-11,0.1435907242270119,2.031611163850933e-11,0.1473560823772246,
SR_Pu_UN_G1_C3_P_D300.0m_Lw_15000.0cm_Epw5.0cm_w_water.o,C3,P,300.0,15000.0,5.0,water,100,C3_H_100,2.58649e-10,0.1489,8.61541e-11,0.0505,2.592606876897179e-10,0.14781590051386267,2.5476124443646953e-10,0.14899807380862404,2.1677079081205789e-10,0.15138913171241933,
SR_Pu_UN_G1_C3_P_D500.0m_Lw_25000.0cm_Epw1.0cm_w_water.o,C3,P,500.0,25000.0,1.0,water,100,C3_H_100,3.82581e-11,0.1158,1.60043e-11,0.048,3.82521045528932e-11,0.1143762945424307,3.743361849434337e-11,0.11615850148145739,3.174175184871177e-11,0.12026045826111033,
SR_Pu_UN_G1_C3_P_D500.0m_Lw_25000.0cm_Epw20.0cm_w_water.o,C3,P,500.0,25000.0,20.0,water,100,C3_H_100,1.28737e-11,0.1422,4.48395e-12,0.0656,1.2983950136990558e-11,0.14135365436620473,1.2790100819606486e-11,0.14336897035993693,1.0930793790419441e-11,0.1464047963983308,
SR_Pu_UN_G1_C3_P_D500.0m_Lw_25000.0cm_Epw40.0cm_w_water.o,C3,P,500.0,25000.0,40.0,water,100,C3_H_100,4.38179e-12,0.1658,1.2811e-12,0.0725,4.383277368913436e-12,0.1652242238499741,4.3158629360397865e-12,0.16695033213285615,3.699815115854561e-12,0.16976804890631012,
SR_Pu_UN_G1_C3_P_D700.0m_Lw_35000.0cm_Epw10.0cm_w_water.o,C3,P,700.0,35000.0,10.0,water,100,C3_H_100,1.0867e-11,0.2599,2.347e-12,0.1035,1.0910021921980366e-11,0.2509043262191544,1.0794932134122878e-11,0.2519196284917871,9.313740683621571e-12,0.25535138099996246,
SR_Pu_UN_G1_C3_P_D5.0m_Lw_250.0cm_Epw5.0cm_w_water.o,C3,P,5.0,250.0,5.0,water,100,C3_H_100,2.47198e-06,0.0017,6.65768e-07,0.0047,2.4767348141027457e-06,0.0017309775361916972,2.4435974453943634e-06,0.0017027122723158531,2.1041148011385713e-06,0.001646653857388225,
SR_Pu_UN_G1_C3_P_D700.0m_Lw_35000.0cm_Epw1.0cm_w_water.o,C3,P,700.0,35000.0,1.0,water,100,C3_H_100,1.66339e-11,0.1852,4.1947e-12,0.076,1.6661277950144023e-11,0.18439778183305464,1.6463775310123594e-11,0.18640899942932915,1.4158045578584632e-11,0.18954306169101642,
SR_Pu_UN_G1_C3_P_D700.0m_Lw_35000.0cm_Epw20.0cm_w_water.o,C3,P,700.0,35000.0,20.0,water,100,C3_H_100,7.85802e-12,0.5125,1.41882e-12,0.1602,7.897837128937497e-12,0.5134179767017707,7.751958384653755e-12,0.5121492242694405,6.557626071639456e-12,0.5083350087703198,
SR_Pu_UN_G1_C3_P_D700.0m_Lw_35000.0cm_Epw40.0cm_w_water.o,C3,P,700.0,35000.0,40.0,water,100,C3_H_100,9.72952e-13,0.2366,3.22424e-13,0.0653,9.784586448288678e-13,0.2338554658603228,9.599921683487773e-13,0.23488710309951671,8.163733434293779e-13,0.235289059141759,
SR_Pu_UN_G1_C3_P_D1.0m_Lw_50.0cm_Epw20.0cm_w_water.o,C3,P,1.0,50.0,20.0,water,100,C3_H_100,2.29326e-05,0.0017,6.57132e-06,0.0037,2.3031239800151358e-05,0.001523582238269051,2.2736823422047985e-05,0.0015075080395905859,1.9542474611473437e-05,0.0014968912981822295,
SR_Pu_UN_G1_C3_P_D1.0m_Lw_50.0cm_Epw10.0cm_w_water.o,C3,P,1.0,50.0,10.0,water,100,C3_H_100,3.73152e-05,0.0011,1.02769e-05,0.003,3.741648688824457e-05,0.0010319850374052328,3.692545716455044e-05,0.0010159669015025088,3.1775032637854326e-05,0.0009883296927250531,
SR_Pu_UN_G1_C3_P_D700.0m_Lw_35000.0cm_Epw5.0cm_w_water.o,C3,P,700.0,35000.0,5.0,water,100,C3_H_100,9.97908e-12,0.1791,2.85146e-12,0.0618,9.978759296675057e-12,0.1773437445722185,9.835135292351339e-12,0.17938599213484382,8.43934759271053e-12,0.18294617031073818,
SR_Pu_UN_G1_C4_N_D2.0m_Lw_100.0cm_Epw1.0cm_w_water.o,C4,N,2.0,100.0,1.0,water,900,C4_H_900,1.80571e-05,0.046,1.04801e-06,0.0473,1.7193371122328177e-05,0.044127054081636016,0.00019615401295652103,0.06470404705991466,0.00016472651431791708,0.047002898886458006,-4.783320010809171
SR_Pu_UN_G1_C4_N_D5.0m_Lw_250.0cm_Epw1.0cm_w_water.o,C4,N,5.0,250.0,1.0,water,900,C4_H_900,3.56485e-06,0.061,2.23891e-07,0.107,3.397179808512748e-06,0.05954977508320147,3.819451944717286e-05,0.07463872125960405,3.2360888271889e-05,0.0645787122964552,-4.70342907800474
SR_Pu_UN_G1_C4_N_D10.0m_Lw_500.0cm_Epw1.0cm_w_water.o,C4,N,10.0,500.0,1.0,water,900,C4_H_900,8.64924e-07,0.0236,5.88694e-08,0.0491,8.243380524446066e-07,0.023471408185641005,8.97153564009542e-06,0.025030378578529893,7.623021306375351e-06,0.02335792253992184,-4.692429341236155
SR_Pu_UN_G1_C4_N_D20.0m_Lw_1000.0cm_Epw1.0cm_w_water.o,C4,N,20.0,1000.0,1.0,water,900,C4_H_900,2.13535e-07,0.0203,1.60707e-08,0.0267,2.0415788804076599e-07,0.020244983762838585,2.2037639174044793e-06,0.021743870288470295,1.8509418983696372e-06,0.022309319098651265,-4.391370013924662
SR_Pu_UN_G1_C4_N_D50.0m_Lw_2500.0cm_Epw1.0cm_w_water.o,C4,N,50.0,2500.0,1.0,water,900,C4_H_900,3.58188e-08,0.0361,3.06096e-09,0.0214,3.4291670371859846e-08,0.03618253271854205,3.663639216595308e-07,0.03639881099811956,2.985766992030126e-07,0.04269777025706847,-4.263486292506043
SR_Pu_UN_G1_C4_N_D100.0m_Lw_5000.0cm_Epw1.0cm_w_water.o,C4,N,100.0,5000.0,1.0,water,900,C4_H_900,8.80178e-09,0.0587,7.4719e-10,0.0257,8.450077846031856e-09,0.05845392480751308,9.037289726466338e-08,0.06289413116903629,7.366091197275676e-08,0.07109743913666369,-3.995807143193118
SR_Pu_UN_G1_C4_N_D200.0m_Lw_10000.0cm_Epw1.0cm_w_water.o,C4,N,200.0,10000.0,1.0,water,900,C4_H_900,1.57905e-09,0.0902,1.37878e-10,0.0367,1.5121315840243392e-09,0.0904927830213198,1.652417628474684e-08,0.08193933323058787,1.2896360496843332e-08,0.10851936038115445,-4.237890882217844
SR_Pu_UN_G1_C4_N_D300.0m_Lw_15000.0cm_Epw1.0cm_w_water.o,C4,N,300.0,15000.0,1.0,water,900,C4_H_900,5.18736e-10,0.122,4.68381e-11,0.0471,4.976394660957711e-10,0.12297213582082323,5.6778012572816676e-09,0.12069426928444005,4.2593588657752604e-09,0.15589107607474487,-4.066911474088729
SR_Pu_UN_G1_C4_N_D500.0m_Lw_25000.0cm_Epw1.0cm_w_water.o,C4,N,500.0,25000.0,1.0,water,900,C4_H_900,8.75767e-11,0.1757,7.83673e-12,0.0478,8.367427034947836e-11,0.1723525900694761,8.958469518653331e-10,0.12734629791416097,6.884690040704225e-10,0.18873537718145206,-4.456013586401002
SR_Pu_UN_G1_C4_N_D700.0m_Lw_35000.0cm_Epw1.0cm_w_water.o,C4,N,700.0,35000.0,1.0,water,900,C4_H_900,1.7431e-11,0.1044,1.6801e-12,0.0308,1.6625115736757774e-11,0.10341982451908577,1.8101438990208673e-10,0.0806642483291974,1.3385951787180395e-10,0.11634720368212421,-4.623281872768211
SR_Pu_UN_G1_C4_N_D1000.0m_Lw_50000.0cm_Epw1.0cm_w_water.o,C4,N,1000.0,50000.0,1.0,water,900,C4_H_900,1.61205e-12,0.0393,1.79635e-13,0.0215,1.5471382463432857e-12,0.0392601088648685,1.715483838526157e-11,0.04389907436886434,1.211060852305617e-11,0.05245919016488479,-4.026658829236949
SR_Pu_UN_G1_C4_N_D1200.0m_Lw_60000.0cm_Epw1.0cm_w_water.o,C4,N,1200.0,60000.0,1.0,water,900,C4_H_900,3.85117e-13,0.0342,4.56185e-14,0.021,3.681275604495288e-13,0.03400376283142612,4.058415689713663e-12,0.0420084056900962,2.80992088795742e-12,0.0473321678932566,-4.411500803774235
SR_Pu_UN_G1_C4_N_D1.0m_Lw_50.0cm_Epw5.0cm_w_water.o,C4,N,1.0,50.0,5.0,water,900,C4_H_900,3.73217e-05,0.0103,2.21629e-06,0.0187,3.5707006242429366e-05,0.01022114230017809,0.0003873403718072373,0.010732750100902834,0.00034056815007372214,0.011112318964534337,-4.326420708517117
SR_Pu_UN_G1_C4_N_D2.0m_Lw_100.0cm_Epw5.0cm_w_water.o,C4,N,2.0,100.0,5.0,water,900,C4_H_900,1.26175e-05,0.0201,8.28821e-07,0.0374,1.2065816636007608e-05,0.01992416623516795,0.0001302379345020188,0.022033616082890794,0.00011287533166267331,0.02056161205434452,-4.372366665285455
SR_Pu_UN_G1_C4_N_D5.0m_Lw_250.0cm_Epw5.0cm_w_water.o,C4,N,5.0,250.0,5.0,water,900,C4_H_900,2.39655e-06,0.0253,1.74415e-07,0.046,2.286121437220032e-06,0.02458021836657122,2.4618730996649446e-05,0.02977959773327803,2.1012344768566955e-05,0.02622016855754156,-4.60781384823885
SR_Pu_UN_G1_C4_N_D10.0m_Lw_500.0cm_Epw5.0cm_w_water.o,C4,N,10.0,500.0,5.0,water,900,C4_H_900,5.82277e-07,0.0206,4.61959e-08,0.0367,5.568091909918936e-07,0.020377149201927215,5.85030244818697e-06,0.024001013018141643,4.970187001762213e-06,0.021723222713967254,-4.3738304978741125
SR_Pu_UN_G1_C4_N_D20.0m_Lw_1000.0cm_Epw5.0cm_w_water.o,C4,N,20.0,1000.0,5.0,water,900,C4_H_900,1.42399e-07,0.0155,1.18452e-08,0.0211,1.3626508452864517e-07,0.015429987325413123,1.421786759157186e-06,0.016664537560700514,1.2026060735466006e-06,0.017178381473322037,-4.307555159344401
SR_Pu_UN_G1_C4_N_D50.0m_Lw_2500.0cm_Epw5.0cm_w_water.o,C4,N,50.0,2500.0,5.0,water,900,C4_H_900,2.24199e-08,0.0372,2.05249e-09,0.0226,2.1504684123759942e-08,0.03740490948577537,2.2260017429187934e-07,0.036058235150881246,1.8452887280878225e-07,0.04404991018078133,-4.0821586012429005
SR_Pu_UN_G1_C4_N_D100.0m_Lw_5000.0cm_Epw5.0cm_w_water.o,C4,N,100.0,5000.0,5.0,water,900,C4_H_900,5.17698e-09,0.0594,4.58762e-10,0.0271,4.947278202933713e-09,0.059126765270260506,5.258452833434826e-08,0.06064872481508162,4.27520202724029e-08,0.07258929859980351,-4.436984440084505
SR_Pu_UN_G1_C4_N_D200.0m_Lw_10000.0cm_Epw5.0cm_w_water.o,C4,N,200.0,10000.0,5.0,water,900,C4_H_900,9.24655e-10,0.1114,7.93158e-11,0.0498,8.84838005644744e-10,0.11143077845744939,9.429363343981514e-09,0.10161260211796595,7.582777502814893e-09,0.12931141333683768,-4.306146006376006
SR_Pu_UN_G1_C4_N_D300.0m_Lw_15000.0cm_Epw5.0cm_w_water.o,C4,N,300.0,15000.0,5.0,water,900,C4_H_900,3.21267e-10,0.1758,2.41568e-11,0.0606,3.0666678869316615e-10,0.17025624111253854,3.1700567839821974e-09,0.13513737145919466,2.6705288053379813e-09,0.18453059983347328,-4.544572367169314
SR_Pu_UN_G1_C4_N_D500.0m_Lw_25000.0cm_Epw5.0cm_w_water.o,C4,N,500.0,25000.0,5.0,water,900,C4_H_900,4.75481e-11,0.2333,3.66962e-12,0.067,4.532888049938569e-11,0.22932014107908863,4.798475603331972e-10,0.17126455630110554,3.9036898354360573e-10,0.24217905887515756,-4.667314783586114
SR_Pu_UN_G1_C4_N_D700.0m_Lw_35000.0cm_Epw5.0cm_w_water.o,C4,N,700.0,35000.0,5.0,water,900,C4_H_900,9.75446e-12,0.1605,7.83481e-13,0.05,9.300820736367787e-12,0.15793298307912632,1.0208183495127109e-10,0.12658846610995406,8.043784331267556e-11,0.17079606536325237,-4.650583052595556
SR_Pu_UN_G1_C4_N_D1000.0m_Lw_50000.0cm_Epw5.0cm_w_water.o,C4,N,1000.0,50000.0,5.0,water,900,C4_H_900,7.95707e-13,0.0475,8.82898e-14,0.0308,7.618747133281268e-13,0.047625210166068785,8.452689382661553e-12,0.051627356818893855,6.01600674164731e-12,0.06324337747098817,-4.2518523365853556
SR_Pu_UN_G1_C4_N_D1200.0m_Lw_60000.0cm_Epw5.0cm_w_water.o,C4,N,1200.0,60000.0,5.0,water,900,C4_H_900,2.0683e-13,0.0446,2.2837e-14,0.0295,1.9783288644019607e-13,0.04423142247916759,2.17446931511401e-12,0.0500153902343629,1.546047070249505e-12,0.058687197556020865,-4.350004138569799
SR_Pu_UN_G1_C4_N_D1.0m_Lw_50.0cm_Epw10.0cm_w_water.o,C4,N,1.0,50.0,10.0,water,900,C4_H_900,2.3411e-05,0.0157,1.57296e-06,0.021,2.243409077381075e-05,0.015824555711229735,0.00023500843449837758,0.017457958930901882,0.00020973614044583164,0.01850245218067039,-4.172864150139896
SR_Pu_UN_G1_C4_N_D2.0m_Lw_100.0cm_Epw10.0cm_w_water.o,C4,N,2.0,100.0,10.0,water,900,C4_H_900,7.33149e-06,0.0205,5.17418e-07,0.0338,7.024507026206567e-06,0.020476232010216682,7.288206481716724e-05,0.021399774442630626,6.500639495064632e-05,0.022275462613738327,-4.187183966607515
SR_Pu_UN_G1_C4_N_D5.0m_Lw_250.0cm_Epw10.0cm_w_water.o,C4,N,5.0,250.0,10.0,water,900,C4_H_900,1.36062e-06,0.0254,1.068e-07,0.0546,1.301501772277116e-06,0.025177074756595877,1.3532236886573274e-05,0.028295070710036285,1.1776619746353934e-05,0.025328103510055464,-4.344947724043752
SR_Pu_UN_G1_C4_N_D10.0m_Lw_500.0cm_Epw10.0cm_w_water.o,C4,N,10.0,500.0,10.0,water,900,C4_H_900,3.30802e-07,0.0234,2.69291e-08,0.0483,3.168829770453854e-07,0.02326891929879768,3.243249316299109e-06,0.025440790942004667,2.829140408588277e-06,0.02394042486518697,-4.207659855325726
SR_Pu_UN_G1_C4_N_D20.0m_Lw_1000.0cm_Epw10.0cm_w_water.o,C4,N,20.0,1000.0,10.0,water,900,C4_H_900,8.27893e-08,0.0201,7.41234e-09,0.0314,7.930138546003328e-08,0.01999011151497172,8.064299641867274e-07,0.022191133691867593,6.902826135034604e-07,0.021946849611799674,-4.213001607655489
SR_Pu_UN_G1_C4_N_D200.0m_Lw_10000.0cm_Epw10.0cm_w_water.o,C4,N,200.0,10000.0,10.0,water,900,C4_H_900,4.78316e-10,0.1605,3.94423e-11,0.0729,4.60503605722171e-10,0.1603231632535938,4.795824844521189e-09,0.13853096345568072,4.026694056041399e-09,0.1807045855070095,-3.723980439255433
SR_Pu_UN_G1_C4_N_D300.0m_Lw_15000.0cm_Epw10.0cm_w_water.o,C4,N,300.0,15000.0,10.0,water,900,C4_H_900,1.96476e-10,0.1646,1.25077e-11,0.0784,1.8878746573916845e-10,0.16541735470263036,1.9065587396530472e-09,0.14655838012086234,1.7092701242860867e-09,0.1773041324142974,-3.913218032142119
SR_Pu_UN_G1_C4_N_D500.0m_Lw_25000.0cm_Epw10.0cm_w_water.o,C4,N,500.0,25000.0,10.0,water,900,C4_H_900,2.08802e-11,0.1732,1.56991e-12,0.0755,1.979953750789979e-11,0.17217078440337338,2.2044072169798654e-10,0.15043619108582454,1.7830525653988787e-10,0.19244610776396237,-5.175537073879598
SR_Pu_UN_G1_C4_N_D700.0m_Lw_35000.0cm_Epw10.0cm_w_water.o,C4,N,700.0,35000.0,10.0,water,900,C4_H_900,3.99307e-12,0.1851,3.12556e-13,0.062,3.800147914247173e-12,0.18194787966455206,4.196153032006479e-11,0.13305203204823815,3.286699684233317e-11,0.1903860001589322,-4.831422583446494
SR_Pu_UN_G1_C4_N_D1000.0m_Lw_50000.0cm_Epw10.0cm_w_water.o,C4,N,1000.0,50000.0,10.0,water,900,C4_H_900,4.34724e-13,0.0864,4.04053e-14,0.0444,4.1635359956192577e-13,0.08672892940051477,4.545670911461342e-12,0.08248651724258586,3.483147668399991e-12,0.10624938821591347,-4.225761733438735
SR_Pu_UN_G1_C4_N_D1200.0m_Lw_60000.0cm_Epw10.0cm_w_water.o,C4,N,1200.0,60000.0,10.0,water,900,C4_H_900,1.07854e-13,0.0618,1.0834e-14,0.041,1.0313782605009916e-13,0.06115519918118584,1.145332899701181e-12,0.06130282743801036,8.448746066781884e-13,0.0764301214025117,-4.372739026740634
SR_Pu_UN_G1_C4_N_D1.0m_Lw_50.0cm_Epw20.0cm_w_water.o,C4,N,1.0,50.0,20.0,water,900,C4_H_900,8.26912e-06,0.0124,6.23236e-07,0.0277,7.926898318025916e-06,0.011403283704435342,7.904317498350088e-05,0.010289892860099495,7.217069832977054e-05,0.011284664838139804,-4.138550196079918
SR_Pu_UN_G1_C4_N_D2.0m_Lw_100.0cm_Epw20.0cm_w_water.o,C4,N,2.0,100.0,20.0,water,900,C4_H_900,2.58032e-06,0.0244,2.1678e-07,0.074,2.475876699698098e-06,0.02074850525386735,2.449761507517205e-05,0.021404094209506903,2.203279717661311e-05,0.02086420381324262,-4.047687895373511
SR_Pu_UN_G1_C4_N_D5.0m_Lw_250.0cm_Epw20.0cm_w_water.o,C4,N,5.0,250.0,20.0,water,900,C4_H_900,4.54305e-07,0.0356,3.97617e-08,0.0856,4.355251175171787e-07,0.035291317031941716,4.296543901867172e-06,0.03605444378735991,3.829022150025077e-06,0.03403513493999983,-4.13376090573983
SR_Pu_UN_G1_C4_N_D10.0m_Lw_500.0cm_Epw20.0cm_w_water.o,C4,N,10.0,500.0,20.0,water,900,C4_H_900,1.07979e-07,0.034,8.19019e-09,0.0541,1.0381057107696302e-07,0.033932680049431424,1.0455345038476599e-06,0.0376813260010425,9.44879067941002e-07,0.03727324520461008,-3.860407044922606
SR_Pu_UN_G1_C4_N_D20.0m_Lw_1000.0cm_Epw20.0cm_w_water.o,C4,N,20.0,1000.0,20.0,water,900,C4_H_900,2.55538e-08,0.0288,2.15053e-09,0.0506,2.449628091141502e-08,0.02866845626668681,2.455590430754104e-07,0.03190360574853694,2.1772947718270767e-07,0.030735947121689606,-4.138402462979985
SR_Pu_UN_G1_C4_N_D50.0m_Lw_2500.0cm_Epw20.0cm_w_water.o,C4,N,50.0,2500.0,20.0,water,900,C4_H_900,3.60692e-09,0.0507,3.62558e-10,0.0842,3.4629580703826323e-09,0.05060264374112406,3.2889173053920235e-08,0.05011507053681685,2.9062963356229627e-08,0.05625991553347226,-3.9912703807505534
SR_Pu_UN_G1_C4_N_D100.0m_Lw_5000.0cm_Epw20.0cm_w_water.o,C4,N,100.0,5000.0,20.0,water,900,C4_H_900,8.88101e-10,0.0987,6.95289e-11,0.067,8.519382606811915e-10,0.09948218689800174,8.73586130551423e-09,0.09948377393880334,7.725450082948781e-09,0.11347017378586688,-4.071917419168372
SR_Pu_UN_G1_C4_N_D200.0m_Lw_10000.0cm_Epw20.0cm_w_water.o,C4,N,200.0,10000.0,20.0,water,900,C4_H_900,1.42882e-10,0.1984,9.13041e-12,0.1317,1.3647696308829513e-10,0.197411752084913,1.5523349262645675e-09,0.19631495569765062,1.3516991506468787e-09,0.22470174838459517,-4.482745840417169
SR_Pu_UN_G1_C4_N_D300.0m_Lw_15000.0cm_Epw20.0cm_w_water.o,C4,N,300.0,15000.0,20.0,water,900,C4_H_900,4.36063e-11,0.2693,2.78854e-12,0.142,4.168517075798091e-11,0.2723205520606606,4.6024780464919765e-10,0.2749915369132567,3.9178980128892005e-10,0.3159265830080284,-4.405623137067562
SR_Pu_UN_G1_C4_N_D500.0m_Lw_25000.0cm_Epw20.0cm_w_water.o,C4,N,500.0,25000.0,20.0,water,900,C4_H_900,5.8273e-12,0.2679,4.05489e-13,0.1224,5.499184002415533e-12,0.2597587513313454,5.896888654704704e-11,0.21503011233540786,4.907978121423669e-11,0.2782939023552265,-5.630669393792432
SR_Pu_UN_G1_C4_N_D700.0m_Lw_35000.0cm_Epw20.0cm_w_water.o,C4,N,700.0,35000.0,20.0,water,900,C4_H_900,9.89007e-13,0.1258,8.27682e-14,0.0926,9.452221098631795e-13,0.1267513147755373,1.1403439593712098e-11,0.1457345995947557,8.331131298960185e-12,0.1530700990469876,-4.427156747810723
SR_Pu_UN_G1_C4_N_D1000.0m_Lw_50000.0cm_Epw20.0cm_w_water.o,C4,N,1000.0,50000.0,20.0,water,900,C4_H_900,1.8669e-13,0.217,1.16426e-14,0.0922,1.7729383752860825e-13,0.21351668865158704,1.9338800487959525e-12,0.1677452905526288,1.585119799227408e-12,0.21635299989568682,-5.033029338149745
SR_Pu_UN_G1_C4_N_D1200.0m_Lw_60000.0cm_Epw20.0cm_w_water.o,C4,N,1200.0,60000.0,20.0,water,900,C4_H_900,3.06456e-14,0.1361,2.64485e-15,0.0713,2.94822600314809e-14,0.1384614384163807,3.3691217740073746e-13,0.12762168287407444,2.558584589626318e-13,0.16343611715721862,-3.796107658257939
SR_Pu_UN_G1_C4_N_D1.0m_Lw_50.0cm_Epw40.0cm_w_water.o,C4,N,1.0,50.0,40.0,water,900,C4_H_900,1.04679e-06,0.0106,7.23871e-08,0.0402,1.0046937714464072e-06,0.009560964028704898,9.866884253670864e-06,0.006034041377704496,9.251956607017924e-06,0.005550988838366803,-4.021458798191887
SR_Pu_UN_G1_C4_N_D2.0m_Lw_100.0cm_Epw40.0cm_w_water.o,C4,N,2.0,100.0,40.0,water,900,C4_H_900,2.99924e-07,0.0173,1.95488e-08,0.0431,2.879968833426824e-07,0.015223883029890447,2.882037303297039e-06,0.017131035959072817,2.7015964360516697e-06,0.016973092716557423,-3.9767129863957624
SR_Pu_UN_G1_C4_N_D5.0m_Lw_250.0cm_Epw40.0cm_w_water.o,C4,N,5.0,250.0,40.0,water,900,C4_H_900,4.85865e-08,0.0266,3.26327e-09,0.0592,4.6769949778416186e-08,0.02604869348417656,4.587911530535041e-07,0.027227963276008967,4.3377979459036026e-07,0.027345026247295595,-3.7387962120832263
SR_Pu_UN_G1_C4_N_D10.0m_Lw_500.0cm_Epw40.0cm_w_water.o,C4,N,10.0,500.0,40.0,water,900,C4_H_900,1.13081e-08,0.029,7.4361e-10,0.0572,1.084925014494657e-08,0.028549646450463734,1.0848063580043272e-07,0.029809818987997786,1.006255421826651e-07,0.029958464727558063,-4.057709562644744
SR_Pu_UN_G1_C4_N_D20.0m_Lw_1000.0cm_Epw40.0cm_w_water.o,C4,N,20.0,1000.0,40.0,water,900,C4_H_900,2.53431e-09,0.0245,1.64336e-10,0.0438,2.439588482867671e-09,0.024475705858025568,2.3999750517778207e-08,0.025410007924405835,2.2671902889766446e-08,0.026017371157006825,-3.737566325048199
SR_Pu_UN_G1_C4_N_D50.0m_Lw_2500.0cm_Epw40.0cm_w_water.o,C4,N,50.0,2500.0,40.0,water,900,C4_H_900,3.63846e-10,0.0406,2.3841e-11,0.0349,3.486381400530763e-10,0.04017849321617664,3.507634764777788e-09,0.03936191008882542,3.23485797003646e-09,0.04331205406349622,-4.179751858457622
SR_Pu_UN_G1_C4_N_D100.0m_Lw_5000.0cm_Epw40.0cm_w_water.o,C4,N,100.0,5000.0,40.0,water,900,C4_H_900,8.07716e-11,0.0933,5.24621e-12,0.0536,7.715894846629095e-11,0.09197848247839895,8.003026004961957e-10,0.07932204548581992,7.217130791271625e-10,0.09428963625591208,-4.472675462302411
SR_Pu_UN_G1_C4_N_D200.0m_Lw_10000.0cm_Epw40.0cm_w_water.o,C4,N,200.0,10000.0,40.0,water,900,C4_H_900,1.38626e-11,0.1845,7.51942e-13,0.1281,1.3388600194686576e-11,0.18635636838451303,1.4557122509777967e-10,0.19547287962257126,1.3335010134681838e-10,0.20899236136310276,-3.4192705936362837
SR_Pu_UN_G1_C4_N_D300.0m_Lw_15000.0cm_Epw40.0cm_w_water.o,C4,N,300.0,15000.0,40.0,water,900,C4_H_900,4.16099e-12,0.2217,2.1321e-13,0.131,3.996683239067226e-12,0.22307785282487644,4.398733589286173e-11,0.2242661573027218,3.9096612169837326e-11,0.2505779421481892,-3.9487420285262242
SR_Pu_UN_G1_C4_N_D500.0m_Lw_25000.0cm_Epw40.0cm_w_water.o,C4,N,500.0,25000.0,40.0,water,900,C4_H_900,6.99232e-13,0.2025,3.47632e-14,0.123,6.742541166441322e-13,0.20218437666365385,7.477413516366374e-12,0.19190982093333445,6.657815316870157e-12,0.21998894844414704,-3.572188251662938
SR_Pu_UN_G1_C4_N_D700.0m_Lw_35000.0cm_Epw40.0cm_w_water.o,C4,N,700.0,35000.0,40.0,water,900,C4_H_900,1.52202e-13,0.2222,8.91454e-15,0.1056,1.4578799832958904e-13,0.2187864286251165,1.5230413722642584e-12,0.16310354663441418,1.3130293086819899e-12,0.21930867221231884,-4.214137574020679
SR_Pu_UN_G1_C4_N_D1.0m_Lw_50.0cm_Epw1.0cm_w_water.o,C4,N,1.0,50.0,1.0,water,900,C4_H_900,5.14052e-05,0.0148,2.68083e-06,0.0253,4.903630328336451e-05,0.014413527922466262,0.0005491075750202323,0.019078803113384918,0.0004766474512229699,0.01233239204729777,-4.608282268399871
SR_Pu_UN_G1_C4_N_D50.0m_Lw_2500.0cm_Epw10.0cm_w_water.o,C4,N,50.0,2500.0,10.0,water,900,C4_H_900,1.21139e-08,0.0354,1.12797e-09,0.0345,1.159181866037021e-08,0.03528363591751126,1.1849461114609075e-07,0.03738691839967516,9.990265327862464e-08,0.04141415268887487,-4.309770921254017
SR_Pu_UN_G1_C4_N_D100.0m_Lw_5000.0cm_Epw10.0cm_w_water.o,C4,N,100.0,5000.0,10.0,water,900,C4_H_900,2.76374e-09,0.0688,2.62714e-10,0.0422,2.649390939810724e-09,0.06853258035900847,2.6481586278128928e-08,0.0725485702556073,2.241028955260507e-08,0.08417769997568965,-4.137475312050915
SR_Pu_UN_G1_C4_N_D1000.0m_Lw_50000.0cm_Epw40.0cm_w_water.o,C4,N,1000.0,50000.0,40.0,water,900,C4_H_900,1.62046e-14,0.1124,1.12913e-15,0.0758,1.5486724395783193e-14,0.1127376828626664,1.98623363030172e-13,0.1299408540335647,1.4457550494314347e-13,0.12830987682639505,-4.430072968273258
SR_Pu_UN_G1_C4_N_D1200.0m_Lw_60000.0cm_Epw40.0cm_w_water.o,C4,N,1200.0,60000.0,40.0,water,900,C4_H_900,3.55074e-15,0.1047,2.96625e-16,0.0573,3.4073480724060987e-15,0.10515997798704955,3.791976528809165e-14,0.104110743724616,2.917200336004956e-14,0.1265199268941506,-4.038367427463049
SR_Pu_UN_G1_C4_P_D2.0m_Lw_100.0cm_Epw1.0cm_w_water.o,C4,P,2.0,100.0,1.0,water,900,C4_H_900,1.74872e-05,0.0023,4.972e-06,0.0057,1.754371705124471e-05,0.0022624570726715336,1.729195649508449e-05,0.0022265144527114956,1.489454294872938e-05,0.0021934948089023408,
SR_Pu_UN_G1_C4_P_D5.0m_Lw_250.0cm_Epw1.0cm_w_water.o,C4,P,5.0,250.0,1.0,water,900,C4_H_900,3.24466e-06,0.0021,9.6316e-07,0.0063,3.2546524083315326e-06,0.0021087515001547716,3.205544288835929e-06,0.0020442193898102226,2.7577435782277873e-06,0.001997423390776539,
SR_Pu_UN_G1_C4_P_D10.0m_Lw_500.0cm_Epw1.0cm_w_water.o,C4,P,10.0,500.0,1.0,water,900,C4_H_900,8.40844e-07,0.0022,2.47692e-07,0.0059,8.434536780980822e-07,0.0021896905392592837,8.310035592955524e-07,0.002128766292229941,7.150556827037884e-07,0.0020854501681069155,
SR_Pu_UN_G1_C4_P_D20.0m_Lw_1000.0cm_Epw1.0cm_w_water.o,C4,P,20.0,1000.0,1.0,water,900,C4_H_900,2.06768e-07,0.0029,6.29577e-08,0.0057,2.0742559785585002e-07,0.0028301345177092884,2.0430860952728933e-07,0.002811644722696127,1.7567739586849295e-07,0.0027823830645372625,
SR_Pu_UN_G1_C4_P_D50.0m_Lw_2500.0cm_Epw1.0cm_w_water.o,C4,P,50.0,2500.0,1.0,water,900,C4_H_900,3.12439e-08,0.0248,1.06987e-08,0.0148,3.1325748192675866e-08,0.02465890382277267,3.080140549345951e-08,0.02492862417582953,2.6375969090233157e-08,0.02527274905016901,
SR_Pu_UN_G1_C4_P_D100.0m_Lw_5000.0cm_Epw1.0cm_w_water.o,C4,P,100.0,5000.0,1.0,water,900,C4_H_900,6.70241e-09,0.0528,2.53925e-09,0.035,6.708742404308596e-09,0.05236469690859414,6.593587404642636e-09,0.053021153554551094,5.628395168090985e-09,0.053983680115620034,
SR_Pu_UN_G1_C4_P_D200.0m_Lw_10000.0cm_Epw1.0cm_w_water.o,C4,P,200.0,10000.0,1.0,water,900,C4_H_900,1.12359e-09,0.0878,4.51615e-10,0.0314,1.1269933053628632e-09,0.08744328456238346,1.1055026115197043e-09,0.08867055581630173,9.413018058017884e-10,0.09078811635347331,
SR_Pu_UN_G1_C4_P_D300.0m_Lw_15000.0cm_Epw1.0cm_w_water.o,C4,P,300.0,15000.0,1.0,water,900,C4_H_900,2.30594e-10,0.0755,1.22143e-10,0.033,2.3126407825100842e-10,0.07497967791214803,2.2537727832535032e-10,0.07664541628910711,1.8905550324800926e-10,0.07941319557901579,
SR_Pu_UN_G1_C4_P_D500.0m_Lw_25000.0cm_Epw1.0cm_w_water.o,C4,P,500.0,25000.0,1.0,water,900,C4_H_900,4.76405e-11,0.1413,1.70176e-11,0.0507,4.7855458511601126e-11,0.14117022988494238,4.700172832333566e-11,0.14281457236482523,4.000157301476383e-11,0.14554057022420575,
SR_Pu_UN_G1_C4_P_D700.0m_Lw_35000.0cm_Epw1.0cm_w_water.o,C4,P,700.0,35000.0,1.0,water,900,C4_H_900,1.16272e-11,0.1945,3.66393e-12,0.0543,1.1651588957474022e-11,0.19446620190358563,1.144074308317949e-11,0.19532185279059897,9.731357423244184e-12,0.19759526194733334,
SR_Pu_UN_G1_C4_P_D1000.0m_Lw_50000.0cm_Epw1.0cm_w_water.o,C4,P,1000.0,50000.0,1.0,water,900,C4_H_900,1.49273e-12,0.126,4.597e-13,0.0496,1.495171182408043e-12,0.12532922931504786,1.471462528966922e-12,0.12666257999510178,1.2551507137972482e-12,0.12781455533190567,
SR_Pu_UN_G1_C4_P_D1200.0m_Lw_60000.0cm_Epw1.0cm_w_water.o,C4,P,1200.0,60000.0,1.0,water,900,C4_H_900,5.15079e-13,0.1835,1.45073e-13,0.0574,5.173289301052852e-13,0.18444783144718016,5.086469032013846e-13,0.18552217391423798,4.347202843909956e-13,0.1874042273650249,
SR_Pu_UN_G1_C4_P_D1.0m_Lw_50.0cm_Epw5.0cm_w_water.o,C4,P,1.0,50.0,5.0,water,900,C4_H_900,4.77791e-05,0.0009,1.45655e-05,0.0031,4.79328661749921e-05,0.0008755335452643868,4.721089159392153e-05,0.0008493936856013731,4.058273066390752e-05,0.0008159385259390857,
SR_Pu_UN_G1_C4_P_D2.0m_Lw_100.0cm_Epw5.0cm_w_water.o,C4,P,2.0,100.0,5.0,water,900,C4_H_900,1.4618e-05,0.0015,4.68408e-06,0.0044,1.4666442163307755e-05,0.0014643593603206769,1.4430229193136443e-05,0.0014259203594394068,1.2393801725486651e-05,0.0013678196851331932,
SR_Pu_UN_G1_C4_P_D5.0m_Lw_250.0cm_Epw5.0cm_w_water.o,C4,P,5.0,250.0,5.0,water,900,C4_H_900,2.66084e-06,0.002,8.72497e-07,0.0061,2.6697978166176653e-06,0.0019619777091448133,2.626192264637209e-06,0.0019095898056454741,2.253289847786017e-06,0.0018321043782991233,
SR_Pu_UN_G1_C4_P_D10.0m_Lw_500.0cm_Epw5.0cm_w_water.o,C4,P,10.0,500.0,5.0,water,900,C4_H_900,6.76391e-07,0.0022,2.20021e-07,0.0056,6.786867302788186e-07,0.0021800569020131734,6.678604557560763e-07,0.0021495933725647638,5.730709727566957e-07,0.002087545425611021,
SR_Pu_UN_G1_C4_P_D20.0m_Lw_1000.0cm_Epw5.0cm_w_water.o,C4,P,20.0,1000.0,5.0,water,900,C4_H_900,1.65559e-07,0.0028,5.48421e-08,0.0052,1.6611178939326933e-07,0.002766134246667597,1.6344887079675567e-07,0.002756325624821852,1.4019189498741278e-07,0.0027501343795333405,
SR_Pu_UN_G1_C4_P_D50.0m_Lw_2500.0cm_Epw5.0cm_w_water.o,C4,P,50.0,2500.0,5.0,water,900,C4_H_900,2.38149e-08,0.0239,8.54732e-09,0.0117,2.390128168603755e-08,0.02381550619138644,2.348994662877096e-08,0.024091769652456414,2.008761215754459e-08,0.024511050040907853,
SR_Pu_UN_G1_C4_P_D100.0m_Lw_5000.0cm_Epw5.0cm_w_water.o,C4,P,100.0,5000.0,5.0,water,900,C4_H_900,4.87612e-09,0.0535,2.0017e-09,0.0503,4.899868494837646e-09,0.05348142389280376,4.811238488159169e-09,0.05431674555797911,4.0837875220274736e-09,0.05457943640776508,
SR_Pu_UN_G1_C4_P_D200.0m_Lw_10000.0cm_Epw5.0cm_w_water.o,C4,P,200.0,10000.0,5.0,water,900,C4_H_900,9.50927e-10,0.0967,3.55367e-10,0.0338,9.548219249888e-10,0.09670370406438486,9.38968252162117e-10,0.0978834862763387,8.013069708037004e-10,0.10009794193583355,
SR_Pu_UN_G1_C4_P_D300.0m_Lw_15000.0cm_Epw5.0cm_w_water.o,C4,P,300.0,15000.0,5.0,water,900,C4_H_900,1.72442e-10,0.1108,8.6014e-11,0.0381,1.7365885378624812e-10,0.11087186354568206,1.6959691629872459e-10,0.11366490938344467,1.4279625697661236e-10,0.11791227983529166,
SR_Pu_UN_G1_C4_P_D500.0m_Lw_25000.0cm_Epw5.0cm_w_water.o,C4,P,500.0,25000.0,5.0,water,900,C4_H_900,4.47526e-11,0.2268,1.34022e-11,0.0722,4.504311869240823e-11,0.22575958380054587,4.439482749401307e-11,0.22766688198452714,3.792340887339183e-11,0.23184851954119182,
SR_Pu_UN_G1_C4_P_D700.0m_Lw_35000.0cm_Epw5.0cm_w_water.o,C4,P,700.0,35000.0,5.0,water,900,C4_H_900,9.40774e-12,0.3198,2.71099e-12,0.0818,9.413282565667443e-12,0.317821379842655,9.265309519517046e-12,0.3195990696436473,7.879823784044624e-12,0.3219419968325186,
SR_Pu_UN_G1_C4_P_D1000.0m_Lw_50000.0cm_Epw5.0cm_w_water.o,C4,P,1000.0,50000.0,5.0,water,900,C4_H_900,1.40779e-12,0.1699,3.92104e-13,0.0699,1.4136521983061421e-12,0.1696683778605467,1.3978739732506064e-12,0.1716191022204639,1.2025097919036949e-12,0.17446651843658373,
SR_Pu_UN_G1_C4_P_D1200.0m_Lw_60000.0cm_Epw5.0cm_w_water.o,C4,P,1200.0,60000.0,5.0,water,900,C4_H_900,4.97559e-13,0.3577,1.18766e-13,0.1291,5.007001285274119e-13,0.3579296125749844,4.94165245587394e-13,0.3605394396604024,4.255644883277252e-13,0.3663234018677362,
SR_Pu_UN_G1_C4_P_D1.0m_Lw_50.0cm_Epw10.0cm_w_water.o,C4,P,1.0,50.0,10.0,water,900,C4_H_900,3.73344e-05,0.0011,1.20057e-05,0.0029,3.7474162486457416e-05,0.0010874596986465276,3.6896432515859025e-05,0.001064526424039531,3.1648937773856445e-05,0.0010346436764474792,
SR_Pu_UN_G1_C4_P_D2.0m_Lw_100.0cm_Epw10.0cm_w_water.o,C4,P,2.0,100.0,10.0,water,900,C4_H_900,1.13779e-05,0.0028,3.84481e-06,0.0102,1.1422655639531397e-05,0.002816752803781756,1.1238737424569187e-05,0.0028241004872466657,9.620266807278795e-06,0.002211550851181031,
SR_Pu_UN_G1_C4_P_D5.0m_Lw_250.0cm_Epw10.0cm_w_water.o,C4,P,5.0,250.0,10.0,water,900,C4_H_900,2.03428e-06,0.0026,6.87436e-07,0.007,2.0424411824106503e-06,0.002578999904767395,2.0091641874195028e-06,0.0025472188473430217,1.721389174197188e-06,0.0023857553371191263,
SR_Pu_UN_G1_C4_P_D10.0m_Lw_500.0cm_Epw10.0cm_w_water.o,C4,P,10.0,500.0,10.0,water,900,C4_H_900,5.08313e-07,0.0025,1.682e-07,0.0066,5.103421694143415e-07,0.002544972257713919,5.022939976520973e-07,0.002516342980970617,4.3077389936589054e-07,0.0024072266915695904,
SR_Pu_UN_G1_C4_P_D20.0m_Lw_1000.0cm_Epw10.0cm_w_water.o,C4,P,20.0,1000.0,10.0,water,900,C4_H_900,1.2305e-07,0.0036,4.15926e-08,0.0078,1.235458771963957e-07,0.0035711453715990206,1.2158322272229048e-07,0.003561531649746906,1.0414242426263925e-07,0.0034409976733259435,
SR_Pu_UN_G1_C4_P_D200.0m_Lw_10000.0cm_Epw10.0cm_w_water.o,C4,P,200.0,10000.0,10.0,water,900,C4_H_900,5.84481e-10,0.0949,2.18075e-10,0.0367,5.859276393109815e-10,0.09432957029763021,5.764075361399366e-10,0.09583355621623596,4.91302311819951e-10,0.09808279026739564,
SR_Pu_UN_G1_C4_P_D300.0m_Lw_15000.0cm_Epw10.0cm_w_water.o,C4,P,300.0,15000.0,10.0,water,900,C4_H_900,1.25994e-10,0.1072,5.9507e-11,0.0426,1.2669168842838158e-10,0.10773493932893019,1.2385282790430153e-10,0.10988616865341994,1.0465039338518305e-10,0.11380156894674845,
SR_Pu_UN_G1_C4_P_D500.0m_Lw_25000.0cm_Epw10.0cm_w_water.o,C4,P,500.0,25000.0,10.0,water,900,C4_H_900,2.62326e-11,0.1683,9.30047e-12,0.0622,2.644747671354015e-11,0.1692864245124662,2.6066514970933957e-11,0.17209852423850566,2.2310014753793934e-11,0.17579650394083848,
SR_Pu_UN_G1_C4_P_D700.0m_Lw_35000.0cm_Epw10.0cm_w_water.o,C4,P,700.0,35000.0,10.0,water,900,C4_H_900,5.71788e-12,0.1887,1.96877e-12,0.0537,5.727522916597911e-12,0.18649516742132394,5.632998216302508e-12,0.18809188261810664,4.784676457971642e-12,0.19012796882340105,
SR_Pu_UN_G1_C4_P_D1000.0m_Lw_50000.0cm_Epw10.0cm_w_water.o,C4,P,1000.0,50000.0,10.0,water,900,C4_H_900,1.05096e-12,0.1555,2.87803e-13,0.0638,1.0584057467954374e-12,0.1557360285838777,1.0458529147657797e-12,0.15735975594748286,8.990050698725002e-13,0.15939583050725017,
SR_Pu_UN_G1_C4_P_D1200.0m_Lw_60000.0cm_Epw10.0cm_w_water.o,C4,P,1200.0,60000.0,10.0,water,900,C4_H_900,2.68774e-13,0.1545,8.7999e-14,0.0603,2.7160401548099047e-13,0.15606589979595586,2.6668649474058084e-13,0.15683570333011143,2.26734292303781e-13,0.1563988926718742,
SR_Pu_UN_G1_C4_P_D1.0m_Lw_50.0cm_Epw20.0cm_w_water.o,C4,P,1.0,50.0,20.0,water,900,C4_H_900,2.1678e-05,0.0017,6.82787e-06,0.0044,2.177983089549755e-05,0.0016188888528961766,2.1472693776855962e-05,0.0015901596808262585,1.8414323590380023e-05,0.0015566609336329568,
SR_Pu_UN_G1_C4_P_D2.0m_Lw_100.0cm_Epw20.0cm_w_water.o,C4,P,2.0,100.0,20.0,water,900,C4_H_900,6.52445e-06,0.0035,2.08706e-06,0.0092,6.5551460038306465e-06,0.0034528153823298025,6.460386342128805e-06,0.0034220493375158637,5.538108073081582e-06,0.0032608083574751723,
SR_Pu_UN_G1_C4_P_D5.0m_Lw_250.0cm_Epw20.0cm_w_water.o,C4,P,5.0,250.0,20.0,water,900,C4_H_900,1.1422e-06,0.0045,3.63562e-07,0.0118,1.1479820742106675e-06,0.004523472289557956,1.1312809357322304e-06,0.004487158552561532,9.701316557258217e-07,0.004201781647178161,
SR_Pu_UN_G1_C4_P_D10.0m_Lw_500.0cm_Epw20.0cm_w_water.o,C4,P,10.0,500.0,20.0,water,900,C4_H_900,2.77212e-07,0.0047,8.71607e-08,0.0141,2.785086110316585e-07,0.004718983331126081,2.74681938225428e-07,0.004707462419700505,2.353280412414969e-07,0.004225392727999186,
SR_Pu_UN_G1_C4_P_D20.0m_Lw_1000.0cm_Epw20.0cm_w_water.o,C4,P,20.0,1000.0,20.0,water,900,C4_H_900,6.55945e-08,0.0061,2.07625e-08,0.017,6.590073304291547e-08,0.006071159097872628,6.49826436588482e-08,0.0060735133186073185,5.566788633400221e-08,0.005531540915554734,
SR_Pu_UN_G1_C4_P_D50.0m_Lw_2500.0cm_Epw20.0cm_w_water.o,C4,P,50.0,2500.0,20.0,water,900,C4_H_900,9.424e-09,0.0313,2.98051e-09,0.0225,9.469086295888666e-09,0.031058477479229137,9.334545247489049e-09,0.03126530147308845,8.003189160813802e-09,0.03158372635224108,
SR_Pu_UN_G1_C4_P_D100.0m_Lw_5000.0cm_Epw20.0cm_w_water.o,C4,P,100.0,5000.0,20.0,water,900,C4_H_900,1.8756e-09,0.0674,6.4471e-10,0.0413,1.8825625782886043e-09,0.06714837856848685,1.8538616398382859e-09,0.06779642074965697,1.5850845299318353e-09,0.0690898291125964,
SR_Pu_UN_G1_C4_P_D200.0m_Lw_10000.0cm_Epw20.0cm_w_water.o,C4,P,200.0,10000.0,20.0,water,900,C4_H_900,2.87037e-10,0.1028,1.0205e-10,0.041,2.880447894396385e-10,0.10222098177793143,2.8318805064474534e-10,0.1030628512604722,2.422486113816167e-10,0.10483976182499312,
SR_Pu_UN_G1_C4_P_D300.0m_Lw_15000.0cm_Epw20.0cm_w_water.o,C4,P,300.0,15000.0,20.0,water,900,C4_H_900,8.40033e-11,0.1403,3.10223e-11,0.0497,8.454770075469528e-11,0.14007518787700435,8.306918182800705e-11,0.14178124914431506,7.101730983992747e-11,0.14488261554184179,
SR_Pu_UN_G1_C4_P_D500.0m_Lw_25000.0cm_Epw20.0cm_w_water.o,C4,P,500.0,25000.0,20.0,water,900,C4_H_900,1.4819e-11,0.2134,4.85766e-12,0.0794,1.4974321468311827e-11,0.21586321327193553,1.4802623308463042e-11,0.21964400706608575,1.2673797832983565e-11,0.2240186377142496,
SR_Pu_UN_G1_C4_P_D700.0m_Lw_35000.0cm_Epw20.0cm_w_water.o,C4,P,700.0,35000.0,20.0,water,900,C4_H_900,4.30798e-12,0.281,1.14557e-12,0.1204,4.311525771075113e-12,0.2774716600556523,4.2744477167355025e-12,0.2821269484964343,3.6671489468634175e-12,0.28659865964898207,
SR_Pu_UN_G1_C4_P_D1000.0m_Lw_50000.0cm_Epw20.0cm_w_water.o,C4,P,1000.0,50000.0,20.0,water,900,C4_H_900,6.43011e-13,0.3176,1.51865e-13,0.093,6.429667889014663e-13,0.3147261670788239,6.31911293275655e-13,0.31539708715906734,5.421088785052984e-13,0.31632912181955114,
SR_Pu_UN_G1_C4_P_D1200.0m_Lw_60000.0cm_Epw20.0cm_w_water.o,C4,P,1200.0,60000.0,20.0,water,900,C4_H_900,1.20371e-13,0.214,4.32346e-14,0.0655,1.2126554589815226e-13,0.21558147696635005,1.1898396938914428e-13,0.21692779050842206,1.0131130260336586e-13,0.2203510709315436,
SR_Pu_UN_G1_C4_P_D1.0m_Lw_50.0cm_Epw40.0cm_w_water.o,C4,P,1.0,50.0,40.0,water,900,C4_H_900,6.66571e-06,0.0018,1.86779e-06,0.0039,6.694711736099807e-06,0.0016070203503140985,6.613734387555634e-06,0.001578653178379628,5.6844900295355515e-06,0.001550140502170486,
SR_Pu_UN_G1_C4_P_D2.0m_Lw_100.0cm_Epw40.0cm_w_water.o,C4,P,2.0,100.0,40.0,water,900,C4_H_900,1.96192e-06,0.0039,5.44315e-07,0.0078,1.9698208074420745e-06,0.0036972496457284582,1.9458890013251112e-06,0.003673167186126143,1.673140178892197e-06,0.0036309670999484013,
SR_Pu_UN_G1_C4_P_D5.0m_Lw_250.0cm_Epw40.0cm_w_water.o,C4,P,5.0,250.0,40.0,water,900,C4_H_900,3.31249e-07,0.0063,8.87943e-08,0.0193,3.325406652827068e-07,0.006300573296026684,3.286739424962676e-07,0.006291525350175806,2.8286615863175696e-07,0.005950371445476687,
SR_Pu_UN_G1_C4_P_D10.0m_Lw_500.0cm_Epw40.0cm_w_water.o,C4,P,10.0,500.0,40.0,water,900,C4_H_900,7.91463e-08,0.0063,2.08708e-08,0.0156,7.946746177261586e-08,0.006253163841900518,7.85517990583871e-08,0.006253791582459679,6.76106399763246e-08,0.006005106469343865,
SR_Pu_UN_G1_C4_P_D20.0m_Lw_1000.0cm_Epw40.0cm_w_water.o,C4,P,20.0,1000.0,40.0,water,900,C4_H_900,1.82301e-08,0.0074,4.74048e-09,0.0142,1.8296249407099033e-08,0.0073998435902329915,1.8084457545894753e-08,0.00740294039344476,1.5574864066266996e-08,0.007334381652469978,
SR_Pu_UN_G1_C4_P_D50.0m_Lw_2500.0cm_Epw40.0cm_w_water.o,C4,P,50.0,2500.0,40.0,water,900,C4_H_900,2.50363e-09,0.0301,6.84247e-10,0.0207,2.513655790143677e-09,0.03013238132463047,2.4813723996029463e-09,0.030225548598442186,2.1366204020608028e-09,0.03041804464301164,
SR_Pu_UN_G1_C4_P_D100.0m_Lw_5000.0cm_Epw40.0cm_w_water.o,C4,P,100.0,5000.0,40.0,water,900,C4_H_900,5.54261e-10,0.1155,1.51668e-10,0.045,5.561231648648856e-10,0.11430530566697597,5.48333694479269e-10,0.11457548580434834,4.711126407205268e-10,0.11525918297854829,
SR_Pu_UN_G1_C4_P_D200.0m_Lw_10000.0cm_Epw40.0cm_w_water.o,C4,P,200.0,10000.0,40.0,water,900,C4_H_900,9.17188e-11,0.1369,2.72513e-11,0.0715,9.221653137264288e-11,0.13660320338195822,9.117068029574951e-11,0.13846665772183112,7.829976509733228e-11,0.14088916821614925,
SR_Pu_UN_G1_C4_P_D300.0m_Lw_15000.0cm_Epw40.0cm_w_water.o,C4,P,300.0,15000.0,40.0,water,900,C4_H_900,2.179e-11,0.1179,7.37018e-12,0.0638,2.1816998338718713e-11,0.11794290167660774,2.1487648059121145e-11,0.11930108097163834,1.8370358244019412e-11,0.12126619368711596,
SR_Pu_UN_G1_C4_P_D500.0m_Lw_25000.0cm_Epw40.0cm_w_water.o,C4,P,500.0,25000.0,40.0,water,900,C4_H_900,5.19037e-12,0.2001,1.43368e-12,0.0937,5.1981779683012705e-12,0.20014600612104325,5.1334597857603124e-12,0.2019144498136017,4.413936872586079e-12,0.20543274415155233,
SR_Pu_UN_G1_C4_P_D700.0m_Lw_35000.0cm_Epw40.0cm_w_water.o,C4,P,700.0,35000.0,40.0,water,900,C4_H_900,1.42859e-12,0.2155,3.42578e-13,0.0914,1.4326594854897924e-12,0.21360476663731992,1.4144458715347618e-12,0.21562511049225677,1.2158229540960627e-12,0.2194151944683905,
SR_Pu_UN_G1_C4_P_D1.0m_Lw_50.0cm_Epw1.0cm_w_water.o,C4,P,1.0,50.0,1.0,water,900,C4_H_900,5.68506e-05,0.0015,1.52981e-05,0.006,5.701896972296319e-05,0.0015322500339445492,5.626647349776467e-05,0.0014725195270536878,4.850683461146493e-05,0.001438138241127906,
SR_Pu_UN_G1_C4_P_D50.0m_Lw_2500.0cm_Epw10.0cm_w_water.o,C4,P,50.0,2500.0,10.0,water,900,C4_H_900,1.77198e-08,0.0268,6.05653e-09,0.0164,1.779474184094819e-08,0.026632749436332426,1.751346999917859e-08,0.026905030971481975,1.500365154197495e-08,0.02729923983447381,
SR_Pu_UN_G1_C4_P_D100.0m_Lw_5000.0cm_Epw10.0cm_w_water.o,C4,P,100.0,5000.0,10.0,water,900,C4_H_900,3.68519e-09,0.058,1.35511e-09,0.0268,3.6996368297002037e-09,0.05785054006005559,3.6387099853387747e-09,0.05851632283207226,3.1057959939181592e-09,0.05945964225227197,
SR_Pu_UN_G1_C4_P_D1000.0m_Lw_50000.0cm_Epw40.0cm_w_water.o,C4,P,1000.0,50000.0,40.0,water,900,C4_H_900,2.23417e-13,0.1924,5.0986e-14,0.0874,2.2530632860507096e-13,0.19392954797238174,2.2237588433253955e-13,0.19573349065173973,1.9060396137017416e-13,0.19695476369868495,
SR_Pu_UN_G1_C4_P_D1200.0m_Lw_60000.0cm_Epw40.0cm_w_water.o,C4,P,1200.0,60000.0,40.0,water,900,C4_H_900,1.16469e-13,0.4012,1.98987e-14,0.153,1.1748787587388807e-13,0.3987477886444547,1.1552581324764005e-13,0.3993363959940702,9.786784982557067e-14,0.39953455237551966,
SR_Pu_UN_G1_C4_N_D2.0m_Lw_100.0cm_Epw10.0cm_w_concrete.o,C4,N,2.0,100.0,10.0,concrete,900,C4_H_900,9.99237e-06,0.0183,6.35391e-07,0.0262,9.56438795005041e-06,0.01823786712565646,0.00010386244729041231,0.019847802971337262,9.034898406734479e-05,0.01987112495048152,-4.283088496018374
SR_Pu_UN_G1_C4_N_D5.0m_Lw_250.0cm_Epw10.0cm_w_concrete.o,C4,N,5.0,250.0,10.0,concrete,900,C4_H_900,1.93592e-06,0.0242,1.49033e-07,0.0474,1.8514180327585908e-06,0.02386585601939079,1.9914202994859145e-05,0.026701007229810662,1.68145844077776e-05,0.0250314459183079,-4.364951405089533
SR_Pu_UN_G1_C4_N_D10.0m_Lw_500.0cm_Epw10.0cm_w_concrete.o,C4,N,10.0,500.0,10.0,concrete,900,C4_H_900,4.67694e-07,0.0207,3.76447e-08,0.0366,4.479912534967886e-07,0.020550987938040506,4.7293288301682076e-06,0.02349768879980492,3.997629559468272e-06,0.021794551466035095,-4.212743054905852
SR_Pu_UN_G1_C4_N_D20.0m_Lw_1000.0cm_Epw10.0cm_w_concrete.o,C4,N,20.0,1000.0,10.0,concrete,900,C4_H_900,1.17265e-07,0.0171,1.0067e-08,0.0241,1.1234874333168953e-07,0.01706072065234701,1.1889621689634857e-06,0.019118969529603187,9.896294420925154e-07,0.01905370631454814,-4.192433094538412
SR_Pu_UN_G1_C4_N_D50.0m_Lw_2500.0cm_Epw10.0cm_w_concrete.o,C4,N,50.0,2500.0,10.0,concrete,900,C4_H_900,1.81376e-08,0.0285,1.76927e-09,0.0237,1.7377861807561388e-08,0.028415282286500174,1.8405926294111294e-07,0.03074498587705173,1.4676471063351946e-07,0.03415673887761615,-4.18874709133851
SR_Pu_UN_G1_C4_N_D100.0m_Lw_5000.0cm_Epw10.0cm_w_concrete.o,C4,N,100.0,5000.0,10.0,concrete,900,C4_H_900,4.02587e-09,0.0423,4.00673e-10,0.0278,3.8662424577506195e-09,0.042251719642276246,4.0600362075418565e-08,0.046074389615805754,3.216493973639062e-08,0.0522494164075423,-3.9650446300894058
SR_Pu_UN_G1_C4_N_D200.0m_Lw_10000.0cm_Epw10.0cm_w_concrete.o,C4,N,200.0,10000.0,10.0,concrete,900,C4_H_900,7.82399e-10,0.1079,7.31177e-11,0.0539,7.48818630276438e-10,0.10788438709727217,7.954262262102646e-09,0.09768017766410318,6.317611886232569e-09,0.12674703936988468,-4.291975031098202
SR_Pu_UN_G1_C4_N_D300.0m_Lw_15000.0cm_Epw10.0cm_w_concrete.o,C4,N,300.0,15000.0,10.0,concrete,900,C4_H_900,2.17764e-10,0.1405,1.92507e-11,0.0626,2.0949633386162648e-10,0.14131443690985454,2.3009312152040195e-09,0.14979224753210815,1.8270387511570412e-09,0.1809558473759577,-3.7966175026053484
SR_Pu_UN_G1_C4_N_D500.0m_Lw_25000.0cm_Epw10.0cm_w_concrete.o,C4,N,500.0,25000.0,10.0,concrete,900,C4_H_900,4.10136e-11,0.2676,3.1683e-12,0.0799,3.9161464142701466e-11,0.26266018095454946,4.239522315451956e-10,0.19724360554270357,3.3529017256506797e-10,0.27518239146619156,-4.515906570743689
SR_Pu_UN_G1_C4_N_D700.0m_Lw_35000.0cm_Epw10.0cm_w_concrete.o,C4,N,700.0,35000.0,10.0,concrete,900,C4_H_900,7.25575e-12,0.1509,6.48889e-13,0.0611,6.9864983818018234e-12,0.15283685866096625,8.25182846588474e-11,0.1693510281933051,6.15503038309846e-11,0.19582752046516946,-3.710872317791774
SR_Pu_UN_G1_C4_N_D1000.0m_Lw_50000.0cm_Epw10.0cm_w_concrete.o,C4,N,1000.0,50000.0,10.0,concrete,900,C4_H_900,5.81177e-13,0.0588,6.36735e-14,0.0359,5.575631870879007e-13,0.05891054689288692,6.293927473855579e-12,0.06817167419799311,4.390124337795121e-12,0.07848241431761312,-4.063101759377838
SR_Pu_UN_G1_C4_N_D1200.0m_Lw_60000.0cm_Epw10.0cm_w_concrete.o,C4,N,1200.0,60000.0,10.0,concrete,900,C4_H_900,1.68318e-13,0.0792,1.71875e-14,0.0358,1.6207788711933995e-13,0.07972214107562715,1.752590921034873e-12,0.08006582641755759,1.325871544377014e-12,0.10507674653034646,-3.707335448769616
SR_Pu_UN_G1_C4_N_D1.0m_Lw_50.0cm_Epw40.0cm_w_concrete.o,C4,N,1.0,50.0,40.0,concrete,900,C4_H_900,3.11303e-06,0.0312,3.00014e-07,0.0473,2.99091115399082e-06,0.031390643250022825,2.9989471947538667e-05,0.036823107127944885,2.5886134488910682e-05,0.038806317417856714,-3.9228290767895
SR_Pu_UN_G1_C4_N_D2.0m_Lw_100.0cm_Epw40.0cm_w_concrete.o,C4,N,2.0,100.0,40.0,concrete,900,C4_H_900,8.61549e-07,0.0152,8.21042e-08,0.0297,8.272527048067104e-07,0.01382094694226928,8.288122777109578e-06,0.014864029435403216,7.1067517868784575e-06,0.014935433356511173,-3.980771284429507
SR_Pu_UN_G1_C4_N_D5.0m_Lw_250.0cm_Epw40.0cm_w_concrete.o,C4,N,5.0,250.0,40.0,concrete,900,C4_H_900,1.40772e-07,0.0228,1.32672e-08,0.0357,1.3501153245907988e-07,0.022173018709852905,1.3675357266128387e-06,0.025068979871580434,1.1703777249376006e-06,0.02522361727818399,-4.092054912141712
SR_Pu_UN_G1_C4_N_D10.0m_Lw_500.0cm_Epw40.0cm_w_concrete.o,C4,N,10.0,500.0,40.0,concrete,900,C4_H_900,3.28209e-08,0.0239,3.45632e-09,0.0535,3.145901856675609e-08,0.02067874012612111,3.068277209903116e-07,0.021753718708134324,2.6192644775699974e-07,0.02233162528659833,-4.149433541566238
SR_Pu_UN_G1_C4_N_D20.0m_Lw_1000.0cm_Epw40.0cm_w_concrete.o,C4,N,20.0,1000.0,40.0,concrete,900,C4_H_900,7.74724e-09,0.0188,8.63732e-10,0.0352,7.429647412848354e-09,0.017257251629334062,7.233438603267884e-08,0.018785860007124122,6.056669524473042e-08,0.019474407597399407,-4.099428792081384
SR_Pu_UN_G1_C4_N_D50.0m_Lw_2500.0cm_Epw40.0cm_w_concrete.o,C4,N,50.0,2500.0,40.0,concrete,900,C4_H_900,1.09924e-09,0.025,1.21604e-10,0.0271,1.0541115021537548e-09,0.024777387430789926,1.045384634070308e-08,0.027199215534611947,8.629480205134553e-09,0.030096565847378277,-4.105427190262835
SR_Pu_UN_G1_C4_N_D100.0m_Lw_5000.0cm_Epw40.0cm_w_concrete.o,C4,N,100.0,5000.0,40.0,concrete,900,C4_H_900,2.23184e-10,0.0415,2.26618e-11,0.0297,2.140538423261732e-10,0.040946622682056164,2.1328026483675594e-09,0.04439242507171355,1.787142667117449e-09,0.050428147685427534,-4.09086568653076
SR_Pu_UN_G1_C4_N_D200.0m_Lw_10000.0cm_Epw40.0cm_w_concrete.o,C4,N,200.0,10000.0,40.0,concrete,900,C4_H_900,3.44548e-11,0.0893,3.20116e-12,0.0671,3.280160247178257e-11,0.08899313235148887,3.5815059667508697e-10,0.09973164655715583,2.799972083354244e-10,0.10773329455492049,-4.798163182538943
SR_Pu_UN_G1_C4_N_D300.0m_Lw_15000.0cm_Epw40.0cm_w_concrete.o,C4,N,300.0,15000.0,40.0,concrete,900,C4_H_900,9.34061e-12,0.1128,7.51315e-13,0.07,8.973185120236173e-12,0.11313018604446984,1.0131986101043951e-10,0.11553198420228532,8.046667278306035e-11,0.12956216090266914,-3.9336283151081877
SR_Pu_UN_G1_C4_N_D500.0m_Lw_25000.0cm_Epw40.0cm_w_concrete.o,C4,N,500.0,25000.0,40.0,concrete,900,C4_H_900,1.96322e-12,0.1623,1.33729e-13,0.0778,1.8858935231272063e-12,0.16410190512794962,2.0442810363857806e-11,0.15738924917243433,1.7478588679502536e-11,0.191301340912427,-3.938757595826951
SR_Pu_UN_G1_C4_N_D700.0m_Lw_35000.0cm_Epw40.0cm_w_concrete.o,C4,N,700.0,35000.0,40.0,concrete,900,C4_H_900,2.83439e-13,0.1013,2.33469e-14,0.0519,2.7192023598914633e-13,0.1026006985117887,3.0299685490130296e-12,0.09946595955064357,2.39833071947078e-12,0.12526519996152294,-4.063930514450604
SR_Pu_UN_G1_C4_N_D1000.0m_Lw_50000.0cm_Epw40.0cm_w_concrete.o,C4,N,1000.0,50000.0,40.0,concrete,900,C4_H_900,3.82199e-14,0.1404,2.92343e-15,0.0548,3.6580502495701505e-14,0.1426031897231529,4.047464206266933e-13,0.11331677889993606,3.241548941564447e-13,0.15445498747768166,-4.28938198241883
SR_Pu_UN_G1_C4_N_D1200.0m_Lw_60000.0cm_Epw40.0cm_w_concrete.o,C4,N,1200.0,60000.0,40.0,concrete,900,C4_H_900,8.90066e-15,0.0744,7.78448e-16,0.0413,8.545683133364031e-15,0.07394680119362039,9.851857825812643e-14,0.08022700995448326,7.399477932287177e-14,0.09032124963146851,-3.9882083647276585
SR_Pu_UN_G1_C4_N_D10.0m_Lw_500.0cm_Epw5.0cm_w_concrete.o,C4,N,10.0,500.0,5.0,concrete,900,C4_H_900,6.66978e-07,0.0189,4.66122e-08,0.0316,6.380534565511489e-07,0.01875874684358393,6.933560340604468e-06,0.02110026652641808,5.885331090075861e-06,0.019848797810445396,-4.336656298836102
SR_Pu_UN_G1_C4_N_D20.0m_Lw_1000.0cm_Epw5.0cm_w_concrete.o,C4,N,20.0,1000.0,5.0,concrete,900,C4_H_900,1.68075e-07,0.0149,1.31083e-08,0.0213,1.6069752745117703e-07,0.014877416403493106,1.7320541082205452e-06,0.015931818067874443,1.4474340037612172e-06,0.016384509478660103,-4.389393157116152
SR_Pu_UN_G1_C4_N_D50.0m_Lw_2500.0cm_Epw5.0cm_w_concrete.o,C4,N,50.0,2500.0,5.0,concrete,900,C4_H_900,2.68819e-08,0.0318,2.47345e-09,0.0209,2.574791808090009e-08,0.03186831839736382,2.6994256261417297e-07,0.03097861612266688,2.189120956732018e-07,0.0375959164075775,-4.2183845602428
SR_Pu_UN_G1_C4_N_D100.0m_Lw_5000.0cm_Epw5.0cm_w_concrete.o,C4,N,100.0,5000.0,5.0,concrete,900,C4_H_900,6.33773e-09,0.0458,6.18262e-10,0.0252,6.062004925833704e-09,0.045677901590348166,6.38575754134124e-08,0.047142460431752055,5.0178368169222094e-08,0.05567425752713067,-4.350533616394137
SR_Pu_UN_G1_C4_N_D200.0m_Lw_10000.0cm_Epw5.0cm_w_concrete.o,C4,N,200.0,10000.0,5.0,concrete,900,C4_H_900,1.33013e-09,0.11,1.13835e-10,0.0435,1.270851592939468e-09,0.10939572930577385,1.4032532887483492e-08,0.09280555645674797,1.0961134457393698e-08,0.125583910261111,-4.456587480962912
SR_Pu_UN_G1_C4_N_D1200.0m_Lw_60000.0cm_Epw5.0cm_w_concrete.o,C4,N,1200.0,60000.0,5.0,concrete,900,C4_H_900,3.02755e-13,0.0815,3.19028e-14,0.033,2.907658792904216e-13,0.0821385235407863,3.314782405649104e-12,0.09978954555435349,2.360628627356991e-12,0.11088149755448036,-3.960007500975518
SR_Pu_UN_G1_C4_N_D2.0m_Lw_100.0cm_Epw5.0cm_w_concrete.o,C4,N,2.0,100.0,5.0,concrete,900,C4_H_900,1.45244e-05,0.0193,8.52889e-07,0.0251,1.3895387058675282e-05,0.019107962910705704,0.0001547317418301663,0.02168724652960621,0.00013326199984833336,0.020736408345105904,-4.330732707201106
SR_Pu_UN_G1_C4_N_D300.0m_Lw_15000.0cm_Epw5.0cm_w_concrete.o,C4,N,300.0,15000.0,5.0,concrete,900,C4_H_900,3.16691e-10,0.0814,3.26349e-11,0.0415,3.0309698505321106e-10,0.08066160180759463,3.4237234710269544e-09,0.07865925466787373,2.4679469590364682e-09,0.09699421942993408,-4.2925169792602
SR_Pu_UN_G1_C4_N_D5.0m_Lw_250.0cm_Epw5.0cm_w_concrete.o,C4,N,5.0,250.0,5.0,concrete,900,C4_H_900,2.73586e-06,0.0255,1.77345e-07,0.0412,2.61149018670814e-06,0.02506676876511767,2.9314422937345503e-05,0.030524404753268487,2.4633181076776572e-05,0.027236410392495174,-4.545912922878369
SR_Pu_UN_G1_C4_N_D1.0m_Lw_50.0cm_Epw5.0cm_w_concrete.o,C4,N,1.0,50.0,5.0,concrete,900,C4_H_900,4.49935e-05,0.0127,2.57513e-06,0.0251,4.298187869594389e-05,0.012497523244242815,0.0004783709754071372,0.014133580421909502,0.0004138638161238121,0.013020020671210261,-4.470915363454974
SR_Pu_UN_G1_C4_N_D1.0m_Lw_50.0cm_Epw1.0cm_w_concrete.o,C4,N,1.0,50.0,1.0,concrete,900,C4_H_900,5.33845e-05,0.0084,2.78132e-06,0.017,5.0914104932056954e-05,0.008135263433173856,0.0005721902075785289,0.010293255997959504,0.0004970741672067557,0.008282154060275718,-4.627551195465055
SR_Pu_UN_G1_C4_N_D2.0m_Lw_100.0cm_Epw1.0cm_w_concrete.o,C4,N,2.0,100.0,1.0,concrete,900,C4_H_900,1.8003e-05,0.0163,1.03697e-06,0.0329,1.7171557399827638e-05,0.016181690732540614,0.0001923582328675157,0.018284137072147932,0.00016514461211028186,0.01683688611382993,-4.6183558305413674
SR_Pu_UN_G1_C4_N_D5.0m_Lw_250.0cm_Epw1.0cm_w_concrete.o,C4,N,5.0,250.0,1.0,concrete,900,C4_H_900,3.70776e-06,0.0637,2.39845e-07,0.11,3.528496852067091e-06,0.06247548651385182,3.963107629434658e-05,0.07767957592038674,3.329026669695022e-05,0.06802711487003517,-4.834809910374698
SR_Pu_UN_G1_C4_N_D10.0m_Lw_500.0cm_Epw1.0cm_w_concrete.o,C4,N,10.0,500.0,1.0,concrete,900,C4_H_900,8.49344e-07,0.026,5.93131e-08,0.0758,8.106752499784823e-07,0.02596517643716684,8.797663013471736e-06,0.0250070385053032,7.476917149430742e-06,0.022261901522767982,-4.552778382082841
SR_Pu_UN_G1_C4_N_D20.0m_Lw_1000.0cm_Epw1.0cm_w_concrete.o,C4,N,20.0,1000.0,1.0,concrete,900,C4_H_900,2.21641e-07,0.0206,1.64832e-08,0.0267,2.1170624536545434e-07,0.020492182751368153,2.302509877903985e-06,0.022028657649656128,1.9265040683960608e-06,0.022733008822073818,-4.482363206512176
SR_Pu_UN_G1_C4_N_D50.0m_Lw_2500.0cm_Epw1.0cm_w_concrete.o,C4,N,50.0,2500.0,1.0,concrete,900,C4_H_900,3.71088e-08,0.036,3.14843e-09,0.0227,3.548625049033976e-08,0.03607612542706998,3.805163021177822e-07,0.03624767016937379,3.1012913270721884e-07,0.042371040050494586,-4.3724116911897974
SR_Pu_UN_G1_C4_N_D100.0m_Lw_5000.0cm_Epw1.0cm_w_concrete.o,C4,N,100.0,5000.0,1.0,concrete,900,C4_H_900,9.04475e-09,0.052,7.974e-10,0.0238,8.674206629877378e-09,0.0519600735385197,9.265453731982253e-08,0.05416375439855843,7.490917162229656e-08,0.06410647418497711,-4.0967784639998035
SR_Pu_UN_G1_C4_N_D200.0m_Lw_10000.0cm_Epw1.0cm_w_concrete.o,C4,N,200.0,10000.0,1.0,concrete,900,C4_H_900,1.81667e-09,0.0937,1.62187e-10,0.0391,1.733130246605139e-09,0.09369336222143816,1.9209944003257265e-08,0.09149745190828422,1.4843918477528314e-08,0.11610074966562756,-4.598510097863736
SR_Pu_UN_G1_C4_N_D300.0m_Lw_15000.0cm_Epw1.0cm_w_concrete.o,C4,N,300.0,15000.0,1.0,concrete,900,C4_H_900,5.84747e-10,0.1224,5.23087e-11,0.045,5.605829935713568e-10,0.12271557787098211,6.205894457771084e-09,0.11626657574215346,4.768491348800707e-09,0.15102216670812474,-4.132386558399322
SR_Pu_UN_G1_C4_N_D500.0m_Lw_25000.0cm_Epw1.0cm_w_concrete.o,C4,N,500.0,25000.0,1.0,concrete,900,C4_H_900,9.47523e-11,0.1463,8.28306e-12,0.0503,9.083259510997449e-11,0.1464342238833997,1.0130059080306978e-09,0.14188739536382802,7.834730781178267e-10,0.18380836699661426,-4.136791286359816
SR_Pu_UN_G1_C4_N_D700.0m_Lw_35000.0cm_Epw1.0cm_w_concrete.o,C4,N,700.0,35000.0,1.0,concrete,900,C4_H_900,2.22571e-11,0.1965,1.84418e-12,0.0713,2.1316697331846328e-11,0.1965235999529433,2.3487422805218266e-10,0.22639039155102408,1.824667202666069e-10,0.24154963381240938,-4.225180585762167
SR_Pu_UN_G1_C4_N_D1000.0m_Lw_50000.0cm_Epw1.0cm_w_concrete.o,C4,N,1000.0,50000.0,1.0,concrete,900,C4_H_900,1.64437e-12,0.0369,1.95907e-13,0.0213,1.5756209594159563e-12,0.03661342749201231,1.7260839597348428e-11,0.04455003064228439,1.19034201427323e-11,0.049584077481619054,-4.180874169684663
SR_Pu_UN_G1_C4_N_D1200.0m_Lw_60000.0cm_Epw1.0cm_w_concrete.o,C4,N,1200.0,60000.0,1.0,concrete,900,C4_H_900,4.49943e-13,0.0548,5.05189e-14,0.0213,4.319196679627149e-13,0.05515130750333212,4.707708174230701e-12,0.05358270997666554,3.3614785511403815e-12,0.07177724969579403,-4.005692284863886
SR_Pu_UN_G1_C4_N_D1.0m_Lw_50.0cm_Epw20.0cm_w_concrete.o,C4,N,1.0,50.0,20.0,concrete,900,C4_H_900,1.50227e-05,0.0086,1.14718e-06,0.0156,1.4400778563420993e-05,0.00798648508260163,0.00015093791567362476,0.008777985070952787,0.00013125680195169942,0.00879770691829198,-4.139877895311805
SR_Pu_UN_G1_C4_N_D2.0m_Lw_100.0cm_Epw20.0cm_w_concrete.o,C4,N,2.0,100.0,20.0,concrete,900,C4_H_900,4.67832e-06,0.0173,3.71458e-07,0.0269,4.483958365544817e-06,0.017043528842740338,4.644797215922344e-05,0.017628663024450323,4.0562430283691634e-05,0.019058868504257493,-4.154517742591002
SR_Pu_UN_G1_C4_N_D5.0m_Lw_250.0cm_Epw20.0cm_w_concrete.o,C4,N,5.0,250.0,20.0,concrete,900,C4_H_900,8.27365e-07,0.0264,6.79293e-08,0.0389,7.933364047749229e-07,0.026289086096283297,8.401321094755912e-06,0.031033556268440357,7.1021980132128135e-06,0.029043301587188316,-4.112887930366534
SR_Pu_UN_G1_C4_N_D10.0m_Lw_500.0cm_Epw20.0cm_w_concrete.o,C4,N,10.0,500.0,20.0,concrete,900,C4_H_900,1.963e-07,0.0265,1.79263e-08,0.0396,1.8872914499581737e-07,0.02643057331805818,1.9264194766822116e-06,0.030136061584823196,1.6434808064371089e-06,0.029757546762280478,-3.8567778931139247
SR_Pu_UN_G1_C4_N_D20.0m_Lw_1000.0cm_Epw20.0cm_w_concrete.o,C4,N,20.0,1000.0,20.0,concrete,900,C4_H_900,4.87188e-08,0.0209,4.83657e-09,0.0306,4.668095920802668e-08,0.02073613188859666,4.733022040400011e-07,0.023432350564806338,3.96054697458371e-07,0.02355228766876019,-4.182863272439621
SR_Pu_UN_G1_C4_N_D50.0m_Lw_2500.0cm_Epw20.0cm_w_concrete.o,C4,N,50.0,2500.0,20.0,concrete,900,C4_H_900,7.40447e-09,0.0346,8.00063e-10,0.0344,7.096824946686986e-09,0.0345123334799105,7.123350527253655e-08,0.038179525365356536,5.8311952801690914e-08,0.042413525207790445,-4.154855827804196
SR_Pu_UN_G1_C4_N_D100.0m_Lw_5000.0cm_Epw20.0cm_w_concrete.o,C4,N,100.0,5000.0,20.0,concrete,900,C4_H_900,1.52265e-09,0.0611,1.71089e-10,0.0483,1.463236267801597e-09,0.060802952665956145,1.447279405911343e-08,0.06496060171937762,1.1865737855687333e-08,0.07703043084402837,-3.901995350106909
SR_Pu_UN_G1_C4_N_D200.0m_Lw_10000.0cm_Epw20.0cm_w_concrete.o,C4,N,200.0,10000.0,20.0,concrete,900,C4_H_900,2.96891e-10,0.1155,2.23887e-11,0.0694,2.8654748061039886e-10,0.11571433094246722,3.0682738143571003e-09,0.11470848271205905,2.6164784583950407e-09,0.13280850238154376,-3.4839450807202463
SR_Pu_UN_G1_C4_N_D300.0m_Lw_15000.0cm_Epw20.0cm_w_concrete.o,C4,N,300.0,15000.0,20.0,concrete,900,C4_H_900,6.69639e-11,0.1243,6.6895e-12,0.0831,6.375970213711914e-11,0.12344544732149054,7.238619774345504e-10,0.1499194092963068,5.340219233200766e-10,0.1528432822930148,-4.78496303662251
SR_Pu_UN_G1_C4_N_D500.0m_Lw_25000.0cm_Epw20.0cm_w_concrete.o,C4,N,500.0,25000.0,20.0,concrete,900,C4_H_900,8.39249e-12,0.1126,8.27991e-13,0.0817,8.055014814119943e-12,0.11158703975962854,9.255054276348189e-11,0.12234866826519061,6.669733883439496e-11,0.140608066010839,-4.021156842368093
SR_Pu_UN_G1_C4_N_D700.0m_Lw_35000.0cm_Epw20.0cm_w_concrete.o,C4,N,700.0,35000.0,20.0,concrete,900,C4_H_900,2.19007e-12,0.1151,1.76477e-13,0.0656,2.0983542446842743e-12,0.11596172353304782,2.4596350981035968e-11,0.12212449707095814,1.8571412051986164e-11,0.13705833506961354,-4.187800176054914
SR_Pu_UN_G1_C4_N_D1.0m_Lw_50.0cm_Epw10.0cm_w_concrete.o,C4,N,1.0,50.0,10.0,concrete,900,C4_H_900,3.18988e-05,0.0112,1.95905e-06,0.0163,3.0539428992508265e-05,0.010456171915309042,0.0003338710826147769,0.011071353350199709,0.0002908934708401913,0.011687013309067008,-4.261511428303683
SR_Pu_UN_G1_C4_N_D500.0m_Lw_25000.0cm_Epw5.0cm_w_concrete.o,C4,N,500.0,25000.0,5.0,concrete,900,C4_H_900,6.35812e-11,0.1296,5.48162e-12,0.0505,6.097836666560079e-11,0.12904254380287988,6.79453633484702e-10,0.12641974265865266,5.300836974492963e-10,0.15838732996870536,-4.0937153347203425
SR_Pu_UN_G1_C4_N_D1000.0m_Lw_50000.0cm_Epw5.0cm_w_concrete.o,C4,N,1000.0,50000.0,5.0,concrete,900,C4_H_900,1.02769e-12,0.0479,1.17784e-13,0.0275,9.881152452722958e-13,0.04858804646146079,1.0729517812970104e-11,0.0473276002589963,7.534538199280655e-12,0.06103765884216508,-3.850845559235203
SR_Pu_UN_G1_C4_N_D1000.0m_Lw_50000.0cm_Epw20.0cm_w_concrete.o,C4,N,1000.0,50000.0,20.0,concrete,900,C4_H_900,2.26272e-13,0.1338,2.19836e-14,0.0633,2.1518301979666186e-13,0.13127022331143476,2.426294721641003e-12,0.13288016343277578,1.738810166797368e-12,0.15820535054621598,-4.90073018461769
SR_Pu_UN_G1_C4_N_D1200.0m_Lw_60000.0cm_Epw20.0cm_w_concrete.o,C4,N,1200.0,60000.0,20.0,concrete,900,C4_H_900,5.9091e-14,0.1008,5.77056e-15,0.0506,5.640670785110643e-14,0.10047510256977278,6.511706340579738e-13,0.10435405846249182,4.68761769645897e-13,0.12414088837182016,-4.542641263294866
SR_Pu_UN_G1_C4_N_D700.0m_Lw_35000.0cm_Epw5.0cm_w_concrete.o,C4,N,700.0,35000.0,5.0,concrete,900,C4_H_900,9.60238e-12,0.0596,1.06066e-12,0.0301,9.212972459795245e-12,0.058844730169752876,1.0219583868509902e-10,0.061031752948215966,7.283859822022235e-11,0.07981794287192003,-4.055323161599054
SR_Pu_UN_G1_C4_P_D2.0m_Lw_100.0cm_Epw10.0cm_w_concrete.o,C4,P,2.0,100.0,10.0,concrete,900,C4_H_900,9.62008e-06,0.0024,2.78567e-06,0.0062,9.645933013991535e-06,0.0023382718109311662,9.499916857140889e-06,0.0022834195996586258,8.178831554500776e-06,0.0022366472745672917,
SR_Pu_UN_G1_C4_P_D5.0m_Lw_250.0cm_Epw10.0cm_w_concrete.o,C4,P,5.0,250.0,10.0,concrete,900,C4_H_900,1.72864e-06,0.0029,5.08165e-07,0.0074,1.733119562932295e-06,0.0028377528728058396,1.7065169436108232e-06,0.0027799357583733406,1.4689140258032695e-06,0.0027335922050261397,
SR_Pu_UN_G1_C4_P_D10.0m_Lw_500.0cm_Epw10.0cm_w_concrete.o,C4,P,10.0,500.0,10.0,concrete,900,C4_H_900,4.31629e-07,0.0027,1.23126e-07,0.0066,4.32927308108571e-07,0.002709640660273967,4.2656636888641616e-07,0.0026703076925143395,3.6743685491056527e-07,0.002638808867782499,
SR_Pu_UN_G1_C4_P_D20.0m_Lw_1000.0cm_Epw10.0cm_w_concrete.o,C4,P,20.0,1000.0,10.0,concrete,900,C4_H_900,1.03857e-07,0.0038,2.99964e-08,0.0077,1.0419105262820688e-07,0.0037982670259571285,1.0263493384466942e-07,0.003774325859413825,8.83644783075866e-08,0.0037456896047093377,
SR_Pu_UN_G1_C4_P_D50.0m_Lw_2500.0cm_Epw10.0cm_w_concrete.o,C4,P,50.0,2500.0,10.0,concrete,900,C4_H_900,1.50381e-08,0.0302,4.57864e-09,0.0218,1.508559946478755e-08,0.03008922883548691,1.4844928493800273e-08,0.03033790486807972,1.275131199772153e-08,0.03060810635703623,
SR_Pu_UN_G1_C4_P_D100.0m_Lw_5000.0cm_Epw10.0cm_w_concrete.o,C4,P,100.0,5000.0,10.0,concrete,900,C4_H_900,3.38755e-09,0.0613,1.08317e-09,0.0325,3.397681637572497e-09,0.06110216913778132,3.3407275441196313e-09,0.061792830952708336,2.869513732616114e-09,0.06277459517678297,
SR_Pu_UN_G1_C4_P_D200.0m_Lw_10000.0cm_Epw10.0cm_w_concrete.o,C4,P,200.0,10000.0,10.0,concrete,900,C4_H_900,5.36705e-10,0.0943,1.71996e-10,0.0439,5.391244912676432e-10,0.09407781318168384,5.303552791869331e-10,0.09516015490233178,4.5483806288310493e-10,0.09675933239673135,
SR_Pu_UN_G1_C4_P_D300.0m_Lw_15000.0cm_Epw10.0cm_w_concrete.o,C4,P,300.0,15000.0,10.0,concrete,900,C4_H_900,1.20319e-10,0.1232,4.79655e-11,0.0444,1.2070722515260656e-10,0.12291533851585579,1.1808903873601906e-10,0.12473049637141835,1.003818156980274e-10,0.12816634769877402,
SR_Pu_UN_G1_C4_P_D500.0m_Lw_25000.0cm_Epw10.0cm_w_concrete.o,C4,P,500.0,25000.0,10.0,concrete,900,C4_H_900,2.24199e-11,0.1416,7.53687e-12,0.0536,2.2588271581294658e-11,0.14155635270504133,2.2220152186957956e-11,0.14383580859310402,1.9022236481956752e-11,0.1469160163190408,
SR_Pu_UN_G1_C4_P_D700.0m_Lw_35000.0cm_Epw10.0cm_w_concrete.o,C4,P,700.0,35000.0,10.0,concrete,900,C4_H_900,6.15857e-12,0.1917,1.71168e-12,0.0621,6.160861573228609e-12,0.19053950175186982,6.063138447152215e-12,0.19134653211722907,5.18052304805065e-12,0.19314836187711462,
SR_Pu_UN_G1_C4_P_D1000.0m_Lw_50000.0cm_Epw10.0cm_w_concrete.o,C4,P,1000.0,50000.0,10.0,concrete,900,C4_H_900,7.17943e-13,0.1601,2.21705e-13,0.0641,7.218138897196435e-13,0.16067112203620476,7.115906482497327e-13,0.1634629027690999,6.10508685498714e-13,0.16627915210890576,
SR_Pu_UN_G1_C4_P_D1200.0m_Lw_60000.0cm_Epw10.0cm_w_concrete.o,C4,P,1200.0,60000.0,10.0,concrete,900,C4_H_900,4.16104e-13,0.282,9.24356e-14,0.1116,4.185331222767935e-13,0.28234934130609574,4.131245787799574e-13,0.2840446719585874,3.559193009437791e-13,0.2879977133687227,
SR_Pu_UN_G1_C4_P_D1.0m_Lw_50.0cm_Epw40.0cm_w_concrete.o,C4,P,1.0,50.0,40.0,concrete,900,C4_H_900,5.33281e-06,0.0058,1.06574e-06,0.0046,5.3466815545153245e-06,0.004907930293248025,5.283459110469956e-06,0.004857811236039635,4.558524874225159e-06,0.00475934794573343,
SR_Pu_UN_G1_C4_P_D2.0m_Lw_100.0cm_Epw40.0cm_w_concrete.o,C4,P,2.0,100.0,40.0,concrete,900,C4_H_900,1.56228e-06,0.0065,3.1778e-07,0.0114,1.5660003900073493e-06,0.00622821082741698,1.5470276081569492e-06,0.00618704595344159,1.3347217458108724e-06,0.006150104818333837,
SR_Pu_UN_G1_C4_P_D5.0m_Lw_250.0cm_Epw40.0cm_w_concrete.o,C4,P,5.0,250.0,40.0,concrete,900,C4_H_900,2.64571e-07,0.0085,5.61906e-08,0.0199,2.652743740818642e-07,0.008486549729468844,2.6199216521966073e-07,0.008424359532944991,2.2601380375787183e-07,0.008360835032234714,
SR_Pu_UN_G1_C4_P_D10.0m_Lw_500.0cm_Epw40.0cm_w_concrete.o,C4,P,10.0,500.0,40.0,concrete,900,C4_H_900,6.2169e-08,0.0083,1.25471e-08,0.0152,6.232704181608665e-08,0.008251406440228265,6.15911650796294e-08,0.008236563443891554,5.3162480735520455e-08,0.008222321922021816,
SR_Pu_UN_G1_C4_P_D20.0m_Lw_1000.0cm_Epw40.0cm_w_concrete.o,C4,P,20.0,1000.0,40.0,concrete,900,C4_H_900,1.47461e-08,0.0108,3.03747e-09,0.0197,1.4778593911767045e-08,0.010761148860234035,1.4601076131783201e-08,0.010750173868766245,1.2600247829876958e-08,0.010739942388388662,
SR_Pu_UN_G1_C4_P_D50.0m_Lw_2500.0cm_Epw40.0cm_w_concrete.o,C4,P,50.0,2500.0,40.0,concrete,900,C4_H_900,2.25585e-09,0.0461,4.50182e-10,0.0343,2.261731242743778e-09,0.04598916342975086,2.2337520423815424e-09,0.04609629910011726,1.9254395694864568e-09,0.04620241837880908,
SR_Pu_UN_G1_C4_P_D100.0m_Lw_5000.0cm_Epw40.0cm_w_concrete.o,C4,P,100.0,5000.0,40.0,concrete,900,C4_H_900,5.18612e-10,0.1582,1.11739e-10,0.0711,5.200905658135482e-10,0.1567346413478636,5.130710354983409e-10,0.1569637118698391,4.413610947158829e-10,0.1569192213837508,
SR_Pu_UN_G1_C4_P_D200.0m_Lw_10000.0cm_Epw40.0cm_w_concrete.o,C4,P,200.0,10000.0,40.0,concrete,900,C4_H_900,1.23197e-10,0.2606,2.47978e-11,0.1125,1.2346573648154848e-10,0.25918996940301925,1.216235839770682e-10,0.26009251010055295,1.0461858829798889e-10,0.26262101689346273,
SR_Pu_UN_G1_C4_P_D300.0m_Lw_15000.0cm_Epw40.0cm_w_concrete.o,C4,P,300.0,15000.0,40.0,concrete,900,C4_H_900,2.52514e-11,0.2468,5.84287e-12,0.1226,2.5011740039645053e-11,0.24241424812922951,2.4712421777117212e-11,0.24618575859130837,2.1266901632962927e-11,0.2498397670264021,
SR_Pu_UN_G1_C4_P_D500.0m_Lw_25000.0cm_Epw40.0cm_w_concrete.o,C4,P,500.0,25000.0,40.0,concrete,900,C4_H_900,5.93761e-12,0.2026,1.34571e-12,0.1169,5.9587093984115444e-12,0.2047864926416329,5.8770667719592395e-12,0.20772323155498648,5.044625144097239e-12,0.21051588500928153,
SR_Pu_UN_G1_C4_P_D700.0m_Lw_35000.0cm_Epw40.0cm_w_concrete.o,C4,P,700.0,35000.0,40.0,concrete,900,C4_H_900,1.35711e-12,0.3507,2.9066e-13,0.1364,1.3550164630542015e-12,0.3476060854650146,1.3373756119326617e-12,0.3489301462150318,1.1501122340076983e-12,0.3539694443057361,
SR_Pu_UN_G1_C4_P_D1000.0m_Lw_50000.0cm_Epw40.0cm_w_concrete.o,C4,P,1000.0,50000.0,40.0,concrete,900,C4_H_900,1.58961e-13,0.2146,4.32257e-14,0.1052,1.5868236131978183e-13,0.2143338651641918,1.5556053374051256e-13,0.21495225748720684,1.3187158335061053e-13,0.21553374709137063,
SR_Pu_UN_G1_C4_P_D1200.0m_Lw_60000.0cm_Epw40.0cm_w_concrete.o,C4,P,1200.0,60000.0,40.0,concrete,900,C4_H_900,5.36016e-14,0.2919,1.28591e-14,0.1001,5.3903367968202906e-14,0.2933109124531311,5.2915732078761055e-14,0.2939858338798442,4.488658559392233e-14,0.29613397291847876,
SR_Pu_UN_G1_C4_P_D10.0m_Lw_500.0cm_Epw5.0cm_w_concrete.o,C4,P,10.0,500.0,5.0,concrete,900,C4_H_900,6.22843e-07,0.0022,1.88029e-07,0.0061,6.247487472068583e-07,0.0021995215300336904,6.15137033249231e-07,0.002158301476935264,5.292394475280079e-07,0.002095445521195008,
SR_Pu_UN_G1_C4_P_D20.0m_Lw_1000.0cm_Epw5.0cm_w_concrete.o,C4,P,20.0,1000.0,5.0,concrete,900,C4_H_900,1.50914e-07,0.0028,4.63723e-08,0.0047,1.5138977345912013e-07,0.002810612270966862,1.4902388620587489e-07,0.002807729307258104,1.281880112033142e-07,0.002802865567869282,
SR_Pu_UN_G1_C4_P_D50.0m_Lw_2500.0cm_Epw5.0cm_w_concrete.o,C4,P,50.0,2500.0,5.0,concrete,900,C4_H_900,2.21926e-08,0.0244,7.1062e-09,0.0124,2.225983676416565e-08,0.02428291180543015,2.189644990739401e-08,0.024543880024262752,1.8809954840415826e-08,0.024851170860263287,
SR_Pu_UN_G1_C4_P_D100.0m_Lw_5000.0cm_Epw5.0cm_w_concrete.o,C4,P,100.0,5000.0,5.0,concrete,900,C4_H_900,4.52971e-09,0.0578,1.58756e-09,0.0303,4.543703199746105e-09,0.05764409340179541,4.470411560775407e-09,0.058540577943820206,3.832459694794406e-09,0.059563871413645296,
SR_Pu_UN_G1_C4_P_D200.0m_Lw_10000.0cm_Epw5.0cm_w_concrete.o,C4,P,200.0,10000.0,5.0,concrete,900,C4_H_900,8.39975e-10,0.1236,2.82078e-10,0.0374,8.40505233918245e-10,0.1228210397420716,8.241194938891174e-10,0.1231907771895597,7.029326773285121e-10,0.12339499626695581,
SR_Pu_UN_G1_C4_P_D1200.0m_Lw_60000.0cm_Epw5.0cm_w_concrete.o,C4,P,1200.0,60000.0,5.0,concrete,900,C4_H_900,3.26555e-13,0.2071,1.0243e-13,0.057,3.2930204823120875e-13,0.20859296189999144,3.231487203299125e-13,0.209572080615497,2.760581670793997e-13,0.21189345991853928,
SR_Pu_UN_G1_C4_P_D2.0m_Lw_100.0cm_Epw5.0cm_w_concrete.o,C4,P,2.0,100.0,5.0,concrete,900,C4_H_900,1.35025e-05,0.0018,4.0339e-06,0.0058,1.3542495649354544e-05,0.0017511680248102899,1.3332640613806143e-05,0.0016914418958383366,1.1475288973702095e-05,0.0016511108024061054,
SR_Pu_UN_G1_C4_P_D300.0m_Lw_15000.0cm_Epw5.0cm_w_concrete.o,C4,P,300.0,15000.0,5.0,concrete,900,C4_H_900,2.51575e-10,0.1398,8.34677e-11,0.0464,2.525614561871642e-10,0.1392399929420421,2.4797920835133624e-10,0.14042293915920906,2.1156630755194334e-10,0.14221296302843237,
SR_Pu_UN_G1_C4_P_D5.0m_Lw_250.0cm_Epw5.0cm_w_concrete.o,C4,P,5.0,250.0,5.0,concrete,900,C4_H_900,2.45995e-06,0.0021,7.50074e-07,0.0057,2.4672998749707343e-06,0.0020561009300015753,2.4282106608161573e-06,0.0020067090621081235,2.0887393027299163e-06,0.0019637917180183304,
SR_Pu_UN_G1_C4_P_D1.0m_Lw_50.0cm_Epw5.0cm_w_concrete.o,C4,P,1.0,50.0,5.0,concrete,900,C4_H_900,4.43555e-05,0.0009,1.27526e-05,0.0033,4.448323315361484e-05,0.0009219835914638085,4.3829153622335986e-05,0.0008933960228171934,3.7744915491449e-05,0.0008565652936380497,
SR_Pu_UN_G1_C4_P_D1.0m_Lw_50.0cm_Epw1.0cm_w_concrete.o,C4,P,1.0,50.0,1.0,concrete,900,C4_H_900,5.63559e-05,0.0009,1.50695e-05,0.0043,5.652262979500525e-05,0.0008981404128027188,5.577789965541762e-05,0.0008504315671173985,4.809545006045002e-05,0.0008274213599667318,
SR_Pu_UN_G1_C4_P_D2.0m_Lw_100.0cm_Epw1.0cm_w_concrete.o,C4,P,2.0,100.0,1.0,concrete,900,C4_H_900,1.72825e-05,0.0013,4.9073e-06,0.0041,1.733375313563127e-05,0.0012961117858328606,1.7084000762285733e-05,0.0012641018964146499,1.4718012180314024e-05,0.001248975664371298,
SR_Pu_UN_G1_C4_P_D5.0m_Lw_250.0cm_Epw1.0cm_w_concrete.o,C4,P,5.0,250.0,1.0,concrete,900,C4_H_900,3.19241e-06,0.0021,9.36946e-07,0.0064,3.201981496065034e-06,0.0021394939008804468,3.15387240438099e-06,0.002072655678398077,2.714422155343375e-06,0.0020248566171842362,
SR_Pu_UN_G1_C4_P_D10.0m_Lw_500.0cm_Epw1.0cm_w_concrete.o,C4,P,10.0,500.0,1.0,concrete,900,C4_H_900,8.26789e-07,0.002,2.42387e-07,0.0054,8.292274956217588e-07,0.001966863700478453,8.169960503887612e-07,0.0019239776601983076,7.03251438614305e-07,0.0018925137518662387,
SR_Pu_UN_G1_C4_P_D20.0m_Lw_1000.0cm_Epw1.0cm_w_concrete.o,C4,P,20.0,1000.0,1.0,concrete,900,C4_H_900,2.03384e-07,0.0029,6.13593e-08,0.0058,2.040167003301276e-07,0.0028706922361121934,2.0095246807870213e-07,0.0028444044202436485,1.728783986698548e-07,0.0028286812108252292,
SR_Pu_UN_G1_C4_P_D50.0m_Lw_2500.0cm_Epw1.0cm_w_concrete.o,C4,P,50.0,2500.0,1.0,concrete,900,C4_H_900,3.0456e-08,0.025,1.01836e-08,0.0142,3.054607575302349e-08,0.024957814077295866,3.003573451102292e-08,0.025229776041515096,2.5769209351178137e-08,0.02555828950767434,
SR_Pu_UN_G1_C4_P_D100.0m_Lw_5000.0cm_Epw1.0cm_w_concrete.o,C4,P,100.0,5000.0,1.0,concrete,900,C4_H_900,6.09585e-09,0.0548,2.28626e-09,0.0331,6.110251995044931e-09,0.05467953785681936,6.00510362579458e-09,0.05539777909883749,5.135416290703934e-09,0.05642143539669662,
SR_Pu_UN_G1_C4_P_D200.0m_Lw_10000.0cm_Epw1.0cm_w_concrete.o,C4,P,200.0,10000.0,1.0,concrete,900,C4_H_900,1.17291e-09,0.1022,4.37699e-10,0.0323,1.1751359928607908e-09,0.10153930578000642,1.1522142773993933e-09,0.1021554107255396,9.79312966255468e-10,0.10317244866272883,
SR_Pu_UN_G1_C4_P_D300.0m_Lw_15000.0cm_Epw1.0cm_w_concrete.o,C4,P,300.0,15000.0,1.0,concrete,900,C4_H_900,2.34079e-10,0.0769,1.17232e-10,0.0334,2.3443542637045527e-10,0.07616260538720583,2.2870063476168092e-10,0.07769653261657303,1.92731838774337e-10,0.08026178907997174,
SR_Pu_UN_G1_C4_P_D500.0m_Lw_25000.0cm_Epw1.0cm_w_concrete.o,C4,P,500.0,25000.0,1.0,concrete,900,C4_H_900,4.66627e-11,0.1429,1.71045e-11,0.052,4.6823014219443315e-11,0.14279599985208,4.594189491238358e-11,0.14452471638067868,3.907211655509295e-11,0.1473561224335461,
SR_Pu_UN_G1_C4_P_D700.0m_Lw_35000.0cm_Epw1.0cm_w_concrete.o,C4,P,700.0,35000.0,1.0,concrete,900,C4_H_900,1.26114e-11,0.1922,3.60305e-12,0.0575,1.2637760651409754e-11,0.1920878178629745,1.2427109591280796e-11,0.19275033814984255,1.0600320191011136e-11,0.19478684122868287,
SR_Pu_UN_G1_C4_P_D1000.0m_Lw_50000.0cm_Epw1.0cm_w_concrete.o,C4,P,1000.0,50000.0,1.0,concrete,900,C4_H_900,1.48078e-12,0.1415,4.74619e-13,0.0571,1.4878451142430717e-12,0.14177467266147167,1.4655232070238168e-12,0.14406575924422438,1.2515079456860603e-12,0.14671574907346183,
SR_Pu_UN_G1_C4_P_D1200.0m_Lw_60000.0cm_Epw1.0cm_w_concrete.o,C4,P,1200.0,60000.0,1.0,concrete,900,C4_H_900,5.81627e-13,0.1915,1.48604e-13,0.0615,5.854305928597255e-13,0.19241535157080375,5.761908915711872e-13,0.19316864952246904,4.935964953893116e-13,0.194815161666437,
SR_Pu_UN_G1_C4_P_D1.0m_Lw_50.0cm_Epw20.0cm_w_concrete.o,C4,P,1.0,50.0,20.0,concrete,900,C4_H_900,1.66829e-05,0.0022,4.20827e-06,0.006,1.6729896881615757e-05,0.0020797694864293412,1.6506714628773035e-05,0.002039865032799718,1.4229675394770552e-05,0.0020095471426826265,
SR_Pu_UN_G1_C4_P_D2.0m_Lw_100.0cm_Epw20.0cm_w_concrete.o,C4,P,2.0,100.0,20.0,concrete,900,C4_H_900,5.0688e-06,0.0041,1.31091e-06,0.0126,5.0819725218469935e-06,0.003973124299477107,5.011887786040427e-06,0.003884799120553467,4.318866535692645e-06,0.003822924893926377,
SR_Pu_UN_G1_C4_P_D5.0m_Lw_250.0cm_Epw20.0cm_w_concrete.o,C4,P,5.0,250.0,20.0,concrete,900,C4_H_900,8.78655e-07,0.005,2.24876e-07,0.013,8.814424333069129e-07,0.004984662408314434,8.695756300818736e-07,0.004910862277910973,7.494333952171069e-07,0.004838085176773701,
SR_Pu_UN_G1_C4_P_D10.0m_Lw_500.0cm_Epw20.0cm_w_concrete.o,C4,P,10.0,500.0,20.0,concrete,900,C4_H_900,2.19397e-07,0.0049,5.49046e-08,0.0114,2.2000575781586522e-07,0.004849817140979186,2.171243560890664e-07,0.004809699285249638,1.872005470516458e-07,0.004748213017062628,
SR_Pu_UN_G1_C4_P_D20.0m_Lw_1000.0cm_Epw20.0cm_w_concrete.o,C4,P,20.0,1000.0,20.0,concrete,900,C4_H_900,5.23425e-08,0.0066,1.29219e-08,0.0134,5.250904316992739e-08,0.006618484687675393,5.1825233101616604e-08,0.006591365554560422,4.468615937416845e-08,0.00656277779433723,
SR_Pu_UN_G1_C4_P_D50.0m_Lw_2500.0cm_Epw20.0cm_w_concrete.o,C4,P,50.0,2500.0,20.0,concrete,900,C4_H_900,7.50494e-09,0.033,1.96832e-09,0.0266,7.523717647673762e-09,0.03289198217242458,7.415484960187336e-09,0.03309099765289425,6.378063509602995e-09,0.033373379182480095,
SR_Pu_UN_G1_C4_P_D100.0m_Lw_5000.0cm_Epw20.0cm_w_concrete.o,C4,P,100.0,5000.0,20.0,concrete,900,C4_H_900,1.57772e-09,0.0739,4.21655e-10,0.0483,1.5842460450451552e-09,0.07401869032906991,1.5622408476056356e-09,0.0747308848698805,1.343039746943672e-09,0.07549961674497507,
SR_Pu_UN_G1_C4_P_D200.0m_Lw_10000.0cm_Epw20.0cm_w_concrete.o,C4,P,200.0,10000.0,20.0,concrete,900,C4_H_900,2.13275e-10,0.0657,7.18571e-11,0.0422,2.136700099912322e-10,0.06551469077405246,2.0977121003386455e-10,0.06627200287598453,1.7920756447334122e-10,0.06709349044144221,
SR_Pu_UN_G1_C4_P_D300.0m_Lw_15000.0cm_Epw20.0cm_w_concrete.o,C4,P,300.0,15000.0,20.0,concrete,900,C4_H_900,8.37065e-11,0.1959,2.38236e-11,0.0811,8.360421252881924e-11,0.194056899098039,8.216843150223591e-11,0.1956067172350638,7.068453498661637e-11,0.1993870435556354,
SR_Pu_UN_G1_C4_P_D500.0m_Lw_25000.0cm_Epw20.0cm_w_concrete.o,C4,P,500.0,25000.0,20.0,concrete,900,C4_H_900,1.16465e-11,0.1338,3.87599e-12,0.0697,1.1677031443959148e-11,0.13407055354075692,1.147331210432314e-11,0.13614885114341282,9.76180462674473e-12,0.1381733189681213,
SR_Pu_UN_G1_C4_P_D700.0m_Lw_35000.0cm_Epw20.0cm_w_concrete.o,C4,P,700.0,35000.0,20.0,concrete,900,C4_H_900,2.41362e-12,0.1288,8.31885e-13,0.0539,2.4197109978346013e-12,0.1286916499758572,2.3732990535063227e-12,0.12941551689224987,2.0072434591501518e-12,0.13087947177008766,
SR_Pu_UN_G1_C4_P_D1.0m_Lw_50.0cm_Epw10.0cm_w_concrete.o,C4,P,1.0,50.0,10.0,concrete,900,C4_H_900,3.16682e-05,0.0013,8.96708e-06,0.0035,3.175672374660151e-05,0.0012302739678647305,3.1290428039216715e-05,0.0011956708841162212,2.6948620734827512e-05,0.0011739878780723564,
SR_Pu_UN_G1_C4_P_D500.0m_Lw_25000.0cm_Epw5.0cm_w_concrete.o,C4,P,500.0,25000.0,5.0,concrete,900,C4_H_900,2.96835e-11,0.1133,1.21594e-11,0.0497,2.977769507405197e-11,0.11260589749969833,2.9165168449886905e-11,0.11459141837843254,2.469662840085789e-11,0.11812579291074693,
SR_Pu_UN_G1_C4_P_D1000.0m_Lw_50000.0cm_Epw5.0cm_w_concrete.o,C4,P,1000.0,50000.0,5.0,concrete,900,C4_H_900,1.02805e-12,0.1222,3.33876e-13,0.0501,1.029431943036579e-12,0.12116952367360369,1.0116115937116325e-12,0.12239419110722431,8.621097217468734e-13,0.12382006488705596,
SR_Pu_UN_G1_C4_P_D1000.0m_Lw_50000.0cm_Epw20.0cm_w_concrete.o,C4,P,1000.0,50000.0,20.0,concrete,900,C4_H_900,1.10091e-12,0.4977,1.76079e-13,0.1953,1.0955720483727945e-12,0.4947368608375921,1.0782604197689927e-12,0.4950403303708092,9.271927171621543e-13,0.49549144179823645,
SR_Pu_UN_G1_C4_P_D1200.0m_Lw_60000.0cm_Epw20.0cm_w_concrete.o,C4,P,1200.0,60000.0,20.0,concrete,900,C4_H_900,2.70801e-13,0.4984,5.27783e-14,0.2164,2.730333419229698e-13,0.49867920100162066,2.692808458066756e-13,0.5026354096031455,2.3234684396356377e-13,0.5100269540802882,
SR_Pu_UN_G1_C4_P_D700.0m_Lw_35000.0cm_Epw5.0cm_w_concrete.o,C4,P,700.0,35000.0,5.0,concrete,900,C4_H_900,8.95235e-12,0.321,2.42424e-12,0.0795,8.964296525320867e-12,0.31811004725319675,8.818566956317165e-12,0.3192583551194807,7.522347851098682e-12,0.32014175393357275,
SR_Pu_UN_G1_C4_N_D2.0m_Lw_100.0cm_Epw1.0cm_w_lead.o,C4,N,2.0,100.0,1.0,lead,900,C4_H_900,1.77099e-05,0.0148,9.86979e-07,0.0268,1.6894117905985154e-05,0.014635488732209457,0.00019139029958392955,0.017616465169482145,0.00016357001847020852,0.015405516246337318,-4.606361944532985
SR_Pu_UN_G1_C4_N_D5.0m_Lw_250.0cm_Epw1.0cm_w_lead.o,C4,N,5.0,250.0,1.0,lead,900,C4_H_900,4.02002e-06,0.0696,2.63554e-07,0.169,3.826979241526375e-06,0.06870790760419623,4.276054941402804e-05,0.07737584180348132,3.60256600602893e-05,0.06751242001616928,-4.8019850267815976
SR_Pu_UN_G1_C4_N_D10.0m_Lw_500.0cm_Epw1.0cm_w_lead.o,C4,N,10.0,500.0,1.0,lead,900,C4_H_900,8.90312e-07,0.0277,5.80584e-08,0.0589,8.500674816087251e-07,0.027595650014541062,9.50646271033089e-06,0.032558963604951294,7.98603180702987e-06,0.027553183518667725,-4.520271364563758
SR_Pu_UN_G1_C4_N_D20.0m_Lw_1000.0cm_Epw1.0cm_w_lead.o,C4,N,20.0,1000.0,1.0,lead,900,C4_H_900,2.24342e-07,0.0207,1.62523e-08,0.0283,2.140266159033931e-07,0.020531116254776383,2.3564414838075017e-06,0.022793168651353748,1.9615267062163363e-06,0.02234113362852886,-4.598061930716005
SR_Pu_UN_G1_C4_N_D50.0m_Lw_2500.0cm_Epw1.0cm_w_lead.o,C4,N,50.0,2500.0,1.0,lead,900,C4_H_900,3.74511e-08,0.0342,3.1639e-09,0.023,3.5841648283595794e-08,0.03422043705874668,3.87976982466349e-07,0.035083380268825494,3.1512205574494146e-07,0.04022680632182145,-4.297475151341902
SR_Pu_UN_G1_C4_N_D100.0m_Lw_5000.0cm_Epw1.0cm_w_lead.o,C4,N,100.0,5000.0,1.0,lead,900,C4_H_900,9.49977e-09,0.0544,8.09119e-10,0.0314,9.106410635953353e-09,0.054465852364920485,9.797621345796841e-08,0.05389520543174293,7.884632938705453e-08,0.06453438150501672,-4.140725133836367
SR_Pu_UN_G1_C4_N_D200.0m_Lw_10000.0cm_Epw1.0cm_w_lead.o,C4,N,200.0,10000.0,1.0,lead,900,C4_H_900,2.03505e-09,0.0918,1.69791e-10,0.0388,1.943847354938759e-09,0.09152703542819299,2.1455588572762416e-08,0.08696598008820956,1.689676897637392e-08,0.1092843973600939,-4.481592347177765
SR_Pu_UN_G1_C4_N_D300.0m_Lw_15000.0cm_Epw1.0cm_w_lead.o,C4,N,300.0,15000.0,1.0,lead,900,C4_H_900,6.41763e-10,0.1059,5.56183e-11,0.0428,6.161163101473567e-10,0.10693942600659835,6.992892100893306e-09,0.10617420825867954,5.328342056560085e-09,0.1334895952828772,-3.9962867682685514
SR_Pu_UN_G1_C4_N_D500.0m_Lw_25000.0cm_Epw1.0cm_w_lead.o,C4,N,500.0,25000.0,1.0,lead,900,C4_H_900,9.54419e-11,0.1526,8.96728e-12,0.0425,9.119616595675477e-11,0.14985761050555993,9.719702117068833e-10,0.11507239258855596,7.335786359117463e-10,0.16984805964607957,-4.448501175317368
SR_Pu_UN_G1_C4_N_D700.0m_Lw_35000.0cm_Epw1.0cm_w_lead.o,C4,N,700.0,35000.0,1.0,lead,900,C4_H_900,2.04612e-11,0.136,1.95851e-12,0.0364,1.954917017189731e-11,0.1343797537461747,2.0660790382318991e-10,0.11785863735137878,1.563486604516056e-10,0.15744148353575863,-4.457362364390607
SR_Pu_UN_G1_C4_N_D1000.0m_Lw_50000.0cm_Epw1.0cm_w_lead.o,C4,N,1000.0,50000.0,1.0,lead,900,C4_H_900,2.01695e-12,0.0609,2.17244e-13,0.022,1.9322416388104407e-12,0.05965292949314059,2.0760485324735676e-11,0.05847364254749805,1.515435791870557e-11,0.07970033743174305,-4.19982454644682
SR_Pu_UN_G1_C4_N_D1200.0m_Lw_60000.0cm_Epw1.0cm_w_lead.o,C4,N,1200.0,60000.0,1.0,lead,900,C4_H_900,4.23299e-13,0.0278,5.31215e-14,0.0187,4.057948003407597e-13,0.027742868910848983,4.405636414208487e-12,0.03317006310712418,2.984685117288067e-12,0.03852807418934233,-4.1351856865337
SR_Pu_UN_G1_C4_N_D1.0m_Lw_50.0cm_Epw5.0cm_w_lead.o,C4,N,1.0,50.0,5.0,lead,900,C4_H_900,5.15999e-05,0.0133,2.59284e-06,0.0255,4.917332199318063e-05,0.013027399774849444,0.0005831710284430104,0.014340357419568206,0.0004891053995381972,0.013487469607828735,-4.702679669571779
SR_Pu_UN_G1_C4_N_D2.0m_Lw_100.0cm_Epw5.0cm_w_lead.o,C4,N,2.0,100.0,5.0,lead,900,C4_H_900,1.63303e-05,0.0169,9.08871e-07,0.0323,1.5570240699256162e-05,0.01675761039264497,0.00018369189408630194,0.01819088419252854,0.00015165499898073844,0.016973781700228036,-4.654288658162044
SR_Pu_UN_G1_C4_N_D5.0m_Lw_250.0cm_Epw5.0cm_w_lead.o,C4,N,5.0,250.0,5.0,lead,900,C4_H_900,3.12482e-06,0.0289,1.78979e-07,0.0375,2.9723857724959147e-06,0.028353649644209573,3.525520433766873e-05,0.033859034161700566,2.890736372138095e-05,0.031100914781530018,-4.878176263083479
SR_Pu_UN_G1_C4_N_D10.0m_Lw_500.0cm_Epw5.0cm_w_lead.o,C4,N,10.0,500.0,5.0,lead,900,C4_H_900,7.71167e-07,0.0195,5.12052e-08,0.0351,7.361537348821251e-07,0.019407121422483825,8.596464426013579e-06,0.021619439022342434,6.9099080981616775e-06,0.019931132050189617,-4.540296086045543
SR_Pu_UN_G1_C4_N_D20.0m_Lw_1000.0cm_Epw5.0cm_w_lead.o,C4,N,20.0,1000.0,5.0,lead,900,C4_H_900,1.94202e-07,0.0146,1.41452e-08,0.0204,1.852315314549238e-07,0.014551975697147206,2.133259318289291e-06,0.015828787129743355,1.7084457161565464e-06,0.015802137469704297,-4.619143234918394
SR_Pu_UN_G1_C4_N_D50.0m_Lw_2500.0cm_Epw5.0cm_w_lead.o,C4,N,50.0,2500.0,5.0,lead,900,C4_H_900,3.23748e-08,0.0251,2.8136e-09,0.02,3.087838470357153e-08,0.02491441357238038,3.5225851062025994e-07,0.025929253048217166,2.71100730056516e-07,0.029258146474820595,-4.622160743629211
SR_Pu_UN_G1_C4_N_D100.0m_Lw_5000.0cm_Epw5.0cm_w_lead.o,C4,N,100.0,5000.0,5.0,lead,900,C4_H_900,7.83947e-09,0.0399,6.92771e-10,0.0233,7.493756631073906e-09,0.039646911869836314,8.540405431186619e-08,0.042403970036681816,6.486821973668639e-08,0.04801124394942779,-4.409907416267851
SR_Pu_UN_G1_C4_N_D200.0m_Lw_10000.0cm_Epw5.0cm_w_lead.o,C4,N,200.0,10000.0,5.0,lead,900,C4_H_900,1.63001e-09,0.0757,1.49754e-10,0.0376,1.560666891839034e-09,0.07643537524058966,1.7664293922702043e-08,0.07085376932189281,1.3237074316366028e-08,0.0910106026686101,-4.254152315689232
SR_Pu_UN_G1_C4_N_D300.0m_Lw_15000.0cm_Epw5.0cm_w_lead.o,C4,N,300.0,15000.0,5.0,lead,900,C4_H_900,4.59526e-10,0.0695,4.62365e-11,0.0385,4.393629316699846e-10,0.06806286932593293,5.224196964076292e-09,0.07848787585725556,3.6156103191600765e-09,0.0866786713106383,-4.38779706262875
SR_Pu_UN_G1_C4_N_D500.0m_Lw_25000.0cm_Epw5.0cm_w_lead.o,C4,N,500.0,25000.0,5.0,lead,900,C4_H_900,8.93894e-11,0.1502,8.3372e-12,0.0431,8.532198268878658e-11,0.1477521172597195,9.285141724744855e-10,0.11886178124725102,6.977366111640945e-10,0.16886878411429274,-4.550223305239128
SR_Pu_UN_G1_C4_N_D700.0m_Lw_35000.0cm_Epw5.0cm_w_lead.o,C4,N,700.0,35000.0,5.0,lead,900,C4_H_900,1.49164e-11,0.1461,1.59351e-12,0.0498,1.430626935554933e-11,0.14717478948377383,1.631312640478176e-10,0.18457875476703015,1.1485956347123681e-10,0.20425448765685844,-4.090334426876934
SR_Pu_UN_G1_C4_N_D1000.0m_Lw_50000.0cm_Epw5.0cm_w_lead.o,C4,N,1000.0,50000.0,5.0,lead,900,C4_H_900,1.28581e-12,0.0414,1.63596e-13,0.0229,1.2342676392486017e-12,0.04134430432481038,1.3388717695800813e-11,0.051436936509680786,9.027499630491066e-12,0.05952583117844888,-4.008551866247602
SR_Pu_UN_G1_C4_N_D1200.0m_Lw_60000.0cm_Epw5.0cm_w_lead.o,C4,N,1200.0,60000.0,5.0,lead,900,C4_H_900,3.59441e-13,0.0489,4.30185e-14,0.0244,3.442689882035217e-13,0.04894078486388232,3.6922185942724425e-12,0.06131021647638096,2.595608940428316e-12,0.06811816906369765,-4.2210019993485215
SR_Pu_UN_G1_C4_N_D1.0m_Lw_50.0cm_Epw10.0cm_w_lead.o,C4,N,1.0,50.0,10.0,lead,900,C4_H_900,4.44472e-05,0.0122,2.19547e-06,0.0171,4.231503171449062e-05,0.01183183992324214,0.0005271507337297767,0.01298957715761078,0.0004250636201693825,0.012575606153367567,-4.797081223360244
SR_Pu_UN_G1_C4_N_D2.0m_Lw_100.0cm_Epw10.0cm_w_lead.o,C4,N,2.0,100.0,10.0,lead,900,C4_H_900,1.39942e-05,0.0181,7.43494e-07,0.025,1.3329009807883957e-05,0.017859642343217283,0.00016544703496912324,0.018881361848345976,0.0001320337194697609,0.018798642029521518,-4.753327750897111
SR_Pu_UN_G1_C4_N_D5.0m_Lw_250.0cm_Epw10.0cm_w_lead.o,C4,N,5.0,250.0,10.0,lead,900,C4_H_900,2.49463e-06,0.0219,1.4113e-07,0.0302,2.373215797802728e-06,0.021639552689763572,2.9189095244735162e-05,0.02359059289624271,2.327718054925679e-05,0.023139959114033083,-4.867022452118035
SR_Pu_UN_G1_C4_N_D10.0m_Lw_500.0cm_Epw10.0cm_w_lead.o,C4,N,10.0,500.0,10.0,lead,900,C4_H_900,6.45792e-07,0.0195,4.24005e-08,0.0305,6.154941111802238e-07,0.01942869200408606,7.525521155609219e-06,0.021136549761749494,5.824775228029143e-06,0.0205777638007067,-4.691586272325483
SR_Pu_UN_G1_C4_N_D20.0m_Lw_1000.0cm_Epw10.0cm_w_lead.o,C4,N,20.0,1000.0,10.0,lead,900,C4_H_900,1.56388e-07,0.016,1.13986e-08,0.0254,1.4915054534295054e-07,0.015934004885504574,1.803067828520082e-06,0.016911706949442155,1.3761846374961922e-06,0.01665779783347515,-4.62788363368639
SR_Pu_UN_G1_C4_N_D200.0m_Lw_10000.0cm_Epw10.0cm_w_lead.o,C4,N,200.0,10000.0,10.0,lead,900,C4_H_900,1.08573e-09,0.0618,1.17028e-10,0.0383,1.0368500412704359e-09,0.06217857058396187,1.2007325849303876e-08,0.06475319289241874,8.24145414961757e-09,0.07850976667499324,-4.5020363008818105
SR_Pu_UN_G1_C4_N_D300.0m_Lw_15000.0cm_Epw10.0cm_w_lead.o,C4,N,300.0,15000.0,10.0,lead,900,C4_H_900,3.86168e-10,0.0781,3.8791e-11,0.041,3.6911521721124077e-10,0.07714829817659902,4.368991855543906e-09,0.08681856098123786,3.059179694511427e-09,0.10151998955943743,-4.415897430330642
SR_Pu_UN_G1_C4_N_D500.0m_Lw_25000.0cm_Epw10.0cm_w_lead.o,C4,N,500.0,25000.0,10.0,lead,900,C4_H_900,6.60657e-11,0.0949,6.9761e-12,0.046,6.31891899500182e-11,0.09499331922599746,7.696785036375806e-10,0.11844087099604816,5.163565731957534e-10,0.12504940984801602,-4.354014337215534
SR_Pu_UN_G1_C4_N_D700.0m_Lw_35000.0cm_Epw10.0cm_w_lead.o,C4,N,700.0,35000.0,10.0,lead,900,C4_H_900,1.02065e-11,0.0631,1.26774e-12,0.0284,9.78943088043368e-12,0.06259955565671822,1.0653826031581012e-10,0.07027217893328529,7.205320245755321e-11,0.08686510391894715,-4.086308916536724
SR_Pu_UN_G1_C4_N_D1000.0m_Lw_50000.0cm_Epw10.0cm_w_lead.o,C4,N,1000.0,50000.0,10.0,lead,900,C4_H_900,1.11653e-12,0.1035,1.35507e-13,0.0315,1.0695268399997574e-12,0.10075124015492991,1.1676446423541786e-11,0.10549127567516256,8.098670654836845e-12,0.15134435165413934,-4.2097534325313894
SR_Pu_UN_G1_C4_N_D1200.0m_Lw_60000.0cm_Epw10.0cm_w_lead.o,C4,N,1200.0,60000.0,10.0,lead,900,C4_H_900,2.53605e-13,0.069,3.31195e-14,0.0289,2.439592900709861e-13,0.06930597000420495,2.5701550489890952e-12,0.08788133412332487,1.7295169321940778e-12,0.09823876374528981,-3.8034383900214586
SR_Pu_UN_G1_C4_N_D1.0m_Lw_50.0cm_Epw20.0cm_w_lead.o,C4,N,1.0,50.0,20.0,lead,900,C4_H_900,3.14992e-05,0.0088,1.66391e-06,0.0158,2.9959619085330125e-05,0.008170523984057834,0.0004022229873992768,0.008782906329912106,0.00029800169428461715,0.008213719389266499,-4.887682590890794
SR_Pu_UN_G1_C4_N_D2.0m_Lw_100.0cm_Epw20.0cm_w_lead.o,C4,N,2.0,100.0,20.0,lead,900,C4_H_900,9.52884e-06,0.0133,5.54064e-07,0.0197,9.06095027926008e-06,0.012969172595057154,0.00011983555060651125,0.013679756967962704,8.825445391754461e-05,0.013326707845372722,-4.9102484745249235
SR_Pu_UN_G1_C4_N_D5.0m_Lw_250.0cm_Epw20.0cm_w_lead.o,C4,N,5.0,250.0,20.0,lead,900,C4_H_900,1.67987e-06,0.0186,1.08543e-07,0.0289,1.5984686666263773e-06,0.01851092119435237,2.1072892540806895e-05,0.01954666116489356,1.5224569808707591e-05,0.019385273741413144,-4.845692427010583
SR_Pu_UN_G1_C4_N_D10.0m_Lw_500.0cm_Epw20.0cm_w_lead.o,C4,N,10.0,500.0,20.0,lead,900,C4_H_900,4.14452e-07,0.02,2.73407e-08,0.026,3.942694571192462e-07,0.019893900561111986,5.187197705917639e-06,0.021085352637065815,3.728595718389708e-06,0.021257415505652945,-4.869693687267482
SR_Pu_UN_G1_C4_N_D20.0m_Lw_1000.0cm_Epw20.0cm_w_lead.o,C4,N,20.0,1000.0,20.0,lead,900,C4_H_900,1.10812e-07,0.0165,8.27232e-09,0.0239,1.0542329385017149e-07,0.01643038850396737,1.3657963930339028e-06,0.017284488611889286,9.661446702742642e-07,0.017315376709619877,-4.862926533072691
SR_Pu_UN_G1_C4_N_D50.0m_Lw_2500.0cm_Epw20.0cm_w_lead.o,C4,N,50.0,2500.0,20.0,lead,900,C4_H_900,1.76461e-08,0.0221,1.64626e-09,0.0254,1.6822030250279902e-08,0.0219529776449819,2.077169686687851e-07,0.023728004024725854,1.428046973267124e-07,0.024805043878300577,-4.669982317453138
SR_Pu_UN_G1_C4_N_D100.0m_Lw_5000.0cm_Epw20.0cm_w_lead.o,C4,N,100.0,5000.0,20.0,lead,900,C4_H_900,4.04531e-09,0.0308,4.2776e-10,0.0221,3.859932970036664e-09,0.030599939004502603,4.666192054038124e-08,0.03529536896688338,3.1028631221300266e-08,0.038356091664513974,-4.582517284542749
SR_Pu_UN_G1_C4_N_D200.0m_Lw_10000.0cm_Epw20.0cm_w_lead.o,C4,N,200.0,10000.0,20.0,lead,900,C4_H_900,7.72361e-10,0.0545,9.06132e-11,0.0377,7.343298349810757e-10,0.05313406416709798,8.651006955705949e-09,0.06392999189427225,5.527338873443814e-09,0.07053004256260685,-4.924014161632226
SR_Pu_UN_G1_C4_N_D300.0m_Lw_15000.0cm_Epw20.0cm_w_lead.o,C4,N,300.0,15000.0,20.0,lead,900,C4_H_900,2.49203e-10,0.0655,3.04164e-11,0.0395,2.380000153897725e-10,0.06516931929046232,2.7666610216839003e-09,0.0821850291903365,1.7777167387700963e-09,0.08848785381018881,-4.495525579638895
SR_Pu_UN_G1_C4_N_D500.0m_Lw_25000.0cm_Epw20.0cm_w_lead.o,C4,N,500.0,25000.0,20.0,lead,900,C4_H_900,3.68239e-11,0.092,4.93664e-12,0.0418,3.5323644535775065e-11,0.09086599875397156,3.6466608988879683e-10,0.10750402285355616,2.468994139925373e-10,0.13521924859398388,-4.074135179122616
SR_Pu_UN_G1_C4_N_D700.0m_Lw_35000.0cm_Epw20.0cm_w_lead.o,C4,N,700.0,35000.0,20.0,lead,900,C4_H_900,7.30042e-12,0.0963,9.68293e-13,0.0369,7.003446287567778e-12,0.09569357959438045,7.849451177709027e-11,0.1273719465925796,5.001720829329175e-11,0.1464838289055672,-4.0678990035124265
SR_Pu_UN_G1_C4_N_D1000.0m_Lw_50000.0cm_Epw20.0cm_w_lead.o,C4,N,1000.0,50000.0,20.0,lead,900,C4_H_900,5.75083e-13,0.0644,8.747e-14,0.0294,5.529597363997429e-13,0.06411012569929464,5.3704121009137506e-12,0.07466076719938583,3.57586207065484e-12,0.10719243658581537,-3.846968802808833
SR_Pu_UN_G1_C4_N_D1200.0m_Lw_60000.0cm_Epw20.0cm_w_lead.o,C4,N,1200.0,60000.0,20.0,lead,900,C4_H_900,1.29974e-13,0.049,2.0113e-14,0.0276,1.2530834400890468e-13,0.04870961070715119,1.2408812857000192e-12,0.0636050103215109,8.034974189735435e-13,0.07973761355026703,-3.5896840838131716
SR_Pu_UN_G1_C4_N_D1.0m_Lw_50.0cm_Epw40.0cm_w_lead.o,C4,N,1.0,50.0,40.0,lead,900,C4_H_900,1.78364e-05,0.0116,1.13663e-06,0.0307,1.6909224017029556e-05,0.010382714668671784,0.00024488805753609716,0.008471971110430661,0.00015840467148944286,0.00821282024944159,-5.198223761355679
SR_Pu_UN_G1_C4_N_D2.0m_Lw_100.0cm_Epw40.0cm_w_lead.o,C4,N,2.0,100.0,40.0,lead,900,C4_H_900,5.25257e-06,0.0088,3.55674e-07,0.0117,4.97963846149586e-06,0.007877194195312489,7.15695068617769e-05,0.008290272950160785,4.585858976664593e-05,0.008295639287873191,-5.196152331223379
SR_Pu_UN_G1_C4_N_D5.0m_Lw_250.0cm_Epw40.0cm_w_lead.o,C4,N,5.0,250.0,40.0,lead,900,C4_H_900,8.51623e-07,0.0114,6.50559e-08,0.0155,8.074079188106695e-07,0.011067020876159652,1.1292852066718177e-05,0.011627063800782543,7.1837151962411494e-06,0.011832056235285413,-5.191860857366522
SR_Pu_UN_G1_C4_N_D10.0m_Lw_500.0cm_Epw40.0cm_w_lead.o,C4,N,10.0,500.0,40.0,lead,900,C4_H_900,2.08916e-07,0.012,1.73255e-08,0.0261,1.9834665194624814e-07,0.010074527728879033,2.726215677523995e-06,0.010156219586259271,1.7190588110397334e-06,0.009976675942172789,-5.059137669566644
SR_Pu_UN_G1_C4_N_D20.0m_Lw_1000.0cm_Epw40.0cm_w_lead.o,C4,N,20.0,1000.0,40.0,lead,900,C4_H_900,5.2154e-08,0.0118,4.91846e-09,0.0297,4.9585150248428475e-08,0.0076123040212500775,6.583852203476643e-07,0.007683607409578107,4.100999286235367e-07,0.007784510061103098,-4.925508592958399
SR_Pu_UN_G1_C4_N_D50.0m_Lw_2500.0cm_Epw40.0cm_w_lead.o,C4,N,50.0,2500.0,40.0,lead,900,C4_H_900,8.85423e-09,0.0099,9.65754e-10,0.016,8.42910131141099e-09,0.008447508270312072,1.0663876842506738e-07,0.009706814346535551,6.536996076777266e-08,0.00984336747404894,-4.801419079795878
SR_Pu_UN_G1_C4_N_D100.0m_Lw_5000.0cm_Epw40.0cm_w_lead.o,C4,N,100.0,5000.0,40.0,lead,900,C4_H_900,2.13508e-09,0.0142,2.66684e-10,0.0201,2.036382737152795e-09,0.011870578584396541,2.4289302571412526e-08,0.014811252920684201,1.4691465259770921e-08,0.015637174102910892,-4.622649401765047
SR_Pu_UN_G1_C4_N_D200.0m_Lw_10000.0cm_Epw40.0cm_w_lead.o,C4,N,200.0,10000.0,40.0,lead,900,C4_H_900,4.08452e-10,0.0242,5.76382e-11,0.0267,3.9013776809674163e-10,0.021837397160117934,4.433387697969476e-09,0.028965889851002895,2.580209378641933e-09,0.03033846125020143,-4.483814965591638
SR_Pu_UN_G1_C4_N_D300.0m_Lw_15000.0cm_Epw40.0cm_w_lead.o,C4,N,300.0,15000.0,40.0,lead,900,C4_H_900,1.22126e-10,0.0253,1.84702e-11,0.0221,1.168741681796529e-10,0.023559420653341313,1.2490175232205903e-09,0.03280821520802662,7.373519983062479e-10,0.035518773584139095,-4.300338847049014
SR_Pu_UN_G1_C4_N_D500.0m_Lw_25000.0cm_Epw40.0cm_w_lead.o,C4,N,500.0,25000.0,40.0,lead,900,C4_H_900,1.69388e-11,0.0599,2.97898e-12,0.0944,1.626276441969861e-11,0.026776270685904303,1.5617972124409263e-10,0.03653520807739692,8.987380144262895e-11,0.038786710808411694,-3.9910476556863057
SR_Pu_UN_G1_C4_N_D700.0m_Lw_35000.0cm_Epw40.0cm_w_lead.o,C4,N,700.0,35000.0,40.0,lead,900,C4_H_900,2.74895e-12,0.0188,4.98369e-13,0.017,2.648367552073559e-12,0.01675409237904526,2.4180369617727674e-11,0.02480257850098436,1.4223555356180932e-11,0.028817216974280788,-3.6589406110129663
SR_Pu_UN_G1_C4_N_D1.0m_Lw_50.0cm_Epw1.0cm_w_lead.o,C4,N,1.0,50.0,1.0,lead,900,C4_H_900,5.51681e-05,0.0118,2.79456e-06,0.0222,5.2627901617238324e-05,0.01166877527120194,0.000596299572981194,0.013623011124017837,0.0005178261332692528,0.01225696913710884,-4.6044695807208775
SR_Pu_UN_G1_C4_N_D50.0m_Lw_2500.0cm_Epw10.0cm_w_lead.o,C4,N,50.0,2500.0,10.0,lead,900,C4_H_900,2.66629e-08,0.0223,2.32048e-09,0.0222,2.5446760931795586e-08,0.02221816218565584,3.0040743739291243e-07,0.02376043177480325,2.214691492830944e-07,0.025500733513127465,-4.561165770431624
SR_Pu_UN_G1_C4_N_D100.0m_Lw_5000.0cm_Epw10.0cm_w_lead.o,C4,N,100.0,5000.0,10.0,lead,900,C4_H_900,6.09183e-09,0.034,5.80636e-10,0.0232,5.824024283332839e-09,0.034019342044052096,6.725067241939047e-08,0.03714886953007257,4.892243551145323e-08,0.04162891633505826,-4.396145602670468
SR_Pu_UN_G1_C4_N_D1000.0m_Lw_50000.0cm_Epw40.0cm_w_lead.o,C4,N,1000.0,50000.0,40.0,lead,900,C4_H_900,2.31023e-13,0.0187,4.34328e-14,0.0111,2.2271999042208683e-13,0.018340828204139924,1.9488349600391485e-12,0.02815319684574829,1.1593601220015615e-12,0.035209413004436224,-3.594018594647803
SR_Pu_UN_G1_C4_N_D1200.0m_Lw_60000.0cm_Epw40.0cm_w_lead.o,C4,N,1200.0,60000.0,40.0,lead,900,C4_H_900,4.66642e-14,0.0184,8.96092e-15,0.0143,4.504708456616373e-14,0.017172780509571904,3.8957379341615487e-13,0.027828756478808354,2.2928889902351303e-13,0.03224713843505126,-3.4654305309772138
SR_Pu_UN_G1_C4_P_D2.0m_Lw_100.0cm_Epw1.0cm_w_lead.o,C4,P,2.0,100.0,1.0,lead,900,C4_H_900,9.77448e-06,0.0016,1.69661e-06,0.0055,9.804909831916934e-06,0.001603393294347846,9.743808967781512e-06,0.0015626417373034876,8.44959185108151e-06,0.0015241658817096925,
SR_Pu_UN_G1_C4_P_D5.0m_Lw_250.0cm_Epw1.0cm_w_lead.o,C4,P,5.0,250.0,1.0,lead,900,C4_H_900,1.77922e-06,0.0023,3.14564e-07,0.0055,1.7845322748593647e-06,0.0022742902113826948,1.772910378744665e-06,0.002238612668895341,1.5365951346408469e-06,0.0021954859938919987,
SR_Pu_UN_G1_C4_P_D10.0m_Lw_500.0cm_Epw1.0cm_w_lead.o,C4,P,10.0,500.0,1.0,lead,900,C4_H_900,4.56945e-07,0.0019,7.97284e-08,0.0037,4.5831026370347387e-07,0.0018711250561664543,4.553918261664889e-07,0.0018543051002942095,3.948210113313549e-07,0.00183380304277273,
SR_Pu_UN_G1_C4_P_D20.0m_Lw_1000.0cm_Epw1.0cm_w_lead.o,C4,P,20.0,1000.0,1.0,lead,900,C4_H_900,1.11731e-07,0.0028,1.92327e-08,0.0044,1.120659319447641e-07,0.002815294877254868,1.1135457800149837e-07,0.002810265773281441,9.656158622307806e-08,0.002808014430611807,
SR_Pu_UN_G1_C4_P_D50.0m_Lw_2500.0cm_Epw1.0cm_w_lead.o,C4,P,50.0,2500.0,1.0,lead,900,C4_H_900,1.66099e-08,0.0297,2.96334e-09,0.0204,1.665129151403488e-08,0.029579071393170012,1.652875650136193e-08,0.029674055052989857,1.4322908840138583e-08,0.029855087950735226,
SR_Pu_UN_G1_C4_P_D100.0m_Lw_5000.0cm_Epw1.0cm_w_lead.o,C4,P,100.0,5000.0,1.0,lead,900,C4_H_900,3.44372e-09,0.0955,6.76727e-10,0.062,3.4515410301521103e-09,0.0949723049186848,3.4182695586469117e-09,0.09539149108287488,2.9584833780721866e-09,0.09614474343440829,
SR_Pu_UN_G1_C4_P_D200.0m_Lw_10000.0cm_Epw1.0cm_w_lead.o,C4,P,200.0,10000.0,1.0,lead,900,C4_H_900,6.74351e-10,0.102,1.41962e-10,0.0544,6.758410856415467e-10,0.10163271542158485,6.695966098607951e-10,0.1023729527153194,5.785998719996782e-10,0.10338709095476616,
SR_Pu_UN_G1_C4_P_D300.0m_Lw_15000.0cm_Epw1.0cm_w_lead.o,C4,P,300.0,15000.0,1.0,lead,900,C4_H_900,1.34116e-10,0.1165,4.09768e-11,0.0569,1.3510790558383642e-10,0.11760475769016983,1.3319047010826309e-10,0.11985069262369782,1.1399527957993493e-10,0.1221002109640561,
SR_Pu_UN_G1_C4_P_D500.0m_Lw_25000.0cm_Epw1.0cm_w_lead.o,C4,P,500.0,25000.0,1.0,lead,900,C4_H_900,3.0776e-11,0.1436,8.55909e-12,0.0647,3.0929301058051226e-11,0.14389429377324536,3.047216893635198e-11,0.14516048657847253,2.609951612870442e-11,0.14789578597443626,
SR_Pu_UN_G1_C4_P_D700.0m_Lw_35000.0cm_Epw1.0cm_w_lead.o,C4,P,700.0,35000.0,1.0,lead,900,C4_H_900,7.1847e-12,0.1626,2.01207e-12,0.0524,7.188270019584712e-12,0.16194849706653483,7.077018344955712e-12,0.1630623219942319,6.054337301472433e-12,0.16423766554163932,
SR_Pu_UN_G1_C4_P_D1000.0m_Lw_50000.0cm_Epw1.0cm_w_lead.o,C4,P,1000.0,50000.0,1.0,lead,900,C4_H_900,1.23428e-12,0.2081,3.37489e-13,0.0876,1.2458834103106998e-12,0.21251651928213638,1.232217851716971e-12,0.21618506217313055,1.0589810864882971e-12,0.21952697524673825,
SR_Pu_UN_G1_C4_P_D1200.0m_Lw_60000.0cm_Epw1.0cm_w_lead.o,C4,P,1200.0,60000.0,1.0,lead,900,C4_H_900,4.3991e-13,0.2821,1.03281e-13,0.083,4.4226814296367105e-13,0.28443218865868664,4.3536588133602844e-13,0.2847791402756652,3.722443720282657e-13,0.2856325474239992,
SR_Pu_UN_G1_C4_P_D1.0m_Lw_50.0cm_Epw5.0cm_w_lead.o,C4,P,1.0,50.0,5.0,lead,900,C4_H_900,5.7382e-06,0.0032,8.7037e-07,0.0087,5.75527917151015e-06,0.003040660192263727,5.730264411640383e-06,0.0030061130915439516,4.984139671955281e-06,0.002958164883274438,
SR_Pu_UN_G1_C4_P_D2.0m_Lw_100.0cm_Epw5.0cm_w_lead.o,C4,P,2.0,100.0,5.0,lead,900,C4_H_900,1.83758e-06,0.0048,2.91034e-07,0.0093,1.8435043635890767e-06,0.00479302561805746,1.833783855145181e-06,0.004769737708154235,1.5935142934181227e-06,0.004717265641807009,
SR_Pu_UN_G1_C4_P_D5.0m_Lw_250.0cm_Epw5.0cm_w_lead.o,C4,P,5.0,250.0,5.0,lead,900,C4_H_900,3.43033e-07,0.0055,5.3804e-08,0.01,3.441801254003341e-07,0.0055144451961898905,3.422326276390457e-07,0.005482220942653699,2.9724914482482614e-07,0.005413307514638258,
SR_Pu_UN_G1_C4_P_D10.0m_Lw_500.0cm_Epw5.0cm_w_lead.o,C4,P,10.0,500.0,5.0,lead,900,C4_H_900,8.93352e-08,0.006,1.39233e-08,0.0111,8.962697608768912e-08,0.005968078641711723,8.91088506903737e-08,0.005943372744128903,7.736826870399121e-08,0.005888476640573605,
SR_Pu_UN_G1_C4_P_D20.0m_Lw_1000.0cm_Epw5.0cm_w_lead.o,C4,P,20.0,1000.0,5.0,lead,900,C4_H_900,2.24439e-08,0.0062,3.5302e-09,0.0144,2.2523561216915793e-08,0.006152627861356245,2.237894667904458e-08,0.006150754429322432,1.9405445308377108e-08,0.006068830542523229,
SR_Pu_UN_G1_C4_P_D50.0m_Lw_2500.0cm_Epw5.0cm_w_lead.o,C4,P,50.0,2500.0,5.0,lead,900,C4_H_900,3.77202e-09,0.0289,6.24764e-10,0.0242,3.786983942456286e-09,0.0288040703048913,3.756633030953409e-09,0.02896521762345203,3.253318304838321e-09,0.029168535290068014,
SR_Pu_UN_G1_C4_P_D100.0m_Lw_5000.0cm_Epw5.0cm_w_lead.o,C4,P,100.0,5000.0,5.0,lead,900,C4_H_900,9.07076e-10,0.1273,1.60718e-10,0.0931,9.091111547342249e-10,0.12632517723465164,9.009265921571888e-10,0.12709515183997724,7.792155294431737e-10,0.12841301747774142,
SR_Pu_UN_G1_C4_P_D200.0m_Lw_10000.0cm_Epw5.0cm_w_lead.o,C4,P,200.0,10000.0,5.0,lead,900,C4_H_900,2.1489e-10,0.1442,3.60825e-11,0.0835,2.157740739421804e-10,0.14376001268698277,2.1347585562773228e-10,0.1441796855335154,1.8415625197149406e-10,0.14506402520935346,
SR_Pu_UN_G1_C4_P_D300.0m_Lw_15000.0cm_Epw5.0cm_w_lead.o,C4,P,300.0,15000.0,5.0,lead,900,C4_H_900,5.80924e-11,0.1756,1.27531e-11,0.093,5.863188605661713e-11,0.17751799640855692,5.7889603694437566e-11,0.17940561188384888,4.977346561288079e-11,0.18248106367803205,
SR_Pu_UN_G1_C4_P_D500.0m_Lw_25000.0cm_Epw5.0cm_w_lead.o,C4,P,500.0,25000.0,5.0,lead,900,C4_H_900,8.79875e-12,0.1133,2.06292e-12,0.0725,8.844640246567091e-12,0.11447527702846619,8.721286662495408e-12,0.11629293788573661,7.476496995683819e-12,0.1179968540166674,
SR_Pu_UN_G1_C4_P_D700.0m_Lw_35000.0cm_Epw5.0cm_w_lead.o,C4,P,700.0,35000.0,5.0,lead,900,C4_H_900,3.29577e-12,0.2848,6.21269e-13,0.1028,3.3038060328622442e-12,0.2816959648887305,3.248126748652529e-12,0.28239724660829246,2.776184838129505e-12,0.28237332019673217,
SR_Pu_UN_G1_C4_P_D1000.0m_Lw_50000.0cm_Epw5.0cm_w_lead.o,C4,P,1000.0,50000.0,5.0,lead,900,C4_H_900,2.92508e-13,0.1667,7.35848e-14,0.071,2.936904714670678e-13,0.16656588444336204,2.8889290561183693e-13,0.16812485136838404,2.475363569310266e-13,0.17094890762632065,
SR_Pu_UN_G1_C4_P_D1200.0m_Lw_60000.0cm_Epw5.0cm_w_lead.o,C4,P,1200.0,60000.0,5.0,lead,900,C4_H_900,9.38743e-14,0.1616,2.56422e-14,0.0772,9.397432388689432e-14,0.16055144647373554,9.273876820978112e-14,0.16228665119281185,7.958774182134978e-14,0.16490186619576525,
SR_Pu_UN_G1_C4_P_D1.0m_Lw_50.0cm_Epw10.0cm_w_lead.o,C4,P,1.0,50.0,10.0,lead,900,C4_H_900,1.02295e-06,0.0073,1.63621e-07,0.0142,1.0283175555092097e-06,0.007305862728221026,1.0226652838075906e-06,0.007276613064629428,8.878736793682801e-07,0.007208060680741538,
SR_Pu_UN_G1_C4_P_D2.0m_Lw_100.0cm_Epw10.0cm_w_lead.o,C4,P,2.0,100.0,10.0,lead,900,C4_H_900,3.9609e-07,0.0114,6.57291e-08,0.0185,3.980781391284845e-07,0.01138661421468819,3.9516371028302374e-07,0.01138782893484572,3.425114347611315e-07,0.011402217295295839,
SR_Pu_UN_G1_C4_P_D5.0m_Lw_250.0cm_Epw10.0cm_w_lead.o,C4,P,5.0,250.0,10.0,lead,900,C4_H_900,8.62925e-08,0.012,1.38641e-08,0.0211,8.668108792606327e-08,0.011876526612318259,8.597044793600657e-08,0.011859547496826835,7.441723740635497e-08,0.011800015133282516,
SR_Pu_UN_G1_C4_P_D10.0m_Lw_500.0cm_Epw10.0cm_w_lead.o,C4,P,10.0,500.0,10.0,lead,900,C4_H_900,2.44694e-08,0.0132,3.8524e-09,0.0235,2.4582772041814816e-08,0.01309649531585415,2.43668387210129e-08,0.01305974406847841,2.108291169140545e-08,0.013007577577162258,
SR_Pu_UN_G1_C4_P_D100.0m_Lw_5000.0cm_Epw10.0cm_w_lead.o,C4,P,100.0,5000.0,10.0,lead,900,C4_H_900,3.97104e-10,0.091,7.09847e-11,0.0688,3.9915812817979277e-10,0.09081192657205937,3.9426851805719464e-10,0.09196426618351985,3.3938272733082204e-10,0.09341637500527966,
SR_Pu_UN_G1_C4_P_D200.0m_Lw_10000.0cm_Epw10.0cm_w_lead.o,C4,P,200.0,10000.0,10.0,lead,900,C4_H_900,8.03469e-11,0.0344,1.64797e-11,0.0518,8.069338490572953e-11,0.034023085291865936,7.955291628637809e-11,0.03421407996716626,6.835334659171696e-11,0.034509700070951034,
SR_Pu_UN_G1_C4_P_D300.0m_Lw_15000.0cm_Epw10.0cm_w_lead.o,C4,P,300.0,15000.0,10.0,lead,900,C4_H_900,2.69718e-11,0.0377,5.07312e-12,0.0551,2.7160880081538922e-11,0.03768149348653109,2.679150147310191e-11,0.037952323444031,2.3018287877483994e-11,0.03817860344486564,
SR_Pu_UN_G1_C4_P_D500.0m_Lw_25000.0cm_Epw10.0cm_w_lead.o,C4,P,500.0,25000.0,10.0,lead,900,C4_H_900,5.05625e-12,0.0705,1.14021e-12,0.0675,5.07857603631913e-12,0.0700348818119796,5.00330353471295e-12,0.07131117610501739,4.28304812226431e-12,0.07223741733483158,
SR_Pu_UN_G1_C4_P_D700.0m_Lw_35000.0cm_Epw10.0cm_w_lead.o,C4,P,700.0,35000.0,10.0,lead,900,C4_H_900,1.19577e-12,0.0679,2.97399e-13,0.0682,1.2025336497549744e-12,0.06755194025657797,1.1819957022643297e-12,0.06779506094313756,1.0119227212430672e-12,0.06844101671308858,
SR_Pu_UN_G1_C4_P_D1000.0m_Lw_50000.0cm_Epw10.0cm_w_lead.o,C4,P,1000.0,50000.0,10.0,lead,900,C4_H_900,1.52429e-13,0.101,3.62779e-14,0.0777,1.5299921673465687e-13,0.09974599358604859,1.5026460824204314e-13,0.10007769061545017,1.2830255074192893e-13,0.1005960397281763,
SR_Pu_UN_G1_C4_P_D1200.0m_Lw_60000.0cm_Epw10.0cm_w_lead.o,C4,P,1200.0,60000.0,10.0,lead,900,C4_H_900,4.59304e-14,0.1601,9.59844e-15,0.0913,4.6035977914400984e-14,0.15995336281471115,4.523062718689901e-14,0.16038639118441606,3.87279097139443e-14,0.16142299877387867,
SR_Pu_UN_G1_C4_P_D1.0m_Lw_50.0cm_Epw20.0cm_w_lead.o,C4,P,1.0,50.0,20.0,lead,900,C4_H_900,2.27872e-07,0.0118,3.93357e-08,0.0171,2.2996173372776694e-07,0.011647741516713462,2.280012557081438e-07,0.011621035212544656,1.9695545840231767e-07,0.011581882404303842,
SR_Pu_UN_G1_C4_P_D2.0m_Lw_100.0cm_Epw20.0cm_w_lead.o,C4,P,2.0,100.0,20.0,lead,900,C4_H_900,1.24819e-07,0.0136,2.14453e-08,0.0258,1.2566731451657396e-07,0.013512412058715307,1.2434809408594176e-07,0.013451739959023606,1.0722605391431985e-07,0.013326309734205228,
SR_Pu_UN_G1_C4_P_D5.0m_Lw_250.0cm_Epw20.0cm_w_lead.o,C4,P,5.0,250.0,20.0,lead,900,C4_H_900,3.47653e-08,0.0152,5.43241e-09,0.0212,3.496659130596145e-08,0.015093132406319147,3.460477600122075e-08,0.015140764527295932,2.984661528819098e-08,0.015184178359748132,
SR_Pu_UN_G1_C4_P_D10.0m_Lw_500.0cm_Epw20.0cm_w_lead.o,C4,P,10.0,500.0,20.0,lead,900,C4_H_900,1.12061e-08,0.0159,1.76933e-09,0.0265,1.126828164726025e-08,0.015863041966152038,1.1147852870572639e-08,0.01589238110443163,9.617269105108728e-09,0.015980512274312242,
SR_Pu_UN_G1_C4_P_D20.0m_Lw_1000.0cm_Epw20.0cm_w_lead.o,C4,P,20.0,1000.0,20.0,lead,900,C4_H_900,3.46629e-09,0.0132,5.456e-10,0.0232,3.487382935834584e-09,0.013205490937777257,3.447926034329343e-09,0.013215341920738836,2.971079833667174e-09,0.013184073266590959,
SR_Pu_UN_G1_C4_P_D50.0m_Lw_2500.0cm_Epw20.0cm_w_lead.o,C4,P,50.0,2500.0,20.0,lead,900,C4_H_900,7.93446e-10,0.0123,1.28543e-10,0.0238,7.979743290618849e-10,0.012254494430633122,7.880363120304979e-10,0.01227009862342878,6.783390020928611e-10,0.012324012004617229,
SR_Pu_UN_G1_C4_P_D100.0m_Lw_5000.0cm_Epw20.0cm_w_lead.o,C4,P,100.0,5000.0,20.0,lead,900,C4_H_900,2.43027e-10,0.0221,4.20705e-11,0.0319,2.446932420019097e-10,0.021942604831212298,2.414996032614244e-10,0.022057035009804327,2.0765745078044387e-10,0.022243065778592325,
SR_Pu_UN_G1_C4_P_D200.0m_Lw_10000.0cm_Epw20.0cm_w_lead.o,C4,P,200.0,10000.0,20.0,lead,900,C4_H_900,5.80103e-11,0.0345,1.15732e-11,0.0603,5.834917321852943e-11,0.034066656888168324,5.751368503671997e-11,0.034045934520699234,4.92807443727641e-11,0.03412112617398874,
SR_Pu_UN_G1_C4_P_D300.0m_Lw_15000.0cm_Epw20.0cm_w_lead.o,C4,P,300.0,15000.0,20.0,lead,900,C4_H_900,2.08198e-11,0.0454,4.48809e-12,0.0799,2.092166345389686e-11,0.04466195480792697,2.0580234302174048e-11,0.044708669370532,1.7601800865128184e-11,0.04450597705661958,
SR_Pu_UN_G1_C4_P_D500.0m_Lw_25000.0cm_Epw20.0cm_w_lead.o,C4,P,500.0,25000.0,20.0,lead,900,C4_H_900,3.50408e-12,0.044,7.76727e-13,0.0785,3.526372067465621e-12,0.044160872381308974,3.4659571562270062e-12,0.043776937939880564,2.944193581145499e-12,0.042236348769023324,
SR_Pu_UN_G1_C4_P_D700.0m_Lw_35000.0cm_Epw20.0cm_w_lead.o,C4,P,700.0,35000.0,20.0,lead,900,C4_H_900,7.70947e-13,0.0397,1.75509e-13,0.0558,7.759507621424467e-13,0.03976768907766391,7.62624513767295e-13,0.039579526738820106,6.520965118319597e-13,0.03910864776030501,
SR_Pu_UN_G1_C4_P_D1000.0m_Lw_50000.0cm_Epw20.0cm_w_lead.o,C4,P,1000.0,50000.0,20.0,lead,900,C4_H_900,1.09531e-13,0.1161,2.30539e-14,0.0734,1.1019666814644941e-13,0.11600699017831598,1.084547421897449e-13,0.11688751854761936,9.304773775858157e-14,0.11840814991451482,
SR_Pu_UN_G1_C4_P_D1200.0m_Lw_60000.0cm_Epw20.0cm_w_lead.o,C4,P,1200.0,60000.0,20.0,lead,900,C4_H_900,4.0062e-14,0.2616,6.9176e-15,0.1292,4.0372935049660243e-14,0.26148180087374967,3.9692484541690204e-14,0.26087443996223153,3.387123319358124e-14,0.26036997713828836,
SR_Pu_UN_G1_C4_P_D1.0m_Lw_50.0cm_Epw40.0cm_w_lead.o,C4,P,1.0,50.0,40.0,lead,900,C4_H_900,5.54983e-08,0.108,7.35424e-09,0.078,5.601346438489147e-08,0.10702793738548615,5.558192281530087e-08,0.10699041210441451,4.798110706063938e-08,0.10698597365283866,
SR_Pu_UN_G1_C4_P_D2.0m_Lw_100.0cm_Epw40.0cm_w_lead.o,C4,P,2.0,100.0,40.0,lead,900,C4_H_900,5.08609e-08,0.0083,8.49565e-09,0.0168,5.119239293537272e-08,0.008067789429108045,5.06391910072839e-08,0.00805423733732826,4.36427288180186e-08,0.008020699062003664,
SR_Pu_UN_G1_C4_P_D5.0m_Lw_250.0cm_Epw40.0cm_w_lead.o,C4,P,5.0,250.0,40.0,lead,900,C4_H_900,1.77488e-08,0.0108,2.80068e-09,0.0219,1.7853704690479537e-08,0.010752475966369269,1.7655675541252374e-08,0.010757756578054152,1.522208562541263e-08,0.010715318473785528,
SR_Pu_UN_G1_C4_P_D10.0m_Lw_500.0cm_Epw40.0cm_w_lead.o,C4,P,10.0,500.0,40.0,lead,900,C4_H_900,5.55085e-09,0.0076,8.61068e-10,0.0157,5.582800923713464e-09,0.007488502417934446,5.5186790095991e-09,0.0074706056840134925,4.75545637039285e-09,0.007442069772236414,
SR_Pu_UN_G1_C4_P_D20.0m_Lw_1000.0cm_Epw40.0cm_w_lead.o,C4,P,20.0,1000.0,40.0,lead,900,C4_H_900,1.81858e-09,0.0057,2.82809e-10,0.011,1.8290518062364236e-09,0.005301500428121702,1.8073678474692631e-09,0.005298782594621164,1.5564705168154867e-09,0.005287993822382333,
SR_Pu_UN_G1_C4_P_D50.0m_Lw_2500.0cm_Epw40.0cm_w_lead.o,C4,P,50.0,2500.0,40.0,lead,900,C4_H_900,4.5628e-10,0.0084,7.45581e-11,0.0159,4.5904761236343977e-10,0.008159697135788135,4.532150913680247e-10,0.008149913329704616,3.8978712009056743e-10,0.008079546005902619,
SR_Pu_UN_G1_C4_P_D100.0m_Lw_5000.0cm_Epw40.0cm_w_lead.o,C4,P,100.0,5000.0,40.0,lead,900,C4_H_900,1.46263e-10,0.0101,2.54933e-11,0.0182,1.4714005010329047e-10,0.009689049099193407,1.4516874844765464e-10,0.009732845494151003,1.2473570425103854e-10,0.009764769653720036,
SR_Pu_UN_G1_C4_P_D200.0m_Lw_10000.0cm_Epw40.0cm_w_lead.o,C4,P,200.0,10000.0,40.0,lead,900,C4_H_900,3.51704e-11,0.0108,6.45567e-12,0.0233,3.5395323759657746e-11,0.010565793595723754,3.48862394053907e-11,0.010518203368915124,2.9929740411450285e-11,0.010457557439767224,
SR_Pu_UN_G1_C4_P_D300.0m_Lw_15000.0cm_Epw40.0cm_w_lead.o,C4,P,300.0,15000.0,40.0,lead,900,C4_H_900,1.24022e-11,0.0125,2.46512e-12,0.0269,1.2474592668380656e-11,0.012099254445661062,1.2286579550776422e-11,0.012054537463010828,1.0530656030581286e-11,0.012020112712452995,
SR_Pu_UN_G1_C4_P_D500.0m_Lw_25000.0cm_Epw40.0cm_w_lead.o,C4,P,500.0,25000.0,40.0,lead,900,C4_H_900,2.24471e-12,0.02,4.64143e-13,0.0266,2.2578052214579505e-12,0.019783345867207723,2.221596857137662e-12,0.0198028045889908,1.8999479867884343e-12,0.019799223960708424,
SR_Pu_UN_G1_C4_P_D1200.0m_Lw_60000.0cm_Epw40.0cm_w_lead.o,C4,P,1200.0,60000.0,40.0,lead,900,C4_H_900,1.40782e-14,0.0429,3.18731e-15,0.0292,1.4170483663089155e-14,0.042937847254776416,1.3905740426028653e-14,0.04300915744695899,1.1834467301531189e-14,0.04311508870025602,
SR_Pu_UN_G1_C4_P_D1.0m_Lw_50.0cm_Epw1.0cm_w_lead.o,C4,P,1.0,50.0,1.0,lead,900,C4_H_900,3.21768e-05,0.001,5.34128e-06,0.0041,3.227478395209913e-05,0.0009970773746887716,3.209782770390955e-05,0.0009726764593704768,2.785154227692831e-05,0.0009571641125914424,
SR_Pu_UN_G1_C4_P_D20.0m_Lw_1000.0cm_Epw10.0cm_w_lead.o,C4,P,20.0,1000.0,10.0,lead,900,C4_H_900,6.93866e-09,0.0134,1.0787e-09,0.0224,6.973408729924893e-09,0.01336953271066602,6.908815782987108e-09,0.013401566620526913,5.966797675775459e-09,0.01340357047546644,
SR_Pu_UN_G1_C4_P_D50.0m_Lw_2500.0cm_Epw10.0cm_w_lead.o,C4,P,50.0,2500.0,10.0,lead,900,C4_H_900,1.38822e-09,0.0254,2.30165e-10,0.0371,1.3941421903936662e-09,0.025072165639661883,1.3773985255897692e-09,0.025068273904439983,1.1869268171598405e-09,0.02517919721096829,
SR_Pu_UN_G1_C4_P_D700.0m_Lw_35000.0cm_Epw40.0cm_w_lead.o,C4,P,700.0,35000.0,40.0,lead,900,C4_H_900,4.69021e-13,0.0262,1.01428e-13,0.0259,4.721634446176548e-13,0.0261864682039275,4.642577995150623e-13,0.02626393524473503,3.9645552983072165e-13,0.026328218474487294,
SR_Pu_UN_G1_C4_P_D1000.0m_Lw_50000.0cm_Epw40.0cm_w_lead.o,C4,P,1000.0,50000.0,40.0,lead,900,C4_H_900,5.94989e-14,0.0427,1.26979e-14,0.0279,5.993615283235729e-14,0.0427667962937938,5.881319838846916e-14,0.0427193758300305,5.000974711304459e-14,0.0425509764007119,
SR_Pu_UN_G1_C4_N_D2.0m_Lw_100.0cm_Epw1.0cm_w_steel.o,C4,N,2.0,100.0,1.0,steel,900,C4_H_900,1.73931e-05,0.0175,9.73054e-07,0.0555,1.6585582790547952e-05,0.017330609811883183,0.0001888903419545508,0.017988847987051637,0.00016061698166645557,0.016349934039550637,-4.642744590970264
SR_Pu_UN_G1_C4_N_D5.0m_Lw_250.0cm_Epw1.0cm_w_steel.o,C4,N,5.0,250.0,1.0,steel,900,C4_H_900,3.53468e-06,0.0591,1.91432e-07,0.0521,3.362495817395476e-06,0.057201057523707105,3.9333034379517616e-05,0.07337470333742739,3.2861021359253656e-05,0.06447122157108909,-4.871280642222896
SR_Pu_UN_G1_C4_N_D10.0m_Lw_500.0cm_Epw1.0cm_w_steel.o,C4,N,10.0,500.0,1.0,steel,900,C4_H_900,8.12441e-07,0.0236,4.7447e-08,0.0393,7.753417618781675e-07,0.02354140940988738,8.840305052855089e-06,0.027565605779002914,7.412447913121459e-06,0.023932440487350375,-4.566391666820419
SR_Pu_UN_G1_C4_N_D20.0m_Lw_1000.0cm_Epw1.0cm_w_steel.o,C4,N,20.0,1000.0,1.0,steel,900,C4_H_900,2.10514e-07,0.0204,1.45923e-08,0.0267,2.010418046665378e-07,0.020265198049070288,2.244830330638778e-06,0.022125009851521788,1.8610898197475967e-06,0.022270622875285195,-4.499556007420976
SR_Pu_UN_G1_C4_N_D50.0m_Lw_2500.0cm_Epw1.0cm_w_steel.o,C4,N,50.0,2500.0,1.0,steel,900,C4_H_900,3.63766e-08,0.0339,2.84979e-09,0.0222,3.477267951138796e-08,0.0339966743831772,3.8502750660418506e-07,0.03452759654721616,3.1079859991513985e-07,0.03945051448751664,-4.40920946051044
SR_Pu_UN_G1_C4_N_D100.0m_Lw_5000.0cm_Epw1.0cm_w_steel.o,C4,N,100.0,5000.0,1.0,steel,900,C4_H_900,9.57533e-09,0.0556,7.83927e-10,0.0277,9.163049663965344e-09,0.05540091671203745,1.0073188307682809e-07,0.05545853010148158,8.027041958260346e-08,0.06514956101526655,-4.30565146093823
SR_Pu_UN_G1_C4_N_D200.0m_Lw_10000.0cm_Epw1.0cm_w_steel.o,C4,N,200.0,10000.0,1.0,steel,900,C4_H_900,1.73303e-09,0.0786,1.49213e-10,0.0351,1.659476488503342e-09,0.0779460042728932,1.8540816561473704e-08,0.07002989539311714,1.4193443986259318e-08,0.09087620036519084,-4.244214554661947
SR_Pu_UN_G1_C4_N_D300.0m_Lw_15000.0cm_Epw1.0cm_w_steel.o,C4,N,300.0,15000.0,1.0,steel,900,C4_H_900,6.1405e-10,0.1203,5.66396e-11,0.0439,5.881398300258513e-10,0.1207475575298559,6.313396796839714e-09,0.11823432131674841,4.889042974814252e-09,0.15113443847357083,-4.219553778055312
SR_Pu_UN_G1_C4_N_D500.0m_Lw_25000.0cm_Epw1.0cm_w_steel.o,C4,N,500.0,25000.0,1.0,steel,900,C4_H_900,1.03337e-10,0.1708,8.95281e-12,0.0469,9.866048127034083e-11,0.1680614379718807,1.063931240460969e-09,0.13094074910371445,8.267544687066052e-10,0.18684291782485346,-4.52550270441291
SR_Pu_UN_G1_C4_N_D700.0m_Lw_35000.0cm_Epw1.0cm_w_steel.o,C4,N,700.0,35000.0,1.0,steel,900,C4_H_900,2.64529e-11,0.2595,2.1043e-12,0.085,2.5239491776153044e-11,0.25750836134423494,2.801516053775685e-10,0.2553239078002212,2.1704772462796134e-10,0.2972950729129395,-4.587051793364644
SR_Pu_UN_G1_C4_N_D1000.0m_Lw_50000.0cm_Epw1.0cm_w_steel.o,C4,N,1000.0,50000.0,1.0,steel,900,C4_H_900,1.74204e-12,0.0645,1.99873e-13,0.0274,1.6735619180536796e-12,0.06575031442730969,1.8259902146025617e-11,0.058970344486582234,1.2772804188939624e-11,0.08405275633261614,-3.9309132939726017
SR_Pu_UN_G1_C4_N_D1200.0m_Lw_60000.0cm_Epw1.0cm_w_steel.o,C4,N,1200.0,60000.0,1.0,steel,900,C4_H_900,4.06376e-13,0.0511,4.96635e-14,0.0261,3.897034503139285e-13,0.050861593914731495,4.177423276338239e-12,0.057717308652594834,2.8757626104271336e-12,0.07191120107816613,-4.1027397499044
SR_Pu_UN_G1_C4_N_D1.0m_Lw_50.0cm_Epw5.0cm_w_steel.o,C4,N,1.0,50.0,5.0,steel,900,C4_H_900,4.36042e-05,0.0143,2.00006e-06,0.02,4.152040207817843e-05,0.014141997936929166,0.0005208527441884075,0.01585369630861502,0.0004181555762605126,0.014671474669743553,-4.778892679653716
SR_Pu_UN_G1_C4_N_D2.0m_Lw_100.0cm_Epw5.0cm_w_steel.o,C4,N,2.0,100.0,5.0,steel,900,C4_H_900,1.38121e-05,0.0186,6.75825e-07,0.0293,1.3159663660910048e-05,0.01825955423929965,0.00016375873716277607,0.019032333297776677,0.00013138407691711164,0.01951651658710212,-4.723657800696137
SR_Pu_UN_G1_C4_N_D5.0m_Lw_250.0cm_Epw5.0cm_w_steel.o,C4,N,5.0,250.0,5.0,steel,900,C4_H_900,2.62032e-06,0.0272,1.37695e-07,0.0323,2.4926302128466636e-06,0.026952593147505418,3.135440655015126e-05,0.030885739995230376,2.4550626115653065e-05,0.028924506135727033,-4.873060815218608
SR_Pu_UN_G1_C4_N_D10.0m_Lw_500.0cm_Epw5.0cm_w_steel.o,C4,N,10.0,500.0,5.0,steel,900,C4_H_900,6.383e-07,0.0175,3.65958e-08,0.027,6.081331660022133e-07,0.017413890528930786,7.534446611060599e-06,0.019472120033890237,5.869507500469226e-06,0.018025513583597212,-4.726121572581344
SR_Pu_UN_G1_C4_N_D20.0m_Lw_1000.0cm_Epw5.0cm_w_steel.o,C4,N,20.0,1000.0,5.0,steel,900,C4_H_900,1.62762e-07,0.0145,9.98716e-09,0.0186,1.550231736908481e-07,0.014436151360648289,1.9182581305320615e-06,0.015359214260400432,1.4813001764977736e-06,0.015524527068661451,-4.754688630731929
SR_Pu_UN_G1_C4_N_D50.0m_Lw_2500.0cm_Epw5.0cm_w_steel.o,C4,N,50.0,2500.0,5.0,steel,900,C4_H_900,2.65913e-08,0.0263,2.0705e-09,0.0214,2.53729162537528e-08,0.0261100823858094,3.0481016321362896e-07,0.026963347677329427,2.280296044881621e-07,0.030308249014550755,-4.581888611114154
SR_Pu_UN_G1_C4_N_D100.0m_Lw_5000.0cm_Epw5.0cm_w_steel.o,C4,N,100.0,5000.0,5.0,steel,900,C4_H_900,6.12367e-09,0.0393,5.20709e-10,0.0244,5.860258979656683e-09,0.03915151954192806,6.971348537796263e-08,0.04080252144683424,5.133160738578893e-08,0.04694409787199711,-4.30152213204364
SR_Pu_UN_G1_C4_N_D200.0m_Lw_10000.0cm_Epw5.0cm_w_steel.o,C4,N,200.0,10000.0,5.0,steel,900,C4_H_900,1.35099e-09,0.077,1.24377e-10,0.0379,1.2897206852581428e-09,0.07696671223355558,1.466196368914364e-08,0.07074166224397758,1.0784615970158178e-08,0.09165582990117757,-4.5351419878649795
SR_Pu_UN_G1_C4_N_D300.0m_Lw_15000.0cm_Epw5.0cm_w_steel.o,C4,N,300.0,15000.0,5.0,steel,900,C4_H_900,3.45043e-10,0.0675,3.98037e-11,0.0376,3.299682040970959e-10,0.06776710640936383,3.6750172478410242e-09,0.07509376721212825,2.500308487176516e-09,0.09137587604012033,-4.368961521579666
SR_Pu_UN_G1_C4_N_D500.0m_Lw_25000.0cm_Epw5.0cm_w_steel.o,C4,N,500.0,25000.0,5.0,steel,900,C4_H_900,6.18499e-11,0.1038,6.84906e-12,0.0398,5.927881454347147e-11,0.10196965168327701,6.448626093517675e-10,0.10329155493641526,4.6322508270776655e-10,0.13453942724761578,-4.156975931292593
SR_Pu_UN_G1_C4_N_D700.0m_Lw_35000.0cm_Epw5.0cm_w_steel.o,C4,N,700.0,35000.0,5.0,steel,900,C4_H_900,1.11927e-11,0.0895,1.32701e-12,0.0371,1.0737972800533636e-11,0.08864590915968916,1.161011590708559e-10,0.09763458434098889,7.998120492785973e-11,0.120457094893863,-4.062712298787284
SR_Pu_UN_G1_C4_N_D1000.0m_Lw_50000.0cm_Epw5.0cm_w_steel.o,C4,N,1000.0,50000.0,5.0,steel,900,C4_H_900,1.23577e-12,0.0821,1.58272e-13,0.034,1.1917669758619977e-12,0.08309852058937246,1.2406146460713067e-11,0.092768925866971,8.606536280838463e-12,0.12223688303377923,-3.5607778258092053
SR_Pu_UN_G1_C4_N_D1200.0m_Lw_60000.0cm_Epw5.0cm_w_steel.o,C4,N,1200.0,60000.0,5.0,steel,900,C4_H_900,2.63857e-13,0.0532,3.55294e-14,0.032,2.534913683752213e-13,0.05280948620966794,2.6297812670446753e-12,0.0701349765776207,1.7922849195892908e-12,0.07778105523757609,-3.9285035548720297
SR_Pu_UN_G1_C4_N_D1.0m_Lw_50.0cm_Epw10.0cm_w_steel.o,C4,N,1.0,50.0,10.0,steel,900,C4_H_900,3.15577e-05,0.0103,1.53193e-06,0.0143,2.9994611259635164e-05,0.009380606897978755,0.0004063562004058205,0.010647432109177445,0.0002986708808142564,0.009221306551513528,-4.953113631110106
SR_Pu_UN_G1_C4_N_D2.0m_Lw_100.0cm_Epw10.0cm_w_steel.o,C4,N,2.0,100.0,10.0,steel,900,C4_H_900,9.73973e-06,0.0166,5.07469e-07,0.0239,9.245357357663965e-06,0.016188055539673552,0.00012488892499288218,0.018291030828420218,9.070933020526001e-05,0.016121798954531877,-5.075835185739589
SR_Pu_UN_G1_C4_N_D5.0m_Lw_250.0cm_Epw10.0cm_w_steel.o,C4,N,5.0,250.0,10.0,steel,900,C4_H_900,1.81682e-06,0.0206,9.9014e-08,0.0255,1.7250494738547573e-06,0.020363892152505943,2.3220030330518643e-05,0.02142864162775442,1.6775818916823806e-05,0.021380362590417926,-5.051162258519985
SR_Pu_UN_G1_C4_N_D10.0m_Lw_500.0cm_Epw10.0cm_w_steel.o,C4,N,10.0,500.0,10.0,steel,900,C4_H_900,4.41106e-07,0.0188,2.68799e-08,0.0269,4.1970465382679137e-07,0.018670414324026285,5.570742485562036e-06,0.02034102263872597,3.980361262031106e-06,0.019120827952365357,-4.851746784947073
SR_Pu_UN_G1_C4_N_D20.0m_Lw_1000.0cm_Epw10.0cm_w_steel.o,C4,N,20.0,1000.0,10.0,steel,900,C4_H_900,1.13229e-07,0.0174,7.63992e-09,0.0254,1.077265479859346e-07,0.017349158741656354,1.410978585608945e-06,0.01805170954903764,1.0008653752041344e-06,0.018108264844200472,-4.859578388986387
SR_Pu_UN_G1_C4_N_D200.0m_Lw_10000.0cm_Epw10.0cm_w_steel.o,C4,N,200.0,10000.0,10.0,steel,900,C4_H_900,8.98656e-10,0.0681,9.47238e-11,0.0397,8.584849642602177e-10,0.06741514814907207,1.0358059307360802e-08,0.07415023052347633,6.872151678841033e-09,0.0869416825015234,-4.470123800406641
SR_Pu_UN_G1_C4_N_D300.0m_Lw_15000.0cm_Epw10.0cm_w_steel.o,C4,N,300.0,15000.0,10.0,steel,900,C4_H_900,2.26784e-10,0.068,3.01957e-11,0.0428,2.1614921497548282e-10,0.06682123183756956,2.3667345275307127e-09,0.08104585808460374,1.5273673932582702e-09,0.09778259069447136,-4.689389473912259
SR_Pu_UN_G1_C4_N_D500.0m_Lw_25000.0cm_Epw10.0cm_w_steel.o,C4,N,500.0,25000.0,10.0,steel,900,C4_H_900,3.80035e-11,0.0663,5.45369e-12,0.0406,3.629540976383384e-11,0.06419068714329342,3.795812041330519e-10,0.08378512694381694,2.4334364200383603e-10,0.09544596155920056,-4.49456033303817
SR_Pu_UN_G1_C4_N_D700.0m_Lw_35000.0cm_Epw10.0cm_w_steel.o,C4,N,700.0,35000.0,10.0,steel,900,C4_H_900,8.5685e-12,0.1831,1.06048e-12,0.06,8.241587809878803e-12,0.18370614045136047,9.2408033166169e-11,0.23635928605685078,6.19044689192868e-11,0.2722750420046924,-3.815279105108208
SR_Pu_UN_G1_C4_N_D1000.0m_Lw_50000.0cm_Epw10.0cm_w_steel.o,C4,N,1000.0,50000.0,10.0,steel,900,C4_H_900,6.21705e-13,0.0465,1.03511e-13,0.0384,5.977529777494187e-13,0.04584219948002297,5.756337087225329e-12,0.06326016002399068,3.5105425263650285e-12,0.06789034169643504,-3.852634649967648
SR_Pu_UN_G1_C4_N_D1200.0m_Lw_60000.0cm_Epw10.0cm_w_steel.o,C4,N,1200.0,60000.0,10.0,steel,900,C4_H_900,1.62501e-13,0.0932,2.304e-14,0.0384,1.5670370207522656e-13,0.09487993216243053,1.5498618078534364e-12,0.09408646858415097,1.0443185718863037e-12,0.13658417396324693,-3.567545999577508
SR_Pu_UN_G1_C4_N_D1.0m_Lw_50.0cm_Epw20.0cm_w_steel.o,C4,N,1.0,50.0,20.0,steel,900,C4_H_900,1.76307e-05,0.0073,1.07665e-06,0.0128,1.6720308759283165e-05,0.0066348047769604285,0.0002449926197886567,0.006873601695591199,0.000156175387656374,0.006474432792666741,-5.163670419874626
SR_Pu_UN_G1_C4_N_D2.0m_Lw_100.0cm_Epw20.0cm_w_steel.o,C4,N,2.0,100.0,20.0,steel,900,C4_H_900,5.46349e-06,0.0147,3.46415e-07,0.0179,5.178184068279867e-06,0.014067484198080859,7.505090262642692e-05,0.014882447171983532,4.8015991220153524e-05,0.01499657865500378,-5.222045463982404
SR_Pu_UN_G1_C4_N_D5.0m_Lw_250.0cm_Epw20.0cm_w_steel.o,C4,N,5.0,250.0,20.0,steel,900,C4_H_900,9.39736e-07,0.0213,6.68994e-08,0.029,8.915308230413085e-07,0.02114636399303123,1.2572411212159238e-05,0.02161256885065602,8.02295881341941e-06,0.022625783382759293,-5.1296509826899825
SR_Pu_UN_G1_C4_N_D10.0m_Lw_500.0cm_Epw20.0cm_w_steel.o,C4,N,10.0,500.0,20.0,steel,900,C4_H_900,2.32105e-07,0.0229,1.73262e-08,0.0307,2.2027721129828488e-07,0.022790063750907516,3.127455671284314e-06,0.02333696524407989,1.942294479614678e-06,0.023547166285696156,-5.095878460918601
SR_Pu_UN_G1_C4_N_D20.0m_Lw_1000.0cm_Epw20.0cm_w_steel.o,C4,N,20.0,1000.0,20.0,steel,900,C4_H_900,5.88453e-08,0.0201,4.90379e-09,0.0273,5.589932334251435e-08,0.01999545202714302,7.712084111760163e-07,0.020722064622904858,4.768669899415222e-07,0.020747343305271098,-5.006307483326019
SR_Pu_UN_G1_C4_N_D50.0m_Lw_2500.0cm_Epw20.0cm_w_steel.o,C4,N,50.0,2500.0,20.0,steel,900,C4_H_900,9.59461e-09,0.0272,9.51143e-10,0.0295,9.116627585818501e-09,0.027018693825305497,1.1952407905768808e-07,0.030120644656494448,7.287869218134541e-08,0.0307016658069142,-4.981780543258132
SR_Pu_UN_G1_C4_N_D100.0m_Lw_5000.0cm_Epw20.0cm_w_steel.o,C4,N,100.0,5000.0,20.0,steel,900,C4_H_900,2.48809e-09,0.0406,2.7908e-10,0.0276,2.367609796464923e-09,0.04002590806146312,2.976145647721178e-08,0.04881055764726466,1.794779434058914e-08,0.051941960299866544,-4.8422767478297315
SR_Pu_UN_G1_C4_N_D200.0m_Lw_10000.0cm_Epw20.0cm_w_steel.o,C4,N,200.0,10000.0,20.0,steel,900,C4_H_900,4.58586e-10,0.072,6.05659e-11,0.0485,4.394883345060327e-10,0.07196238950888502,5.168378642792896e-09,0.09533997634099001,3.0351304803675057e-09,0.09998795929048283,-4.164467623077743
SR_Pu_UN_G1_C4_N_D300.0m_Lw_15000.0cm_Epw20.0cm_w_steel.o,C4,N,300.0,15000.0,20.0,steel,900,C4_H_900,1.23442e-10,0.0639,1.96153e-11,0.0469,1.1849315124816766e-10,0.062260991611938606,1.2349141012211058e-09,0.08867146293547605,7.124291379387339e-10,0.09040323715006598,-4.009047772907392
SR_Pu_UN_G1_C4_N_D500.0m_Lw_25000.0cm_Epw20.0cm_w_steel.o,C4,N,500.0,25000.0,20.0,steel,900,C4_H_900,1.69883e-11,0.0602,3.07737e-12,0.0459,1.635636957561172e-11,0.058669112101514015,1.5089393886023978e-10,0.0901295448951864,8.54794620836273e-11,0.09118280053381374,-3.7197978867119024
SR_Pu_UN_G1_C4_N_D700.0m_Lw_35000.0cm_Epw20.0cm_w_steel.o,C4,N,700.0,35000.0,20.0,steel,900,C4_H_900,3.9024e-12,0.1325,5.76695e-13,0.0563,3.760088174700941e-12,0.132533288778355,4.104117959150371e-11,0.1828554053403727,2.442343469699592e-11,0.21255516758285686,-3.646776991058292
SR_Pu_UN_G1_C4_N_D1000.0m_Lw_50000.0cm_Epw20.0cm_w_steel.o,C4,N,1000.0,50000.0,20.0,steel,900,C4_H_900,2.59134e-13,0.0831,5.06689e-14,0.0476,2.4967134055666723e-13,0.0799295134679429,2.1167423450034707e-12,0.1443464370458204,1.2244663215363771e-12,0.15096889396692334,-3.6516471954019094
SR_Pu_UN_G1_C4_N_D1200.0m_Lw_60000.0cm_Epw20.0cm_w_steel.o,C4,N,1200.0,60000.0,20.0,steel,900,C4_H_900,5.08042e-14,0.0524,1.01205e-14,0.048,4.9050630590770274e-14,0.05160204489865494,4.0831360001467676e-13,0.07679453113872757,2.320498573666992e-13,0.07700441515921584,-3.451622915486769
SR_Pu_UN_G1_C4_N_D1.0m_Lw_50.0cm_Epw40.0cm_w_steel.o,C4,N,1.0,50.0,40.0,steel,900,C4_H_900,6.63465e-06,0.0138,5.84024e-07,0.0291,6.278971000038041e-06,0.011445937604614891,9.104634458204914e-05,0.007670016977457242,5.012558168825849e-05,0.007652708922342225,-5.360930869932231
SR_Pu_UN_G1_C4_N_D2.0m_Lw_100.0cm_Epw40.0cm_w_steel.o,C4,N,2.0,100.0,40.0,steel,900,C4_H_900,1.84018e-06,0.0071,1.67732e-07,0.0085,1.742067703512095e-06,0.006062900246035463,2.4982912284869778e-05,0.006407647283783191,1.3735898823153475e-05,0.00649706380030712,-5.33166845025514
SR_Pu_UN_G1_C4_N_D5.0m_Lw_250.0cm_Epw40.0cm_w_steel.o,C4,N,5.0,250.0,40.0,steel,900,C4_H_900,3.05603e-07,0.0106,3.05256e-08,0.0131,2.897133129550797e-07,0.010059081209389281,4.015563931127623e-06,0.01079069492762967,2.205524327611967e-06,0.011001329888621347,-5.199453881316716
SR_Pu_UN_G1_C4_N_D10.0m_Lw_500.0cm_Epw40.0cm_w_steel.o,C4,N,10.0,500.0,40.0,steel,900,C4_H_900,7.08898e-08,0.0116,7.51939e-09,0.0248,6.725098348248204e-08,0.007428416675179969,9.089997134137294e-07,0.007562033081273215,4.994778812337717e-07,0.00759943280586967,-5.133060775341386
SR_Pu_UN_G1_C4_N_D20.0m_Lw_1000.0cm_Epw40.0cm_w_steel.o,C4,N,20.0,1000.0,40.0,steel,900,C4_H_900,1.91331e-08,0.056,2.35905e-09,0.1222,1.8202947367058085e-08,0.01223816853582741,2.286090368103659e-07,0.008991412536502898,1.2546764976811096e-07,0.009158589080666362,-4.861484197238887
SR_Pu_UN_G1_C4_N_D50.0m_Lw_2500.0cm_Epw40.0cm_w_steel.o,C4,N,50.0,2500.0,40.0,steel,900,C4_H_900,3.21067e-09,0.0346,4.50957e-10,0.0682,3.063014533573527e-09,0.00990337273660245,3.561371470479078e-08,0.01035931881523964,1.9542711587877704e-08,0.010645625483673971,-4.598898872399631
SR_Pu_UN_G1_C4_N_D100.0m_Lw_5000.0cm_Epw40.0cm_w_steel.o,C4,N,100.0,5000.0,40.0,steel,900,C4_H_900,7.37427e-10,0.0124,1.14091e-10,0.0148,7.052647891304566e-10,0.00992762356871991,7.692007164626047e-09,0.013894858898642438,4.1939703408790606e-09,0.014019224668823839,-4.361409450636248
SR_Pu_UN_G1_C4_N_D200.0m_Lw_10000.0cm_Epw40.0cm_w_steel.o,C4,N,200.0,10000.0,40.0,steel,900,C4_H_900,1.40129e-10,0.0172,2.49974e-11,0.0148,1.3463098919369222e-10,0.016119706118774613,1.2915576961946513e-09,0.024114688683558594,7.097336497898606e-10,0.025056816625988312,-3.9235353183907526
SR_Pu_UN_G1_C4_N_D300.0m_Lw_15000.0cm_Epw40.0cm_w_steel.o,C4,N,300.0,15000.0,40.0,steel,900,C4_H_900,3.95818e-11,0.0176,7.63945e-12,0.0129,3.8152334371437566e-11,0.01704414952709163,3.360187703375778e-10,0.027167276165862272,1.856733991275602e-10,0.028820074261929073,-3.611421483010964
SR_Pu_UN_G1_C4_N_D500.0m_Lw_25000.0cm_Epw40.0cm_w_steel.o,C4,N,500.0,25000.0,40.0,steel,900,C4_H_900,4.9041e-12,0.018,1.04228e-12,0.013,4.748574223737934e-12,0.017085059208110022,3.712470640506603e-11,0.03120130105033528,2.0524414934486255e-11,0.03152087924023525,-3.171341862157497
SR_Pu_UN_G1_C4_N_D700.0m_Lw_35000.0cm_Epw40.0cm_w_steel.o,C4,N,700.0,35000.0,40.0,steel,900,C4_H_900,7.92504e-13,0.0193,1.80025e-13,0.0181,7.680732995817753e-13,0.015574778361650237,5.415216636819622e-12,0.030191356843261297,3.011789373545352e-12,0.031167061970714588,-3.0827226636363534
SR_Pu_UN_G1_C4_N_D1.0m_Lw_50.0cm_Epw1.0cm_w_steel.o,C4,N,1.0,50.0,1.0,steel,900,C4_H_900,5.35693e-05,0.0117,2.62408e-06,0.0269,5.105146873473513e-05,0.011251661529644099,0.0005851377443015896,0.01270190462069545,0.0005043203489938357,0.010932947464085725,-4.700138447328733
SR_Pu_UN_G1_C4_N_D50.0m_Lw_2500.0cm_Epw10.0cm_w_steel.o,C4,N,50.0,2500.0,10.0,steel,900,C4_H_900,1.85418e-08,0.0257,1.50498e-09,0.0306,1.7664862862299772e-08,0.02566067068369094,2.2670634077004827e-07,0.027143549666077144,1.5632005045824825e-07,0.028622180506395294,-4.729514597828845
SR_Pu_UN_G1_C4_N_D100.0m_Lw_5000.0cm_Epw10.0cm_w_steel.o,C4,N,100.0,5000.0,10.0,steel,900,C4_H_900,4.31771e-09,0.0365,4.27792e-10,0.0261,4.120030190293396e-09,0.03639666947421249,5.117571543792642e-08,0.0417233058557465,3.366456745350281e-08,0.044754271758409445,-4.57834846959626
SR_Pu_UN_G1_C4_N_D1000.0m_Lw_50000.0cm_Epw40.0cm_w_steel.o,C4,N,1000.0,50000.0,40.0,steel,900,C4_H_900,5.40923e-14,0.0175,1.26497e-14,0.014,5.2486031556154486e-14,0.01549568420862478,3.5054749813378424e-13,0.0315531728095253,1.9590832486372986e-13,0.03315869770482842,-2.969495554534593
SR_Pu_UN_G1_C4_N_D1200.0m_Lw_60000.0cm_Epw40.0cm_w_steel.o,C4,N,1200.0,60000.0,40.0,steel,900,C4_H_900,1.02604e-14,0.0211,2.34846e-15,0.0145,9.947725312828537e-15,0.019765844759546073,6.978838123171647e-14,0.039859942110025956,3.862312311522754e-14,0.038315215327249526,-3.047392764136508
SR_Pu_UN_G1_C4_P_D2.0m_Lw_100.0cm_Epw1.0cm_w_steel.o,C4,P,2.0,100.0,1.0,steel,900,C4_H_900,1.49928e-05,0.0018,3.72752e-06,0.0056,1.503829355423315e-05,0.001752538099927198,1.483687883924537e-05,0.0016984654709170214,1.2781565465508177e-05,0.0016637246879665953,
SR_Pu_UN_G1_C4_P_D5.0m_Lw_250.0cm_Epw1.0cm_w_steel.o,C4,P,5.0,250.0,1.0,steel,900,C4_H_900,2.73912e-06,0.0024,7.00942e-07,0.0067,2.747000091696578e-06,0.002353805292678094,2.70914656319789e-06,0.0022970767578921487,2.3325919494700396e-06,0.0022577193621758306,
SR_Pu_UN_G1_C4_P_D10.0m_Lw_500.0cm_Epw1.0cm_w_steel.o,C4,P,10.0,500.0,1.0,steel,900,C4_H_900,6.9633e-07,0.0025,1.74581e-07,0.0054,6.984059425491802e-07,0.0024777439448955504,6.890648588294404e-07,0.0024388076743836157,5.935280558351342e-07,0.0024083949340581224,
SR_Pu_UN_G1_C4_P_D20.0m_Lw_1000.0cm_Epw1.0cm_w_steel.o,C4,P,20.0,1000.0,1.0,steel,900,C4_H_900,1.70585e-07,0.0026,4.29895e-08,0.0043,1.7107967032100978e-07,0.0025397318027982427,1.6877419849778313e-07,0.0025298513678706134,1.4535854704607753e-07,0.0025208861569064834,
SR_Pu_UN_G1_C4_P_D50.0m_Lw_2500.0cm_Epw1.0cm_w_steel.o,C4,P,50.0,2500.0,1.0,steel,900,C4_H_900,2.48788e-08,0.0238,6.70481e-09,0.0139,2.4950112711896528e-08,0.023696147666186648,2.4582924820632368e-08,0.02392237651719946,2.114855658914484e-08,0.02418631980241747,
SR_Pu_UN_G1_C4_P_D100.0m_Lw_5000.0cm_Epw1.0cm_w_steel.o,C4,P,100.0,5000.0,1.0,steel,900,C4_H_900,5.18311e-09,0.0606,1.51885e-09,0.0382,5.191716775195123e-09,0.06050258015811118,5.107308269662561e-09,0.06109247505509256,4.384052503390553e-09,0.061833336253616214,
SR_Pu_UN_G1_C4_P_D200.0m_Lw_10000.0cm_Epw1.0cm_w_steel.o,C4,P,200.0,10000.0,1.0,steel,900,C4_H_900,9.63782e-10,0.0919,2.90826e-10,0.0366,9.651478914335522e-10,0.09161095708009814,9.496807184926398e-10,0.09273470836669817,8.153309656123157e-10,0.09419935778490864,
SR_Pu_UN_G1_C4_P_D300.0m_Lw_15000.0cm_Epw1.0cm_w_steel.o,C4,P,300.0,15000.0,1.0,steel,900,C4_H_900,2.14256e-10,0.0901,8.22006e-11,0.0386,2.1553006616893577e-10,0.0904571458176547,2.111581502945216e-10,0.09233059622895853,1.7957317585379071e-10,0.09455541389060373,
SR_Pu_UN_G1_C4_P_D500.0m_Lw_25000.0cm_Epw1.0cm_w_steel.o,C4,P,500.0,25000.0,1.0,steel,900,C4_H_900,4.01373e-11,0.1404,1.29963e-11,0.0469,4.02887288866995e-11,0.13973502883769426,3.953264873951435e-11,0.14104877522276557,3.362772804169733e-11,0.14306201339336627,
SR_Pu_UN_G1_C4_P_D700.0m_Lw_35000.0cm_Epw1.0cm_w_steel.o,C4,P,700.0,35000.0,1.0,steel,900,C4_H_900,8.05785e-12,0.1378,2.77016e-12,0.0441,8.091075116473728e-12,0.1369919089644815,7.940654784715816e-12,0.1383481334429387,6.730691987918322e-12,0.1402561636513028,
SR_Pu_UN_G1_C4_P_D1000.0m_Lw_50000.0cm_Epw1.0cm_w_steel.o,C4,P,1000.0,50000.0,1.0,steel,900,C4_H_900,1.54163e-12,0.2008,4.08132e-13,0.0866,1.5527296482154558e-12,0.20416601959165084,1.531415704154058e-12,0.20752915791133755,1.3086218245932761e-12,0.21077077888449205,
SR_Pu_UN_G1_C4_P_D1200.0m_Lw_60000.0cm_Epw1.0cm_w_steel.o,C4,P,1200.0,60000.0,1.0,steel,900,C4_H_900,5.51591e-13,0.2576,1.39262e-13,0.0893,5.54821305268076e-13,0.2581826153106032,5.469903188617039e-13,0.2596756002987804,4.679370098030251e-13,0.2619193251756444,
SR_Pu_UN_G1_C4_P_D1.0m_Lw_50.0cm_Epw5.0cm_w_steel.o,C4,P,1.0,50.0,5.0,steel,900,C4_H_900,1.95822e-05,0.0025,4.15285e-06,0.0053,1.9636146018992755e-05,0.002411179695701049,1.940671042756582e-05,0.0023808600913280357,1.6725604373046035e-05,0.0023577131438730047,
SR_Pu_UN_G1_C4_P_D2.0m_Lw_100.0cm_Epw5.0cm_w_steel.o,C4,P,2.0,100.0,5.0,steel,900,C4_H_900,6.02567e-06,0.0054,1.30822e-06,0.0132,6.041543240361372e-06,0.005298923812496487,5.96714933409171e-06,0.005221894902116387,5.139619282538785e-06,0.005139235750668367,
SR_Pu_UN_G1_C4_P_D5.0m_Lw_250.0cm_Epw5.0cm_w_steel.o,C4,P,5.0,250.0,5.0,steel,900,C4_H_900,1.08882e-06,0.0054,2.43019e-07,0.0133,1.0920494005245969e-06,0.005405886710946343,1.0779922961059836e-06,0.005315593202771366,9.280180150692574e-07,0.005235596978686691,
SR_Pu_UN_G1_C4_P_D10.0m_Lw_500.0cm_Epw5.0cm_w_steel.o,C4,P,10.0,500.0,5.0,steel,900,C4_H_900,2.72431e-07,0.0055,6.12964e-08,0.0226,2.7325454774136116e-07,0.005526822531472057,2.696944212888041e-07,0.00537971056301404,2.3223857174305894e-07,0.00528133193223941,
SR_Pu_UN_G1_C4_P_D20.0m_Lw_1000.0cm_Epw5.0cm_w_steel.o,C4,P,20.0,1000.0,5.0,steel,900,C4_H_900,6.46877e-08,0.0041,1.40361e-08,0.0069,6.4879477347062e-08,0.004049993254497457,6.404709212136347e-08,0.004039271076850768,5.514899211820898e-08,0.00403133140795271,
SR_Pu_UN_G1_C4_P_D50.0m_Lw_2500.0cm_Epw5.0cm_w_steel.o,C4,P,50.0,2500.0,5.0,steel,900,C4_H_900,9.4018e-09,0.022,2.13771e-09,0.0145,9.428423763301346e-09,0.021996638244496422,9.291681899709523e-09,0.022174867987525174,7.988346663185625e-09,0.022439191017002605,
SR_Pu_UN_G1_C4_P_D100.0m_Lw_5000.0cm_Epw5.0cm_w_steel.o,C4,P,100.0,5000.0,5.0,steel,900,C4_H_900,1.89535e-09,0.0698,4.70503e-10,0.0455,1.895119118134232e-09,0.0697891092021099,1.8654925559685407e-09,0.0704564762192506,1.599338423470733e-09,0.07098455067684806,
SR_Pu_UN_G1_C4_P_D200.0m_Lw_10000.0cm_Epw5.0cm_w_steel.o,C4,P,200.0,10000.0,5.0,steel,900,C4_H_900,3.76981e-10,0.0826,9.91726e-11,0.0486,3.7787377196248647e-10,0.08251823386377412,3.7180066643518774e-10,0.08336031953815774,3.1846662624329387e-10,0.08457794641009578,
SR_Pu_UN_G1_C4_P_D300.0m_Lw_15000.0cm_Epw5.0cm_w_steel.o,C4,P,300.0,15000.0,5.0,steel,900,C4_H_900,8.87166e-11,0.067,2.88706e-11,0.0463,8.899976102992243e-11,0.06652051584711079,8.709919858308476e-11,0.06689777271823225,7.401322154693259e-11,0.0668701094455404,
SR_Pu_UN_G1_C4_P_D500.0m_Lw_25000.0cm_Epw5.0cm_w_steel.o,C4,P,500.0,25000.0,5.0,steel,900,C4_H_900,2.03087e-11,0.2065,5.30184e-12,0.0726,2.0449560157118287e-11,0.20769328712674928,2.0079109947532603e-11,0.2095685200392459,1.7098124512622667e-11,0.21179408428789473,
SR_Pu_UN_G1_C4_P_D700.0m_Lw_35000.0cm_Epw5.0cm_w_steel.o,C4,P,700.0,35000.0,5.0,steel,900,C4_H_900,5.46856e-12,0.3471,1.21076e-12,0.0946,5.464265164874575e-12,0.3443652402015014,5.360987198900227e-12,0.3456247820740987,4.552107948210264e-12,0.3469740288494177,
SR_Pu_UN_G1_C4_P_D1000.0m_Lw_50000.0cm_Epw5.0cm_w_steel.o,C4,P,1000.0,50000.0,5.0,steel,900,C4_H_900,6.66841e-13,0.1523,1.86846e-13,0.0657,6.700075981053392e-13,0.1526839486443431,6.593370764871082e-13,0.15415446517360842,5.64910975923427e-13,0.15643028966204375,
SR_Pu_UN_G1_C4_P_D1200.0m_Lw_60000.0cm_Epw5.0cm_w_steel.o,C4,P,1200.0,60000.0,5.0,steel,900,C4_H_900,1.87472e-13,0.2135,5.48567e-14,0.0696,1.8847261499185645e-13,0.21480407170599145,1.8485014103342527e-13,0.21564177815128183,1.582790353683161e-13,0.21779571595860964,
SR_Pu_UN_G1_C4_P_D1.0m_Lw_50.0cm_Epw10.0cm_w_steel.o,C4,P,1.0,50.0,10.0,steel,900,C4_H_900,6.05475e-06,0.0048,1.17615e-06,0.0064,6.072966582051958e-06,0.00452899281485935,6.0044253072942415e-06,0.004495944822183694,5.1751795492018304e-06,0.00447750705989684,
SR_Pu_UN_G1_C4_P_D2.0m_Lw_100.0cm_Epw10.0cm_w_steel.o,C4,P,2.0,100.0,10.0,steel,900,C4_H_900,1.95358e-06,0.0113,3.84578e-07,0.0239,1.9595211593779214e-06,0.011390626389808103,1.9358088879074085e-06,0.011273656432433799,1.6669603815335355e-06,0.011148452169969833,
SR_Pu_UN_G1_C4_P_D5.0m_Lw_250.0cm_Epw10.0cm_w_steel.o,C4,P,5.0,250.0,10.0,steel,900,C4_H_900,3.45718e-07,0.012,6.93927e-08,0.0247,3.467404868440883e-07,0.012025412112807353,3.4247716275496656e-07,0.011916122216242627,2.949171595649265e-07,0.0117776155644938,
SR_Pu_UN_G1_C4_P_D10.0m_Lw_500.0cm_Epw10.0cm_w_steel.o,C4,P,10.0,500.0,10.0,steel,900,C4_H_900,8.6212e-08,0.0106,1.67375e-08,0.0215,8.645937871834899e-08,0.010545444318043886,8.542835647217108e-08,0.010478419609837123,7.357562273119627e-08,0.010391458726126512,
SR_Pu_UN_G1_C4_P_D100.0m_Lw_5000.0cm_Epw10.0cm_w_steel.o,C4,P,100.0,5000.0,10.0,steel,900,C4_H_900,7.65812e-10,0.0716,1.86251e-10,0.1143,7.681243088458692e-10,0.07183008267341318,7.570205659370605e-10,0.07266520561153968,6.451707443177814e-10,0.07285117459077929,
SR_Pu_UN_G1_C4_P_D200.0m_Lw_10000.0cm_Epw10.0cm_w_steel.o,C4,P,200.0,10000.0,10.0,steel,900,C4_H_900,1.52468e-10,0.0994,3.74666e-11,0.0527,1.524433618724346e-10,0.09823954963467885,1.4970812585484966e-10,0.09876308321423219,1.2799956861157623e-10,0.1002498463715307,
SR_Pu_UN_G1_C4_P_D300.0m_Lw_15000.0cm_Epw10.0cm_w_steel.o,C4,P,300.0,15000.0,10.0,steel,900,C4_H_900,5.13663e-11,0.1163,1.29001e-11,0.0709,5.173304372015758e-11,0.11856140295806576,5.0914020552603794e-11,0.12063275213794505,4.349126418963057e-11,0.12255667402892077,
SR_Pu_UN_G1_C4_P_D500.0m_Lw_25000.0cm_Epw10.0cm_w_steel.o,C4,P,500.0,25000.0,10.0,steel,900,C4_H_900,7.33693e-12,0.0975,2.29137e-12,0.1524,7.395710305430756e-12,0.09770599159905749,7.243642549080622e-12,0.09755050622862806,6.184029197963533e-12,0.09772557495956834,
SR_Pu_UN_G1_C4_P_D700.0m_Lw_35000.0cm_Epw10.0cm_w_steel.o,C4,P,700.0,35000.0,10.0,steel,900,C4_H_900,3.82449e-12,0.4737,6.05244e-13,0.1761,3.812719232730536e-12,0.47067027150031515,3.748863156723571e-12,0.47161219986736536,3.1874340885489484e-12,0.47333779276835447,
SR_Pu_UN_G1_C4_P_D1000.0m_Lw_50000.0cm_Epw10.0cm_w_steel.o,C4,P,1000.0,50000.0,10.0,steel,900,C4_H_900,3.19342e-13,0.1524,8.17118e-14,0.0753,3.2087520454006626e-13,0.15215013214460738,3.150746222156094e-13,0.15305191338916047,2.6911924414476047e-13,0.15472048633479707,
SR_Pu_UN_G1_C4_P_D1200.0m_Lw_60000.0cm_Epw10.0cm_w_steel.o,C4,P,1200.0,60000.0,10.0,steel,900,C4_H_900,6.46614e-14,0.2447,1.77732e-14,0.0912,6.469493822453789e-14,0.24480602445961588,6.35638236401182e-14,0.24648617319222327,5.4413976318498794e-14,0.24846109837114647,
SR_Pu_UN_G1_C4_P_D1.0m_Lw_50.0cm_Epw20.0cm_w_steel.o,C4,P,1.0,50.0,20.0,steel,900,C4_H_900,8.63974e-07,0.0059,1.52721e-07,0.0086,8.673256153386454e-07,0.005601410284552389,8.555730493574308e-07,0.005555129969334667,7.34333538841555e-07,0.005485558087033769,
SR_Pu_UN_G1_C4_P_D2.0m_Lw_100.0cm_Epw20.0cm_w_steel.o,C4,P,2.0,100.0,20.0,steel,900,C4_H_900,3.07998e-07,0.0171,5.47371e-08,0.0251,3.0924028367617783e-07,0.014997576950685551,3.0489177389749684e-07,0.014893426033670786,2.61538266319705e-07,0.014673796160923947,
SR_Pu_UN_G1_C4_P_D5.0m_Lw_250.0cm_Epw20.0cm_w_steel.o,C4,P,5.0,250.0,20.0,steel,900,C4_H_900,6.39578e-08,0.0326,1.10053e-08,0.0527,6.415472734156757e-08,0.03230178653775913,6.3265376366405e-08,0.03224266068960589,5.4302682183970584e-08,0.03216130533980551,
SR_Pu_UN_G1_C4_P_D10.0m_Lw_500.0cm_Epw20.0cm_w_steel.o,C4,P,10.0,500.0,20.0,steel,900,C4_H_900,1.59867e-08,0.027,2.91773e-09,0.0507,1.6055289915336642e-08,0.026958918085976297,1.582767716658379e-08,0.026846040881723533,1.3572449836915486e-08,0.02667724226484063,
SR_Pu_UN_G1_C4_P_D20.0m_Lw_1000.0cm_Epw20.0cm_w_steel.o,C4,P,20.0,1000.0,20.0,steel,900,C4_H_900,4.0547e-09,0.0279,7.18113e-10,0.0427,4.063195244107263e-09,0.027642760844507196,4.0070071920428945e-09,0.027673022056648823,3.438715806466413e-09,0.027628940569837078,
SR_Pu_UN_G1_C4_P_D50.0m_Lw_2500.0cm_Epw20.0cm_w_steel.o,C4,P,50.0,2500.0,20.0,steel,900,C4_H_900,7.02299e-10,0.0415,1.38838e-10,0.0764,7.037920116338723e-10,0.04080822767860883,6.918618916956797e-10,0.04058071308107843,5.916135596688339e-10,0.04037905723216995,
SR_Pu_UN_G1_C4_P_D100.0m_Lw_5000.0cm_Epw20.0cm_w_steel.o,C4,P,100.0,5000.0,20.0,steel,900,C4_H_900,2.16553e-10,0.056,4.57304e-11,0.0989,2.1806408722052168e-10,0.056610702062883954,2.143202977030654e-10,0.056530273562700184,1.8340236955646554e-10,0.056433890842406714,
SR_Pu_UN_G1_C4_P_D200.0m_Lw_10000.0cm_Epw20.0cm_w_steel.o,C4,P,200.0,10000.0,20.0,steel,900,C4_H_900,5.6254e-11,0.055,1.30469e-11,0.0936,5.665832338496687e-11,0.05493891474607383,5.568085912469449e-11,0.05508472780470016,4.763107789438911e-11,0.055424786921748195,
SR_Pu_UN_G1_C4_P_D300.0m_Lw_15000.0cm_Epw20.0cm_w_steel.o,C4,P,300.0,15000.0,20.0,steel,900,C4_H_900,1.83309e-11,0.0784,4.00891e-12,0.0799,1.842631496130825e-11,0.07863316884247455,1.810867766941399e-11,0.07835989611154115,1.547974323980925e-11,0.0777245569931758,
SR_Pu_UN_G1_C4_P_D500.0m_Lw_25000.0cm_Epw20.0cm_w_steel.o,C4,P,500.0,25000.0,20.0,steel,900,C4_H_900,3.22174e-12,0.1137,8.98517e-13,0.1082,3.240880398892778e-12,0.1126539719183872,3.165613300476592e-12,0.11153215963368854,2.689101587907127e-12,0.10868008393639288,
SR_Pu_UN_G1_C4_P_D700.0m_Lw_35000.0cm_Epw20.0cm_w_steel.o,C4,P,700.0,35000.0,20.0,steel,900,C4_H_900,7.67247e-13,0.1183,1.72691e-13,0.0758,7.703771208771018e-13,0.11725207810384965,7.5799467167612e-13,0.11772712642682756,6.466738239725865e-13,0.11894247527132279,
SR_Pu_UN_G1_C4_P_D1000.0m_Lw_50000.0cm_Epw20.0cm_w_steel.o,C4,P,1000.0,50000.0,20.0,steel,900,C4_H_900,2.38761e-13,0.6985,3.5809e-14,0.3758,2.410143967237787e-13,0.6996106450179956,2.3842085487310243e-13,0.70189584213283,2.0674591789014234e-13,0.7081673342028622,
SR_Pu_UN_G1_C4_P_D1200.0m_Lw_60000.0cm_Epw20.0cm_w_steel.o,C4,P,1200.0,60000.0,20.0,steel,900,C4_H_900,3.46998e-14,0.2274,7.74744e-15,0.1226,3.45703049784358e-14,0.2257176470354937,3.384590836466658e-14,0.22596626868238226,2.880495343415021e-14,0.22564394876248517,
SR_Pu_UN_G1_C4_P_D1.0m_Lw_50.0cm_Epw40.0cm_w_steel.o,C4,P,1.0,50.0,40.0,steel,900,C4_H_900,1.87219e-07,0.0205,2.42023e-08,0.0211,1.8773799240419653e-07,0.013577004368043707,1.8417467152694713e-07,0.013713947773515457,1.563511469161583e-07,0.013896696781642572,
SR_Pu_UN_G1_C4_P_D2.0m_Lw_100.0cm_Epw40.0cm_w_steel.o,C4,P,2.0,100.0,40.0,steel,900,C4_H_900,7.8235e-08,0.0097,1.12379e-08,0.0145,7.847863496360451e-08,0.008847109728064233,7.706633452926047e-08,0.00884528553639544,6.561055120146209e-08,0.008849838042447846,
SR_Pu_UN_G1_C4_P_D5.0m_Lw_250.0cm_Epw40.0cm_w_steel.o,C4,P,5.0,250.0,40.0,steel,900,C4_H_900,1.75705e-08,0.0208,2.81415e-09,0.0714,1.7636229725399023e-08,0.020817467354762694,1.7330340976392854e-08,0.02049818423276951,1.4795159701845025e-08,0.020370515485064612,
SR_Pu_UN_G1_C4_P_D10.0m_Lw_500.0cm_Epw40.0cm_w_steel.o,C4,P,10.0,500.0,40.0,steel,900,C4_H_900,4.43198e-09,0.0159,6.78178e-10,0.0364,4.44778676965642e-09,0.015873093843231764,4.375319312003033e-09,0.015788825722493113,3.7393587076576996e-09,0.01572436131787307,
SR_Pu_UN_G1_C4_P_D20.0m_Lw_1000.0cm_Epw40.0cm_w_steel.o,C4,P,20.0,1000.0,40.0,steel,900,C4_H_900,1.25586e-09,0.0175,2.16482e-10,0.1006,1.2609539866439676e-09,0.017294667528263006,1.239901588380162e-09,0.0170918529686328,1.0577079010880209e-09,0.01633532027874038,
SR_Pu_UN_G1_C4_P_D50.0m_Lw_2500.0cm_Epw40.0cm_w_steel.o,C4,P,50.0,2500.0,40.0,steel,900,C4_H_900,2.73406e-10,0.0123,4.50472e-11,0.0194,2.7461254368133794e-10,0.012202594085215002,2.7012638453630085e-10,0.012149559640330482,2.308800541064661e-10,0.012054000453842636,
SR_Pu_UN_G1_C4_P_D100.0m_Lw_5000.0cm_Epw40.0cm_w_steel.o,C4,P,100.0,5000.0,40.0,steel,900,C4_H_900,8.13616e-11,0.0167,1.5117e-11,0.034,8.179035123176622e-11,0.01663698006310232,8.044662433035605e-11,0.016567007223278425,6.882134630421423e-11,0.016471411132007893,
SR_Pu_UN_G1_C4_P_D200.0m_Lw_10000.0cm_Epw40.0cm_w_steel.o,C4,P,200.0,10000.0,40.0,steel,900,C4_H_900,2.00075e-11,0.0203,4.00559e-12,0.0318,2.0113306943525977e-11,0.020075137424913788,1.9758235182709638e-11,0.019931080463073906,1.6872946797644003e-11,0.019684370070352303,
SR_Pu_UN_G1_C4_P_D300.0m_Lw_15000.0cm_Epw40.0cm_w_steel.o,C4,P,300.0,15000.0,40.0,steel,900,C4_H_900,7.42106e-12,0.0351,1.46017e-12,0.0301,7.455457197507434e-12,0.03500318451063822,7.326857409821808e-12,0.03498590297155488,6.256204580957128e-12,0.034931649221330095,
SR_Pu_UN_G1_C4_P_D500.0m_Lw_25000.0cm_Epw40.0cm_w_steel.o,C4,P,500.0,25000.0,40.0,steel,900,C4_H_900,1.23844e-12,0.0361,2.62196e-13,0.0349,1.2450819786574105e-12,0.03590412956666785,1.2226733600054408e-12,0.03581230364131692,1.0406122674916356e-12,0.035472174228832316,
SR_Pu_UN_G1_C4_P_D1200.0m_Lw_60000.0cm_Epw40.0cm_w_steel.o,C4,P,1200.0,60000.0,40.0,steel,900,C4_H_900,9.43873e-15,0.1389,1.88248e-15,0.0508,9.509600250655387e-15,0.1398412831283971,9.31128343169588e-15,0.1392093162273889,7.864381307599475e-15,0.13729099187458252,
SR_Pu_UN_G1_C4_P_D1.0m_Lw_50.0cm_Epw1.0cm_w_steel.o,C4,P,1.0,50.0,1.0,steel,900,C4_H_900,4.8962e-05,0.001,1.16224e-05,0.0034,4.9106822953094485e-05,0.0009671910080897351,4.849888581593073e-05,0.0009336605093339508,4.181282710491702e-05,0.0009136071536596613,
SR_Pu_UN_G1_C4_P_D20.0m_Lw_1000.0cm_Epw10.0cm_w_steel.o,C4,P,20.0,1000.0,10.0,steel,900,C4_H_900,2.05585e-08,0.0124,3.94152e-09,0.0221,2.0627404183768546e-08,0.012365089533158439,2.0373567157278876e-08,0.012305993714053052,1.754364439924108e-08,0.012233581894994992,
SR_Pu_UN_G1_C4_P_D50.0m_Lw_2500.0cm_Epw10.0cm_w_steel.o,C4,P,50.0,2500.0,10.0,steel,900,C4_H_900,3.10191e-09,0.0339,6.15662e-10,0.0393,3.1127927803630793e-09,0.03390430089606698,3.0686188013845164e-09,0.03399439764832397,2.637399575219762e-09,0.03412181772566137,
SR_Pu_UN_G1_C4_P_D700.0m_Lw_35000.0cm_Epw40.0cm_w_steel.o,C4,P,700.0,35000.0,40.0,steel,900,C4_H_900,2.57777e-13,0.0628,5.72831e-14,0.0369,2.590326452017954e-13,0.06226102163460484,2.5430802188357026e-13,0.06252739732855013,2.1673772355005272e-13,0.06289198716862125,
SR_Pu_UN_G1_C4_P_D1000.0m_Lw_50000.0cm_Epw40.0cm_w_steel.o,C4,P,1000.0,50000.0,40.0,steel,900,C4_H_900,3.40268e-14,0.0825,7.50372e-15,0.0498,3.41109374031942e-14,0.08153684017016596,3.3432903164544335e-14,0.08164322900646953,2.8336223460478022e-14,0.08142324139319669,
SR_Pu_UN_G1_C5_N_D5.0m_Lw_250.0cm_Epw10.0cm_w_water.o,C5,N,5.0,250.0,10.0,water,2000,C5_H_2000,7.294e-07,0.03,5.90491e-08,0.0644,6.980251649652918e-07,0.029794838777945764,7.112947678809936e-06,0.03239434321145516,6.252208232241585e-06,0.030959269862742538,-4.301458052468898
SR_Pu_UN_G1_C5_N_D10.0m_Lw_500.0cm_Epw10.0cm_w_water.o,C5,N,10.0,500.0,10.0,water,2000,C5_H_2000,1.93046e-07,0.0289,1.64459e-08,0.0637,1.8475791828524828e-07,0.02869609954745354,1.8671203677681015e-06,0.02998974261611412,1.6317331046673934e-06,0.028799648254697205,-4.293319579142644
SR_Pu_UN_G1_C5_N_D20.0m_Lw_1000.0cm_Epw10.0cm_w_water.o,C5,N,20.0,1000.0,10.0,water,2000,C5_H_2000,4.6806e-08,0.0196,4.20366e-09,0.03,4.482096376011078e-08,0.019464340250914362,4.488119197967218e-07,0.021074616228407797,3.8966284854372587e-07,0.021660763305853804,-4.240986710868733
SR_Pu_UN_G1_C5_N_D50.0m_Lw_2500.0cm_Epw10.0cm_w_water.o,C5,N,50.0,2500.0,10.0,water,2000,C5_H_2000,7.22715e-09,0.0354,6.68348e-10,0.0272,6.927284967342682e-09,0.03535285139403085,6.96441584223941e-08,0.03711673010377656,5.963327356193026e-08,0.04253145220590306,-4.149146380763059
SR_Pu_UN_G1_C5_N_D100.0m_Lw_5000.0cm_Epw10.0cm_w_water.o,C5,N,100.0,5000.0,10.0,water,2000,C5_H_2000,1.95663e-09,0.103,1.46203e-10,0.0467,1.8790276095019345e-09,0.10298716833493612,1.8692503272893364e-08,0.10600674446733488,1.6864478886206747e-08,0.11983502401936923,-3.9661249443208795
SR_Pu_UN_G1_C5_N_D200.0m_Lw_10000.0cm_Epw10.0cm_w_water.o,C5,N,200.0,10000.0,10.0,water,2000,C5_H_2000,3.2269e-10,0.1658,2.33335e-11,0.0721,3.1152270204383473e-10,0.16829809992198036,3.2697070668878234e-09,0.14046631409498092,2.7951265460953603e-09,0.18283228759656525,-3.4606891927748835
SR_Pu_UN_G1_C5_N_D300.0m_Lw_15000.0cm_Epw10.0cm_w_water.o,C5,N,300.0,15000.0,10.0,water,2000,C5_H_2000,1.20134e-10,0.1471,7.20256e-12,0.079,1.153677119930962e-10,0.14722505497285526,1.2852016302953848e-09,0.13585018632964027,1.0788504212128658e-09,0.15896454183706013,-3.967476323858197
SR_Pu_UN_G1_C5_N_D500.0m_Lw_25000.0cm_Epw10.0cm_w_water.o,C5,N,500.0,25000.0,10.0,water,2000,C5_H_2000,1.23404e-11,0.2539,8.77211e-13,0.0918,1.1877097857088723e-11,0.2589920933922612,1.2515314062319987e-10,0.21139535508739915,1.0679972817033198e-10,0.2855471548561398,-3.754352718803897
SR_Pu_UN_G1_C5_N_D700.0m_Lw_35000.0cm_Epw10.0cm_w_water.o,C5,N,700.0,35000.0,10.0,water,2000,C5_H_2000,1.87986e-12,0.0714,1.79581e-13,0.0476,1.8045891496230417e-12,0.07102185853235672,2.0366756728840675e-11,0.07439765978034119,1.522586301510314e-11,0.0869454893817478,-4.0040668122603975
SR_Pu_UN_G1_C5_N_D1000.0m_Lw_50000.0cm_Epw10.0cm_w_water.o,C5,N,1000.0,50000.0,10.0,water,2000,C5_H_2000,2.50895e-13,0.0828,2.36993e-14,0.0453,2.402102194342536e-13,0.0827927618169139,2.7242026207016076e-12,0.08809004953270332,2.0310881355001214e-12,0.1067723429518421,-4.258666201297928
SR_Pu_UN_G1_C5_N_D1200.0m_Lw_60000.0cm_Epw10.0cm_w_water.o,C5,N,1200.0,60000.0,10.0,water,2000,C5_H_2000,7.14863e-14,0.0804,6.52119e-15,0.0396,6.867880385147889e-14,0.08140387572465926,7.841823645982886e-13,0.08247292236717288,5.900096993855368e-13,0.1053503706474125,-3.927320547463099
SR_Pu_UN_G1_C5_N_D1.0m_Lw_50.0cm_Epw40.0cm_w_water.o,C5,N,1.0,50.0,40.0,water,2000,C5_H_2000,5.19372e-07,0.03,3.28186e-08,0.0181,4.979217272876136e-07,0.028508072843863294,4.980921811340762e-06,0.036094613604365534,4.685315558414973e-06,0.03429937441055376,-4.130040262545232
SR_Pu_UN_G1_C5_N_D2.0m_Lw_100.0cm_Epw40.0cm_w_water.o,C5,N,2.0,100.0,40.0,water,2000,C5_H_2000,1.61734e-07,0.0147,1.0223e-08,0.0299,1.5539933184857125e-07,0.013032338027018487,1.5601694098614514e-06,0.01562025009188282,1.4567562747284053e-06,0.01412303888033121,-3.916720140124378
SR_Pu_UN_G1_C5_N_D5.0m_Lw_250.0cm_Epw40.0cm_w_water.o,C5,N,5.0,250.0,40.0,water,2000,C5_H_2000,3.00234e-08,0.0396,2.04961e-09,0.0665,2.8790372370621127e-08,0.039122634984600876,2.8108116363286565e-07,0.04079432310014247,2.6524551282295444e-07,0.042335000599171065,-4.106888724724288
SR_Pu_UN_G1_C5_N_D10.0m_Lw_500.0cm_Epw40.0cm_w_water.o,C5,N,10.0,500.0,40.0,water,2000,C5_H_2000,9.81607e-09,0.3035,1.54013e-09,0.6874,9.404204981921566e-09,0.1349647469085107,7.668486002579939e-08,0.08043657276597947,6.571115752020146e-08,0.0546717047149665,-4.195823971084506
SR_Pu_UN_G1_C5_N_D20.0m_Lw_1000.0cm_Epw40.0cm_w_water.o,C5,N,20.0,1000.0,40.0,water,2000,C5_H_2000,1.59863e-09,0.0387,1.15131e-10,0.0662,1.535944556354467e-09,0.038656090391738056,1.4957639710458733e-08,0.03972018896062016,1.4010350010598209e-08,0.041107541040636984,-3.9211977534221862
SR_Pu_UN_G1_C5_N_D50.0m_Lw_2500.0cm_Epw40.0cm_w_water.o,C5,N,50.0,2500.0,40.0,water,2000,C5_H_2000,2.31636e-10,0.0575,1.52635e-11,0.0548,2.2164483085397364e-10,0.05710571150002005,2.3217880693377278e-09,0.06025738638970649,2.071840846218082e-09,0.06213508937803865,-4.313305853160286
SR_Pu_UN_G1_C5_N_D100.0m_Lw_5000.0cm_Epw40.0cm_w_water.o,C5,N,100.0,5000.0,40.0,water,2000,C5_H_2000,5.61921e-11,0.1322,3.22501e-12,0.0913,5.404976160307005e-11,0.1325725337658032,5.209452821730095e-10,0.1302327514738984,5.032134858161121e-10,0.14229389713240653,-3.8125259545913917
SR_Pu_UN_G1_C5_N_D200.0m_Lw_10000.0cm_Epw40.0cm_w_water.o,C5,N,200.0,10000.0,40.0,water,2000,C5_H_2000,7.29395e-12,0.2377,6.67832e-13,0.2361,6.992790972201633e-12,0.23528262053994947,7.763527218064775e-11,0.2539354123328028,5.9800381924604e-11,0.25928530112222015,-4.1288880208716465
SR_Pu_UN_G1_C5_N_D300.0m_Lw_15000.0cm_Epw40.0cm_w_water.o,C5,N,300.0,15000.0,40.0,water,2000,C5_H_2000,2.84788e-12,0.3884,1.23011e-13,0.2314,2.7107800211204626e-12,0.3852135960457279,2.5471920322612753e-11,0.3496617148509564,2.6001087218017217e-11,0.3988607405262659,-4.8141065943627375
SR_Pu_UN_G1_C5_N_D500.0m_Lw_25000.0cm_Epw40.0cm_w_water.o,C5,N,500.0,25000.0,40.0,water,2000,C5_H_2000,3.33104e-13,0.2712,2.09255e-14,0.1755,3.2078497938072905e-13,0.2708830615610442,3.674915828348284e-12,0.263589981025286,3.070474171656706e-12,0.3053355041934086,-3.6982505821818257
SR_Pu_UN_G1_C5_N_D700.0m_Lw_35000.0cm_Epw40.0cm_w_water.o,C5,N,700.0,35000.0,40.0,water,2000,C5_H_2000,6.73615e-14,0.2084,5.07987e-15,0.1267,6.399649914399207e-14,0.20895993900351012,7.451232671730276e-13,0.2003296726441339,5.800113681314e-13,0.22900203045025477,-4.995436348667906
SR_Pu_UN_G1_C5_N_D1000.0m_Lw_50000.0cm_Epw40.0cm_w_water.o,C5,N,1000.0,50000.0,40.0,water,2000,C5_H_2000,1.07412e-14,0.3045,6.98412e-16,0.1483,1.0401965935704133e-14,0.31142931624866615,1.184534758570876e-13,0.3068496166495949,1.0239219308014372e-13,0.3654345083875343,-3.158251073398385
SR_Pu_UN_G1_C5_N_D1200.0m_Lw_60000.0cm_Epw40.0cm_w_water.o,C5,N,1200.0,60000.0,40.0,water,2000,C5_H_2000,1.77378e-15,0.1757,1.46176e-16,0.1025,1.7029962979674052e-15,0.17373965747285286,1.8174747190149485e-14,0.14866897431589676,1.428777930266219e-14,0.19756695900250235,-3.990557004397098
SR_Pu_UN_G1_C5_N_D10.0m_Lw_500.0cm_Epw5.0cm_w_water.o,C5,N,10.0,500.0,5.0,water,2000,C5_H_2000,3.23631e-07,0.0262,2.6347e-08,0.0508,3.0957356733640105e-07,0.02594879962775518,3.2057343422271047e-06,0.028861854247159514,2.744495121834652e-06,0.02661202466070259,-4.343660732006196
SR_Pu_UN_G1_C5_N_D20.0m_Lw_1000.0cm_Epw5.0cm_w_water.o,C5,N,20.0,1000.0,5.0,water,2000,C5_H_2000,8.35753e-08,0.0168,6.96239e-09,0.0179,7.995065782975437e-08,0.01677647439957533,8.344144676230255e-07,0.01780076541691724,7.074692048990485e-07,0.019374960486196427,-4.3369777556833435
SR_Pu_UN_G1_C5_N_D50.0m_Lw_2500.0cm_Epw5.0cm_w_water.o,C5,N,50.0,2500.0,5.0,water,2000,C5_H_2000,1.34842e-08,0.0355,1.20076e-09,0.0228,1.2911297657698143e-08,0.03555077855300695,1.321361049943178e-07,0.0356566141464411,1.1154984856854113e-07,0.042147031657113934,-4.248693599189095
SR_Pu_UN_G1_C5_N_D100.0m_Lw_5000.0cm_Epw5.0cm_w_water.o,C5,N,100.0,5000.0,5.0,water,2000,C5_H_2000,3.60998e-09,0.0825,2.88974e-10,0.0373,3.4449290396930815e-09,0.08215402371671772,3.5377771884579685e-08,0.07649803670108093,2.9983755108272433e-08,0.09521907493241048,-4.572074092014871
SR_Pu_UN_G1_C5_N_D200.0m_Lw_10000.0cm_Epw5.0cm_w_water.o,C5,N,200.0,10000.0,5.0,water,2000,C5_H_2000,5.65155e-10,0.1285,4.68541e-11,0.0521,5.441552853263614e-10,0.13047622616530488,5.718114727658288e-09,0.1169873524884014,4.777816131405575e-09,0.1474625204148687,-3.71574429557176
SR_Pu_UN_G1_C5_N_D1200.0m_Lw_60000.0cm_Epw5.0cm_w_water.o,C5,N,1200.0,60000.0,5.0,water,2000,C5_H_2000,1.23479e-13,0.0464,1.2738e-14,0.0282,1.1847126098567923e-13,0.04640612340896455,1.3184449058274064e-12,0.048751290917524295,9.483773166564799e-13,0.058073307687805324,-4.055539010131902
SR_Pu_UN_G1_C5_N_D20.0m_Lw_1000.0cm_Epw20.0cm_w_water.o,C5,N,20.0,1000.0,20.0,water,2000,C5_H_2000,1.45489e-08,0.0314,1.23661e-09,0.053,1.3932949947830859e-08,0.031098359639114184,1.3789079183707214e-07,0.0336919321477032,1.234354760810145e-07,0.03413005695204729,-4.233653761927986
SR_Pu_UN_G1_C5_N_D2.0m_Lw_100.0cm_Epw5.0cm_w_water.o,C5,N,2.0,100.0,5.0,water,2000,C5_H_2000,6.58489e-06,0.0164,4.65998e-07,0.0405,6.302177038785067e-06,0.016248936886547126,6.662683181483924e-05,0.01735877023211725,5.795466677726988e-05,0.015608039101764259,-4.293358905235069
SR_Pu_UN_G1_C5_N_D300.0m_Lw_15000.0cm_Epw5.0cm_w_water.o,C5,N,300.0,15000.0,5.0,water,2000,C5_H_2000,1.74691e-10,0.1138,1.30399e-11,0.0499,1.6770930640192456e-10,0.11338340913479536,1.8144314120770255e-09,0.0954863331711078,1.4858531703883667e-09,0.1257539722022884,-3.9965960456322542
SR_Pu_UN_G1_C5_N_D5.0m_Lw_250.0cm_Epw5.0cm_w_water.o,C5,N,5.0,250.0,5.0,water,2000,C5_H_2000,1.23306e-06,0.0304,8.73368e-08,0.0601,1.1772122861692423e-06,0.030092641440090478,1.265451089052546e-05,0.03596041551605083,1.0823582126647197e-05,0.03129283655656477,-4.529196781239985
SR_Pu_UN_G1_C5_N_D1.0m_Lw_50.0cm_Epw5.0cm_w_water.o,C5,N,1.0,50.0,5.0,water,2000,C5_H_2000,1.93976e-05,0.0145,1.23161e-06,0.0314,1.855484114105096e-05,0.013969527711073813,0.0001995639533176119,0.016156363485230973,0.0001747233671856101,0.014701665699637262,-4.344655312765688
SR_Pu_UN_G1_C5_N_D1.0m_Lw_50.0cm_Epw1.0cm_w_water.o,C5,N,1.0,50.0,1.0,water,2000,C5_H_2000,2.68951e-05,0.0146,1.68825e-06,0.0532,2.565970253558358e-05,0.014008421162077778,0.0002784610401572301,0.013704064730267853,0.00024154583539477125,0.010373177630130726,-4.593392344391426
SR_Pu_UN_G1_C5_N_D2.0m_Lw_100.0cm_Epw1.0cm_w_water.o,C5,N,2.0,100.0,1.0,water,2000,C5_H_2000,9.17192e-06,0.013,5.89716e-07,0.037,8.756054886365091e-06,0.012817347492856086,9.559089495621601e-05,0.012731034525154887,8.232310125717214e-05,0.01171257958322103,-4.534111872267848
SR_Pu_UN_G1_C5_N_D5.0m_Lw_250.0cm_Epw1.0cm_w_water.o,C5,N,5.0,250.0,1.0,water,2000,C5_H_2000,1.79398e-06,0.0261,1.12175e-07,0.0458,1.7112038972695541e-06,0.025780321933267094,1.8898002465333213e-05,0.03092165735614006,1.6145760894918103e-05,0.0269647360223125,-4.61410398836363
SR_Pu_UN_G1_C5_N_D10.0m_Lw_500.0cm_Epw1.0cm_w_water.o,C5,N,10.0,500.0,1.0,water,2000,C5_H_2000,4.67657e-07,0.0325,3.15788e-08,0.0605,4.4751624518783645e-07,0.0326857840175618,4.821371354924143e-06,0.03843981576681648,4.161614365768294e-06,0.03408978736659382,-4.306736521032203
SR_Pu_UN_G1_C5_N_D20.0m_Lw_1000.0cm_Epw1.0cm_w_water.o,C5,N,20.0,1000.0,1.0,water,2000,C5_H_2000,1.26297e-07,0.0219,9.44511e-09,0.021,1.2078454134564993e-07,0.021708329830149798,1.2932241852950943e-06,0.024367918817549218,1.1004730195133544e-06,0.024892724517117642,-4.36467901403048
SR_Pu_UN_G1_C5_N_D50.0m_Lw_2500.0cm_Epw1.0cm_w_water.o,C5,N,50.0,2500.0,1.0,water,2000,C5_H_2000,2.10225e-08,0.0448,1.81667e-09,0.0226,2.0107542005448662e-08,0.044820384866842665,2.1101282298757866e-07,0.044178322254835964,1.7472579549875205e-07,0.05300706218576443,-4.352279674402838
SR_Pu_UN_G1_C5_N_D100.0m_Lw_5000.0cm_Epw1.0cm_w_water.o,C5,N,100.0,5000.0,1.0,water,2000,C5_H_2000,5.61363e-09,0.0872,4.34902e-10,0.0346,5.389584835433988e-09,0.08752742780282281,5.656931847428162e-08,0.08100309876116633,4.745329727683444e-08,0.10120792985265188,-3.991092476098574
SR_Pu_UN_G1_C5_N_D200.0m_Lw_10000.0cm_Epw1.0cm_w_water.o,C5,N,200.0,10000.0,1.0,water,2000,C5_H_2000,8.89537e-10,0.1029,7.83615e-11,0.0411,8.515514845052081e-10,0.10308367272925467,9.273330096051535e-09,0.09630297809437811,7.2748877986590215e-09,0.12351002645896295,-4.270256942071201
SR_Pu_UN_G1_C5_N_D300.0m_Lw_15000.0cm_Epw1.0cm_w_water.o,C5,N,300.0,15000.0,1.0,water,2000,C5_H_2000,3.40222e-10,0.1454,2.62311e-11,0.0473,3.2786734330906833e-10,0.14914416533887603,3.5654776760229148e-09,0.11696913064159326,2.877011603194401e-09,0.16541145690037162,-3.63135149723759
SR_Pu_UN_G1_C5_N_D500.0m_Lw_25000.0cm_Epw1.0cm_w_water.o,C5,N,500.0,25000.0,1.0,water,2000,C5_H_2000,4.47102e-11,0.1016,4.33658e-12,0.0418,4.258258496540358e-11,0.09873970464466987,4.826032519853046e-10,0.10288493459713108,3.550837244475472e-10,0.13144644489763804,-4.758679304938065
SR_Pu_UN_G1_C5_N_D700.0m_Lw_35000.0cm_Epw1.0cm_w_water.o,C5,N,700.0,35000.0,1.0,water,2000,C5_H_2000,8.45922e-12,0.0389,9.09627e-13,0.0229,8.09749139127426e-12,0.03861548406386293,9.217497247079356e-11,0.04448664401913112,6.441698024892925e-11,0.05035271816237114,-4.27614613079858
SR_Pu_UN_G1_C5_N_D1000.0m_Lw_50000.0cm_Epw1.0cm_w_water.o,C5,N,1000.0,50000.0,1.0,water,2000,C5_H_2000,9.37158e-13,0.0491,1.06538e-13,0.022,8.968319687266596e-13,0.048273284864028765,9.844828649821094e-12,0.05049895096682744,6.897347517643128e-12,0.06203672431192984,-4.303013074992744
SR_Pu_UN_G1_C5_N_D1200.0m_Lw_60000.0cm_Epw1.0cm_w_water.o,C5,N,1200.0,60000.0,1.0,water,2000,C5_H_2000,2.32949e-13,0.04,2.62645e-14,0.0197,2.2366238221625236e-13,0.040343848004802174,2.409013752274529e-12,0.041564520284601676,1.7303488902625292e-12,0.05273593197354351,-3.9865454600567714
SR_Pu_UN_G1_C5_N_D1.0m_Lw_50.0cm_Epw20.0cm_w_water.o,C5,N,1.0,50.0,20.0,water,2000,C5_H_2000,4.1239e-06,0.0121,2.93702e-07,0.0177,3.949327535721453e-06,0.011109754009918368,3.952677365106818e-05,0.0106536550897796,3.6405498413944985e-05,0.012359351784611639,-4.233188590376751
SR_Pu_UN_G1_C5_N_D2.0m_Lw_100.0cm_Epw20.0cm_w_water.o,C5,N,2.0,100.0,20.0,water,2000,C5_H_2000,1.38465e-06,0.0243,1.00803e-07,0.0306,1.3265776659363393e-06,0.023085143474327396,1.329825401235039e-05,0.02425495996096655,1.2160045994706123e-05,0.025895721024449644,-4.194008165504684
SR_Pu_UN_G1_C5_N_D5.0m_Lw_250.0cm_Epw20.0cm_w_water.o,C5,N,5.0,250.0,20.0,water,2000,C5_H_2000,2.60391e-07,0.0361,2.10029e-08,0.0722,2.49793078159831e-07,0.03597235586285734,2.513175929599806e-06,0.038460418783962225,2.2567386688228514e-06,0.03925128658229076,-4.070003126133005
SR_Pu_UN_G1_C5_N_D10.0m_Lw_500.0cm_Epw20.0cm_w_water.o,C5,N,10.0,500.0,20.0,water,2000,C5_H_2000,6.09936e-08,0.0316,5.50034e-09,0.0739,5.8600167891534965e-08,0.031415404023264655,5.645591881932323e-07,0.03290785551883869,5.104679716468882e-07,0.030585350030877843,-3.924070900004322
SR_Pu_UN_G1_C5_N_D200.0m_Lw_10000.0cm_Epw20.0cm_w_water.o,C5,N,200.0,10000.0,20.0,water,2000,C5_H_2000,9.36786e-11,0.2034,5.59284e-12,0.131,8.832661249146105e-11,0.20121038108162262,9.076649086095503e-10,0.199047375639902,8.41063602158004e-10,0.22323806753485181,-5.713137801524517
SR_Pu_UN_G1_C5_N_D50.0m_Lw_2500.0cm_Epw20.0cm_w_water.o,C5,N,50.0,2500.0,20.0,water,2000,C5_H_2000,2.3257e-09,0.0518,2.12394e-10,0.0757,2.225859237809395e-09,0.05157577250934933,2.1807317827875947e-08,0.05284487378515127,1.9338358928841867e-08,0.057535337331184565,-4.292933834570454
SR_Pu_UN_G1_C5_N_D100.0m_Lw_5000.0cm_Epw20.0cm_w_water.o,C5,N,100.0,5000.0,20.0,water,2000,C5_H_2000,3.52031e-10,0.1034,3.48403e-11,0.0647,3.3845342842331293e-10,0.1052589781613372,3.3182293331145597e-09,0.11016614990624374,2.8661070102549816e-09,0.13085709996558548,-3.8569249800975065
SR_Pu_UN_G1_C5_N_D1200.0m_Lw_60000.0cm_Epw20.0cm_w_water.o,C5,N,1200.0,60000.0,20.0,water,2000,C5_H_2000,1.93177e-14,0.1207,1.84788e-15,0.0796,1.8462139446313895e-14,0.12174994278711375,1.9621847337050125e-13,0.11915263178910832,1.5124638036451476e-13,0.14457547891932426,-4.428894504449834
SR_Pu_UN_G1_C5_N_D300.0m_Lw_15000.0cm_Epw20.0cm_w_water.o,C5,N,300.0,15000.0,20.0,water,2000,C5_H_2000,1.60258e-11,0.1559,1.4737e-12,0.1318,1.5346821187688762e-11,0.1531920768023681,1.747062316667597e-10,0.17262394471969342,1.315477465034433e-10,0.18731069324493504,-4.236785759907392
SR_Pu_UN_G1_C5_N_D500.0m_Lw_25000.0cm_Epw20.0cm_w_water.o,C5,N,500.0,25000.0,20.0,water,2000,C5_H_2000,4.83354e-12,0.6004,2.27577e-13,0.2582,4.598843621876169e-12,0.5975946488924371,4.2901272569962597e-11,0.5078278084221851,4.2401953997492235e-11,0.6227539111083189,-4.855579515713766
SR_Pu_UN_G1_C5_N_D700.0m_Lw_35000.0cm_Epw20.0cm_w_water.o,C5,N,700.0,35000.0,20.0,water,2000,C5_H_2000,7.54325e-13,0.1594,5.18148e-14,0.0915,7.259096519306508e-13,0.1620570780736637,7.944622198773835e-12,0.1503610950096333,6.5408886771903e-12,0.17535190758184485,-3.766990099671783
SR_Pu_UN_G1_C5_N_D1.0m_Lw_50.0cm_Epw10.0cm_w_water.o,C5,N,1.0,50.0,10.0,water,2000,C5_H_2000,1.16019e-05,0.0117,7.74165e-07,0.0199,1.1106534065063334e-05,0.011264956754717708,0.00011586366800828036,0.012718419642723843,0.00010365660253548323,0.012412185569993982,-4.269696643969228
SR_Pu_UN_G1_C5_N_D500.0m_Lw_25000.0cm_Epw5.0cm_w_water.o,C5,N,500.0,25000.0,5.0,water,2000,C5_H_2000,3.23097e-11,0.206,2.22324e-12,0.069,3.095749421122594e-11,0.2067356732249197,3.216748344852446e-10,0.16396845324149595,2.693175158730111e-10,0.21842196917072337,-4.185138793532762
SR_Pu_UN_G1_C5_N_D1000.0m_Lw_50000.0cm_Epw5.0cm_w_water.o,C5,N,1000.0,50000.0,5.0,water,2000,C5_H_2000,5.35761e-13,0.0752,5.30517e-14,0.033,5.130631151412969e-13,0.07638496416032305,5.75586592015872e-12,0.07962522516510744,4.2438930145113374e-12,0.10104409611855665,-4.2365690781343055
SR_Pu_UN_G1_C5_N_D1000.0m_Lw_50000.0cm_Epw20.0cm_w_water.o,C5,N,1000.0,50000.0,20.0,water,2000,C5_H_2000,1.22203e-13,0.4057,8.82167e-15,0.2466,1.1862349759532288e-13,0.4089855252192447,1.5741571805846683e-12,0.5160301868087196,1.1180266215537617e-12,0.4711579760240905,-2.9291444601827363
SR_Pu_UN_G1_C5_N_D700.0m_Lw_35000.0cm_Epw5.0cm_w_water.o,C5,N,700.0,35000.0,5.0,water,2000,C5_H_2000,4.01543e-12,0.0523,4.08729e-13,0.0327,3.84736802792556e-12,0.05213663952683351,4.3541703659036915e-11,0.05657040729132866,3.138924203387949e-11,0.06662404198377472,-4.185404105523946
SR_Pu_UN_G1_C5_N_D2.0m_Lw_100.0cm_Epw10.0cm_w_water.o,C5,N,2.0,100.0,10.0,water,2000,C5_H_2000,3.9613e-06,0.0174,2.86103e-07,0.0323,3.7943082227810734e-06,0.017206294568621435,3.956073976238201e-05,0.019822589576668947,3.496279583940984e-05,0.01859851226792396,-4.215580168604403
SR_Pu_UN_G1_C5_P_D5.0m_Lw_250.0cm_Epw10.0cm_w_water.o,C5,P,5.0,250.0,10.0,water,2000,C5_H_2000,1.67826e-06,0.0106,5.64285e-07,0.0279,1.6858741637543227e-06,0.010552060197664066,1.6598976669650198e-06,0.010458594818201012,1.4209619117192168e-06,0.00971350792855966,
SR_Pu_UN_G1_C5_P_D10.0m_Lw_500.0cm_Epw10.0cm_w_water.o,C5,P,10.0,500.0,10.0,water,2000,C5_H_2000,4.24356e-07,0.0121,1.42253e-07,0.0344,4.264821874445751e-07,0.01202073069857304,4.1991144914571446e-07,0.011836192416314733,3.602987813422712e-07,0.011325153764611455,
SR_Pu_UN_G1_C5_P_D20.0m_Lw_1000.0cm_Epw10.0cm_w_water.o,C5,P,20.0,1000.0,10.0,water,2000,C5_H_2000,1.02778e-07,0.0062,3.54962e-08,0.015,1.0329700600334422e-07,0.006220724127710682,1.016852664772616e-07,0.006196981792131537,8.707474546203377e-08,0.005942716449665026,
SR_Pu_UN_G1_C5_P_D50.0m_Lw_2500.0cm_Epw10.0cm_w_water.o,C5,P,50.0,2500.0,10.0,water,2000,C5_H_2000,1.44904e-08,0.029,5.32987e-09,0.0207,1.4578395814102813e-08,0.028933889030754743,1.4339706838792372e-08,0.02924212031845514,1.2250071153193449e-08,0.029685473582950005,
SR_Pu_UN_G1_C5_P_D100.0m_Lw_5000.0cm_Epw10.0cm_w_water.o,C5,P,100.0,5000.0,10.0,water,2000,C5_H_2000,2.73963e-09,0.0557,1.11825e-09,0.0281,2.758873998419922e-09,0.055560467444485874,2.7061810054058546e-09,0.05640259848956916,2.3009101744424535e-09,0.05761449456457879,
SR_Pu_UN_G1_C5_P_D200.0m_Lw_10000.0cm_Epw10.0cm_w_water.o,C5,P,200.0,10000.0,10.0,water,2000,C5_H_2000,5.03137e-10,0.1327,1.90377e-10,0.045,5.061050050989475e-10,0.13295476532466924,4.97387887858958e-10,0.13411444003679374,4.223874512455425e-10,0.13702129074116276,
SR_Pu_UN_G1_C5_P_D300.0m_Lw_15000.0cm_Epw10.0cm_w_water.o,C5,P,300.0,15000.0,10.0,water,2000,C5_H_2000,1.39328e-10,0.201,5.02376e-11,0.0652,1.398728903626932e-10,0.20066607429857866,1.3753146050527012e-10,0.20389592542796775,1.1759422911373494e-10,0.20847434249992675,
SR_Pu_UN_G1_C5_P_D500.0m_Lw_25000.0cm_Epw10.0cm_w_water.o,C5,P,500.0,25000.0,10.0,water,2000,C5_H_2000,1.86613e-11,0.1472,7.21899e-12,0.0617,1.8747638172373192e-11,0.14642292177652227,1.843710545510678e-11,0.1496050488275339,1.5731737816780485e-11,0.15292456554174658,
SR_Pu_UN_G1_C5_P_D700.0m_Lw_35000.0cm_Epw10.0cm_w_water.o,C5,P,700.0,35000.0,10.0,water,2000,C5_H_2000,6.67258e-12,0.1988,1.73721e-12,0.0729,6.705582265498899e-12,0.19911845994908198,6.609372674075413e-12,0.2005009044577848,5.662516789302957e-12,0.20303275685622899,
SR_Pu_UN_G1_C5_P_D1000.0m_Lw_50000.0cm_Epw10.0cm_w_water.o,C5,P,1000.0,50000.0,10.0,water,2000,C5_H_2000,7.20634e-13,0.1457,2.29886e-13,0.0586,7.20678623178363e-13,0.14448856358108905,7.093641393471862e-13,0.14609672439736257,6.038494606778043e-13,0.14784613656026255,
SR_Pu_UN_G1_C5_P_D1200.0m_Lw_60000.0cm_Epw10.0cm_w_water.o,C5,P,1200.0,60000.0,10.0,water,2000,C5_H_2000,1.97281e-13,0.2121,5.81611e-14,0.0649,1.9815738695093675e-13,0.21388072351911525,1.942916271008174e-13,0.21432866904853967,1.657269357412782e-13,0.21467477665757778,
SR_Pu_UN_G1_C5_P_D1.0m_Lw_50.0cm_Epw40.0cm_w_water.o,C5,P,1.0,50.0,40.0,water,2000,C5_H_2000,3.29608e-07,0.4264,1.69593e-07,0.693,3.414844014646274e-07,0.42856053711438474,3.333793212131473e-07,0.4274850037399375,2.861667412242773e-07,0.42729802809947554,
SR_Pu_UN_G1_C5_P_D2.0m_Lw_100.0cm_Epw40.0cm_w_water.o,C5,P,2.0,100.0,40.0,water,2000,C5_H_2000,1.45989e-06,0.0056,4.11039e-07,0.0156,1.4662881833830898e-06,0.005449348450667171,1.4480821480138117e-06,0.005318329901456118,1.2454499942503504e-06,0.005215627865258178,
SR_Pu_UN_G1_C5_P_D5.0m_Lw_250.0cm_Epw40.0cm_w_water.o,C5,P,5.0,250.0,40.0,water,2000,C5_H_2000,2.58012e-07,0.0125,6.92959e-08,0.0245,2.5899617215885273e-07,0.012451442098648525,2.5585125951269805e-07,0.012343820222616916,2.202513844816324e-07,0.012237348605815029,
SR_Pu_UN_G1_C5_P_D10.0m_Lw_500.0cm_Epw40.0cm_w_water.o,C5,P,10.0,500.0,40.0,water,2000,C5_H_2000,6.54022e-08,0.0149,1.72732e-08,0.0316,6.57055912855742e-08,0.014897788458920822,6.493105675042273e-08,0.014812700641077665,5.5961398834241395e-08,0.014717407644282648,
SR_Pu_UN_G1_C5_P_D20.0m_Lw_1000.0cm_Epw40.0cm_w_water.o,C5,P,20.0,1000.0,40.0,water,2000,C5_H_2000,1.46893e-08,0.0114,3.79224e-09,0.0251,1.4757711696501687e-08,0.011420342474372243,1.4590329846501198e-08,0.011392721103885988,1.2575297596874485e-08,0.0112572180118654,
SR_Pu_UN_G1_C5_P_D50.0m_Lw_2500.0cm_Epw40.0cm_w_water.o,C5,P,50.0,2500.0,40.0,water,2000,C5_H_2000,1.90786e-09,0.0337,5.22055e-10,0.0292,1.9143851846945338e-09,0.03359602064425988,1.8898807670519155e-09,0.0336876895390286,1.6258671515075737e-09,0.033905543666037576,
SR_Pu_UN_G1_C5_P_D100.0m_Lw_5000.0cm_Epw40.0cm_w_water.o,C5,P,100.0,5000.0,40.0,water,2000,C5_H_2000,4.58187e-10,0.092,1.25997e-10,0.0524,4.6101018830246875e-10,0.09148026726681274,4.5624343449873027e-10,0.09223523290048276,3.9278337650951337e-10,0.093514661210919,
SR_Pu_UN_G1_C5_P_D200.0m_Lw_10000.0cm_Epw40.0cm_w_water.o,C5,P,200.0,10000.0,40.0,water,2000,C5_H_2000,5.3851e-11,0.1057,2.01893e-11,0.0735,5.43025800592135e-11,0.10718121576571625,5.340828313424396e-11,0.10912255090711814,4.5753589821662356e-11,0.11086429961747582,
SR_Pu_UN_G1_C5_P_D300.0m_Lw_15000.0cm_Epw40.0cm_w_water.o,C5,P,300.0,15000.0,40.0,water,2000,C5_H_2000,2.01293e-11,0.2265,5.85057e-12,0.1049,2.0374339611684046e-11,0.23108548099369108,2.0153169137884665e-11,0.23493870209632645,1.7298338080641755e-11,0.2387969458587451,
SR_Pu_UN_G1_C5_P_D500.0m_Lw_25000.0cm_Epw40.0cm_w_water.o,C5,P,500.0,25000.0,40.0,water,2000,C5_H_2000,2.47725e-12,0.153,9.49562e-13,0.0911,2.487733948901965e-12,0.15265807152558095,2.439407757176775e-12,0.1543598686651671,2.0758087302400093e-12,0.15771789447102452,
SR_Pu_UN_G1_C5_P_D700.0m_Lw_35000.0cm_Epw40.0cm_w_water.o,C5,P,700.0,35000.0,40.0,water,2000,C5_H_2000,1.37091e-12,0.3794,3.09925e-13,0.1925,1.3600324369911549e-12,0.37399143642860927,1.3529137099432872e-12,0.3799581316572104,1.165606361820649e-12,0.38387777919300203,
SR_Pu_UN_G1_C5_P_D1000.0m_Lw_50000.0cm_Epw40.0cm_w_water.o,C5,P,1000.0,50000.0,40.0,water,2000,C5_H_2000,1.17724e-13,0.3682,3.06199e-14,0.1039,1.188949294320758e-13,0.37150932128189584,1.1575861803093318e-13,0.37015129115213413,9.668559123654228e-14,0.3645234596982601,
SR_Pu_UN_G1_C5_P_D1200.0m_Lw_60000.0cm_Epw40.0cm_w_water.o,C5,P,1200.0,60000.0,40.0,water,2000,C5_H_2000,1.89753e-14,0.171,1.03002e-14,0.1015,1.904459118593379e-14,0.1694544650125022,1.8514209639729854e-14,0.1724189675445422,1.556693480677271e-14,0.17788409022004978,
SR_Pu_UN_G1_C5_P_D10.0m_Lw_500.0cm_Epw5.0cm_w_water.o,C5,P,10.0,500.0,5.0,water,2000,C5_H_2000,5.78741e-07,0.0094,1.96821e-07,0.0249,5.811534721482323e-07,0.009331219559938216,5.717988053092666e-07,0.00920236207427644,4.90436649921197e-07,0.008896670536511685,
SR_Pu_UN_G1_C5_P_D20.0m_Lw_1000.0cm_Epw5.0cm_w_water.o,C5,P,20.0,1000.0,5.0,water,2000,C5_H_2000,1.42101e-07,0.0062,4.83763e-08,0.0089,1.427688153718081e-07,0.0061492827019778385,1.4050295087532798e-07,0.006150517853787755,1.2048278431250745e-07,0.006197602137203491,
SR_Pu_UN_G1_C5_P_D50.0m_Lw_2500.0cm_Epw5.0cm_w_water.o,C5,P,50.0,2500.0,5.0,water,2000,C5_H_2000,2.02416e-08,0.0286,7.5281e-09,0.0194,2.0351887303155613e-08,0.02847850033864384,2.0007501437119597e-08,0.02881486193619727,1.710035091985779e-08,0.029264392221338302,
SR_Pu_UN_G1_C5_P_D100.0m_Lw_5000.0cm_Epw5.0cm_w_water.o,C5,P,100.0,5000.0,5.0,water,2000,C5_H_2000,4.0196e-09,0.0532,1.7244e-09,0.0536,4.041039654723079e-09,0.053231251575878394,3.965901874231168e-09,0.05404024327135756,3.3544748193127096e-09,0.0541306054114282,
SR_Pu_UN_G1_C5_P_D1000.0m_Lw_50000.0cm_Epw5.0cm_w_water.o,C5,P,1000.0,50000.0,5.0,water,2000,C5_H_2000,8.38334e-13,0.1873,2.71428e-13,0.0595,8.403605981429204e-13,0.18790781052854763,8.25438242411016e-13,0.18977224820316443,7.052496027092544e-13,0.1937514584720162,
SR_Pu_UN_G1_C5_P_D1200.0m_Lw_60000.0cm_Epw5.0cm_w_water.o,C5,P,1200.0,60000.0,5.0,water,2000,C5_H_2000,2.0148e-13,0.1374,8.47104e-14,0.0569,2.0201279703406456e-13,0.13670173525489027,1.9800657807590094e-13,0.139113933478562,1.6851867104673317e-13,0.14322592250704766,
SR_Pu_UN_G1_C5_P_D2.0m_Lw_100.0cm_Epw5.0cm_w_water.o,C5,P,2.0,100.0,5.0,water,2000,C5_H_2000,1.17313e-05,0.0053,3.89495e-06,0.0153,1.1785831795647813e-05,0.005307757253819219,1.159695091440523e-05,0.005172982265195327,9.94642409656221e-06,0.004839911554806155,
SR_Pu_UN_G1_C5_P_D300.0m_Lw_15000.0cm_Epw5.0cm_w_water.o,C5,P,300.0,15000.0,5.0,water,2000,C5_H_2000,2.35291e-10,0.1469,8.36081e-11,0.058,2.3611413512925937e-10,0.14633152569255678,2.3217594307271772e-10,0.14805089071611202,1.9826620923535853e-10,0.15195586723979457,
SR_Pu_UN_G1_C5_P_D5.0m_Lw_250.0cm_Epw5.0cm_w_water.o,C5,P,5.0,250.0,5.0,water,2000,C5_H_2000,2.226e-06,0.0104,7.58035e-07,0.0284,2.235629258177448e-06,0.010438242172827069,2.1986206969236616e-06,0.010158501363392889,1.8861934673610374e-06,0.009847949539520602,
SR_Pu_UN_G1_C5_P_D1.0m_Lw_50.0cm_Epw5.0cm_w_water.o,C5,P,1.0,50.0,5.0,water,2000,C5_H_2000,3.56908e-05,0.0031,1.1157e-05,0.0077,3.586440800747497e-05,0.003074263509219268,3.533373872206093e-05,0.003018523280151334,3.0369009402269064e-05,0.002959016244386864,
SR_Pu_UN_G1_C5_P_D1.0m_Lw_50.0cm_Epw1.0cm_w_water.o,C5,P,1.0,50.0,1.0,water,2000,C5_H_2000,4.27413e-05,0.0021,1.19683e-05,0.0106,4.294570699139054e-05,0.002108049116908204,4.238242067901483e-05,0.0020081953577171987,3.652759739080806e-05,0.0018982142821251363,
SR_Pu_UN_G1_C5_P_D2.0m_Lw_100.0cm_Epw1.0cm_w_water.o,C5,P,2.0,100.0,1.0,water,2000,C5_H_2000,1.4019e-05,0.004,4.20657e-06,0.0149,1.4079608410171639e-05,0.0038948969520816445,1.387527725738738e-05,0.003734636652287368,1.1944325296578939e-05,0.0036478696447421063,
SR_Pu_UN_G1_C5_P_D5.0m_Lw_250.0cm_Epw1.0cm_w_water.o,C5,P,5.0,250.0,1.0,water,2000,C5_H_2000,2.75655e-06,0.0088,8.80992e-07,0.0281,2.771328887755565e-06,0.00887169825156137,2.7274661163501258e-06,0.008530816728658628,2.344907633412932e-06,0.008296660463871718,
SR_Pu_UN_G1_C5_P_D10.0m_Lw_500.0cm_Epw1.0cm_w_water.o,C5,P,10.0,500.0,1.0,water,2000,C5_H_2000,7.27493e-07,0.011,2.27583e-07,0.0242,7.307852011077268e-07,0.011068291763587793,7.197926147748028e-07,0.010868578339505788,6.184076977284825e-07,0.010499235850217203,
SR_Pu_UN_G1_C5_P_D20.0m_Lw_1000.0cm_Epw1.0cm_w_water.o,C5,P,20.0,1000.0,1.0,water,2000,C5_H_2000,1.77584e-07,0.0058,5.61138e-08,0.0124,1.7838552461994877e-07,0.005742683169421013,1.7571423109591716e-07,0.005709458756815991,1.5098383355570414e-07,0.005608520084075138,
SR_Pu_UN_G1_C5_P_D50.0m_Lw_2500.0cm_Epw1.0cm_w_water.o,C5,P,50.0,2500.0,1.0,water,2000,C5_H_2000,2.55886e-08,0.0278,9.25071e-09,0.0156,2.5709678154786486e-08,0.027712558628339674,2.5277809545348672e-08,0.02802984638770394,2.1632905703184166e-08,0.028433099583338978,
SR_Pu_UN_G1_C5_P_D100.0m_Lw_5000.0cm_Epw1.0cm_w_water.o,C5,P,100.0,5000.0,1.0,water,2000,C5_H_2000,4.91494e-09,0.0506,2.14879e-09,0.0261,4.935285856948487e-09,0.05056471150677003,4.8338540512993215e-09,0.0513737043265708,4.109852510038393e-09,0.05253471542256786,
SR_Pu_UN_G1_C5_P_D200.0m_Lw_10000.0cm_Epw1.0cm_w_water.o,C5,P,200.0,10000.0,1.0,water,2000,C5_H_2000,9.62814e-10,0.1119,3.86979e-10,0.0384,9.68295603668558e-10,0.1122125077953045,9.506177680785529e-10,0.11348593270640357,8.063426654019515e-10,0.11606138460892078,
SR_Pu_UN_G1_C5_P_D300.0m_Lw_15000.0cm_Epw1.0cm_w_water.o,C5,P,300.0,15000.0,1.0,water,2000,C5_H_2000,2.35317e-10,0.125,1.05162e-10,0.0461,2.360026883032075e-10,0.12493662112500911,2.3070591270576765e-10,0.1270726313114729,1.9556071384424963e-10,0.1311554620486159,
SR_Pu_UN_G1_C5_P_D500.0m_Lw_25000.0cm_Epw1.0cm_w_water.o,C5,P,500.0,25000.0,1.0,water,2000,C5_H_2000,3.02132e-11,0.0993,1.35941e-11,0.0393,3.033302220886129e-11,0.09991677316140814,2.9713603712856574e-11,0.10199246831589782,2.5084408880477476e-11,0.10528748389584405,
SR_Pu_UN_G1_C5_P_D700.0m_Lw_35000.0cm_Epw1.0cm_w_water.o,C5,P,700.0,35000.0,1.0,water,2000,C5_H_2000,9.66572e-12,0.1817,3.0792e-12,0.0688,9.677595270334111e-12,0.18159715221583747,9.534856148287593e-12,0.1837874421693852,8.176364980895606e-12,0.18760281076237995,
SR_Pu_UN_G1_C5_P_D1000.0m_Lw_50000.0cm_Epw1.0cm_w_water.o,C5,P,1000.0,50000.0,1.0,water,2000,C5_H_2000,1.46903e-12,0.1993,4.17517e-13,0.071,1.4700043791177805e-12,0.19954985335019326,1.4516458697152802e-12,0.20124867583895978,1.2434370582935454e-12,0.20525519292885014,
SR_Pu_UN_G1_C5_P_D1200.0m_Lw_60000.0cm_Epw1.0cm_w_water.o,C5,P,1200.0,60000.0,1.0,water,2000,C5_H_2000,2.72448e-13,0.1091,1.09215e-13,0.0611,2.7434406079358056e-13,0.11053729797337206,2.6905349150566063e-13,0.11216162483666864,2.2838263111061864e-13,0.11491021361841855,
SR_Pu_UN_G1_C5_P_D1.0m_Lw_50.0cm_Epw20.0cm_w_water.o,C5,P,1.0,50.0,20.0,water,2000,C5_H_2000,1.5689e-05,0.0034,4.9992e-06,0.0083,1.577398963141776e-05,0.003384640815308302,1.555258932654827e-05,0.0033086514934400884,1.3335789676654979e-05,0.003245266897792297,
SR_Pu_UN_G1_C5_P_D2.0m_Lw_100.0cm_Epw20.0cm_w_water.o,C5,P,2.0,100.0,20.0,water,2000,C5_H_2000,5.04663e-06,0.0086,1.66078e-06,0.0292,5.076888446158878e-06,0.008695706193216695,5.004965713761519e-06,0.008691277206592874,4.2779485360132874e-06,0.007202385914042909,
SR_Pu_UN_G1_C5_P_D5.0m_Lw_250.0cm_Epw20.0cm_w_water.o,C5,P,5.0,250.0,20.0,water,2000,C5_H_2000,9.04762e-07,0.0116,2.76513e-07,0.0217,9.094035934078538e-07,0.011532421073557328,8.970031705361215e-07,0.011442209667167526,7.702314620024845e-07,0.011318711089919437,
SR_Pu_UN_G1_C5_P_D10.0m_Lw_500.0cm_Epw20.0cm_w_water.o,C5,P,10.0,500.0,20.0,water,2000,C5_H_2000,2.30549e-07,0.0137,7.24464e-08,0.0454,2.3167190490053267e-07,0.01383696269351564,2.2854665805796052e-07,0.013856339947611084,1.9583975689456682e-07,0.011590187905487239,
SR_Pu_UN_G1_C5_P_D20.0m_Lw_1000.0cm_Epw20.0cm_w_water.o,C5,P,20.0,1000.0,20.0,water,2000,C5_H_2000,5.36392e-08,0.0085,1.68772e-08,0.0196,5.392306995543505e-08,0.008511536967869632,5.3174050314140445e-08,0.008454324661142555,4.565233179493896e-08,0.008275501068579806,
SR_Pu_UN_G1_C5_P_D50.0m_Lw_2500.0cm_Epw20.0cm_w_water.o,C5,P,50.0,2500.0,20.0,water,2000,C5_H_2000,7.67986e-09,0.0318,2.48004e-09,0.0257,7.716897083727444e-09,0.031673684255252396,7.607287624193007e-09,0.03189911821891545,6.524846108511551e-09,0.032299221054183015,
SR_Pu_UN_G1_C5_P_D100.0m_Lw_5000.0cm_Epw20.0cm_w_water.o,C5,P,100.0,5000.0,20.0,water,2000,C5_H_2000,1.53405e-09,0.0794,5.0975e-10,0.0409,1.5446035498931158e-09,0.07943289915451475,1.5217892441723467e-09,0.0801551828004414,1.3031341050862222e-09,0.08136644143584662,
SR_Pu_UN_G1_C5_P_D200.0m_Lw_10000.0cm_Epw20.0cm_w_water.o,C5,P,200.0,10000.0,20.0,water,2000,C5_H_2000,2.87841e-10,0.155,1.02251e-10,0.067,2.890468324246823e-10,0.1544819627558893,2.8444433715359774e-10,0.1560755628700456,2.4205022320951274e-10,0.15950874447907878,
SR_Pu_UN_G1_C5_P_D300.0m_Lw_15000.0cm_Epw20.0cm_w_water.o,C5,P,300.0,15000.0,20.0,water,2000,C5_H_2000,9.45796e-11,0.2349,2.57697e-11,0.084,9.525348185471331e-11,0.23491664399277334,9.400106823668394e-11,0.23566653462102904,8.060952557589207e-11,0.2376580893309714,
SR_Pu_UN_G1_C5_P_D500.0m_Lw_25000.0cm_Epw20.0cm_w_water.o,C5,P,500.0,25000.0,20.0,water,2000,C5_H_2000,1.27482e-11,0.2175,4.66152e-12,0.0904,1.278381485629593e-11,0.2156203573432315,1.262484420242374e-11,0.22052246884860308,1.0800584290165004e-11,0.2243960862150182,
SR_Pu_UN_G1_C5_P_D1200.0m_Lw_60000.0cm_Epw20.0cm_w_water.o,C5,P,1200.0,60000.0,20.0,water,2000,C5_H_2000,1.41436e-13,0.2117,4.46583e-14,0.1051,1.4241082231399957e-13,0.210485412507602,1.40707497163494e-13,0.2127935046276563,1.2090977442145533e-13,0.21695577233137311,
SR_Pu_UN_G1_C5_P_D2.0m_Lw_100.0cm_Epw10.0cm_w_water.o,C5,P,2.0,100.0,10.0,water,2000,C5_H_2000,8.91342e-06,0.0055,3.05172e-06,0.014,8.959818614158397e-06,0.005526664428396563,8.815011390119484e-06,0.005358718215044283,7.553313593078526e-06,0.0052171248856027535,
SR_Pu_UN_G1_C5_P_D1.0m_Lw_50.0cm_Epw10.0cm_w_water.o,C5,P,1.0,50.0,10.0,water,2000,C5_H_2000,2.77577e-05,0.0087,9.45766e-06,0.0407,2.7898176840384668e-05,0.008766555162667042,2.747463237686369e-05,0.008791443332652468,2.3499548525529807e-05,0.006220602109828036,
SR_Pu_UN_G1_C5_P_D200.0m_Lw_10000.0cm_Epw5.0cm_w_water.o,C5,P,200.0,10000.0,5.0,water,2000,C5_H_2000,7.3707e-10,0.1212,2.88801e-10,0.0387,7.421275291015664e-10,0.12099158351469888,7.278922454948104e-10,0.12248233974414424,6.19535103092531e-10,0.12525392855276352,
SR_Pu_UN_G1_C5_P_D500.0m_Lw_25000.0cm_Epw5.0cm_w_water.o,C5,P,500.0,25000.0,5.0,water,2000,C5_H_2000,2.16501e-11,0.1267,9.53576e-12,0.0515,2.1743336452734633e-11,0.12635271302051485,2.1305655514772933e-11,0.12925457693561088,1.808212624570956e-11,0.13297195207108875,
SR_Pu_UN_G1_C5_P_D700.0m_Lw_35000.0cm_Epw20.0cm_w_water.o,C5,P,700.0,35000.0,20.0,water,2000,C5_H_2000,3.50407e-12,0.2297,9.80247e-13,0.0987,3.5118708958464323e-12,0.23041649249438245,3.463063615068757e-12,0.23151550863248932,2.9695332290938934e-12,0.23490085208731043,
SR_Pu_UN_G1_C5_P_D1000.0m_Lw_50000.0cm_Epw20.0cm_w_water.o,C5,P,1000.0,50000.0,20.0,water,2000,C5_H_2000,2.40143e-13,0.1916,1.00692e-13,0.0818,2.4136251390739776e-13,0.19362295017231607,2.3628069604974095e-13,0.19628494811418917,2.014776651041787e-13,0.20209436426766772,
SR_Pu_UN_G1_C5_P_D700.0m_Lw_35000.0cm_Epw5.0cm_w_water.o,C5,P,700.0,35000.0,5.0,water,2000,C5_H_2000,6.54733e-12,0.1387,2.17789e-12,0.0521,6.579169732926171e-12,0.13926920687336108,6.488684864708019e-12,0.14103791030337035,5.5523821989909195e-12,0.1441601891362933,
SR_Pu_UN_G1_C5_N_D2.0m_Lw_100.0cm_Epw10.0cm_w_concrete.o,C5,N,2.0,100.0,10.0,concrete,2000,C5_H_2000,5.47962e-06,0.0172,3.62545e-07,0.0282,5.243025601083391e-06,0.01705867094874317,5.71513980180477e-05,0.019403311959798098,4.9335932446648866e-05,0.018806730501410785,-4.317715442249807
SR_Pu_UN_G1_C5_N_D5.0m_Lw_250.0cm_Epw10.0cm_w_concrete.o,C5,N,5.0,250.0,10.0,concrete,2000,C5_H_2000,1.03002e-06,0.0276,7.67163e-08,0.0486,9.85451908842397e-07,0.02751933607954323,1.052026579897052e-05,0.031274605256916777,8.97654596680915e-06,0.029089118711018668,-4.326915123745453
SR_Pu_UN_G1_C5_N_D10.0m_Lw_500.0cm_Epw10.0cm_w_concrete.o,C5,N,10.0,500.0,10.0,concrete,2000,C5_H_2000,2.58514e-07,0.0238,2.21844e-08,0.0443,2.476386695186782e-07,0.02367178213461373,2.579705798854125e-06,0.025802785015397282,2.1762013238902048e-06,0.02468210140959436,-4.206863257433569
SR_Pu_UN_G1_C5_N_D20.0m_Lw_1000.0cm_Epw10.0cm_w_concrete.o,C5,N,20.0,1000.0,10.0,concrete,2000,C5_H_2000,6.73744e-08,0.0164,6.0309e-09,0.0218,6.452951960036573e-08,0.016318767531360523,6.724861567045668e-07,0.018291305174702423,5.590524518582352e-07,0.018518136114017064,-4.222494596811655
SR_Pu_UN_G1_C5_N_D50.0m_Lw_2500.0cm_Epw10.0cm_w_concrete.o,C5,N,50.0,2500.0,10.0,concrete,2000,C5_H_2000,1.03766e-08,0.0276,1.04155e-09,0.0237,9.925999273791957e-09,0.027454656068572794,1.0228901944303628e-07,0.029438920658759866,8.297692774444467e-08,0.033073047530706515,-4.342469847619099
SR_Pu_UN_G1_C5_N_D100.0m_Lw_5000.0cm_Epw10.0cm_w_concrete.o,C5,N,100.0,5000.0,10.0,concrete,2000,C5_H_2000,2.52493e-09,0.0762,2.32432e-10,0.0337,2.4199976188589243e-09,0.07609631692646159,2.4825111811208157e-08,0.07596888064257637,2.0604996670964427e-08,0.09382049781181581,-4.155853078741812
SR_Pu_UN_G1_C5_N_D200.0m_Lw_10000.0cm_Epw10.0cm_w_concrete.o,C5,N,200.0,10000.0,10.0,concrete,2000,C5_H_2000,4.65077e-10,0.1311,4.25314e-11,0.054,4.4847958124075265e-10,0.13296718313517916,4.6390000195808385e-09,0.11692825808195523,3.767051952353305e-09,0.15585161323307148,-3.5687464138728298
SR_Pu_UN_G1_C5_N_D300.0m_Lw_15000.0cm_Epw10.0cm_w_concrete.o,C5,N,300.0,15000.0,10.0,concrete,2000,C5_H_2000,1.32188e-10,0.1074,1.08483e-11,0.0516,1.259862943337427e-10,0.10491401955642157,1.3902091554035299e-09,0.09356642472565511,1.0881420316432386e-09,0.11810381668752824,-4.6915799212162135
SR_Pu_UN_G1_C5_N_D500.0m_Lw_25000.0cm_Epw10.0cm_w_concrete.o,C5,N,500.0,25000.0,10.0,concrete,2000,C5_H_2000,1.64133e-11,0.1087,1.58902e-12,0.0625,1.57797950693343e-11,0.10960164576716477,1.772820839454245e-10,0.1170740481578654,1.3293855434082234e-10,0.14233509115462206,-3.8597048166164085
SR_Pu_UN_G1_C5_N_D700.0m_Lw_35000.0cm_Epw10.0cm_w_concrete.o,C5,N,700.0,35000.0,10.0,concrete,2000,C5_H_2000,2.98933e-12,0.0634,3.22579e-13,0.0388,2.8602898401240245e-12,0.06277490834972498,3.2185467195409214e-11,0.07167117184347623,2.3112194307736777e-11,0.08445530214404423,-4.316691695997953
SR_Pu_UN_G1_C5_N_D1000.0m_Lw_50000.0cm_Epw10.0cm_w_concrete.o,C5,N,1000.0,50000.0,10.0,concrete,2000,C5_H_2000,3.84942e-13,0.079,3.67384e-14,0.036,3.706095751669709e-13,0.08060888524899247,4.074772514299595e-12,0.08287524585219824,3.09873498373851e-12,0.1077695516959609,-3.7232686568441755
SR_Pu_UN_G1_C5_N_D1200.0m_Lw_60000.0cm_Epw10.0cm_w_concrete.o,C5,N,1200.0,60000.0,10.0,concrete,2000,C5_H_2000,9.69808e-14,0.0659,9.91381e-15,0.0323,9.312886300910097e-14,0.06649995341214616,1.013416467810194e-12,0.06280914564547822,7.456200883526355e-13,0.08307743226045328,-3.97185524443914
SR_Pu_UN_G1_C5_N_D1.0m_Lw_50.0cm_Epw40.0cm_w_concrete.o,C5,N,1.0,50.0,40.0,concrete,2000,C5_H_2000,1.41842e-06,0.0075,1.28517e-07,0.0101,1.3616888374176877e-06,0.0061706782400405506,1.3684102190950576e-05,0.007059312793735991,1.1913686332683309e-05,0.006888143186232628,-3.9996025565285507
SR_Pu_UN_G1_C5_N_D2.0m_Lw_100.0cm_Epw40.0cm_w_concrete.o,C5,N,2.0,100.0,40.0,concrete,2000,C5_H_2000,4.53253e-07,0.0147,4.26604e-08,0.0238,4.3465829105358865e-07,0.013368091833681353,4.363977691401956e-06,0.01620801348860348,3.759380573330121e-06,0.015336286206923129,-4.102501019609653
SR_Pu_UN_G1_C5_N_D5.0m_Lw_250.0cm_Epw40.0cm_w_concrete.o,C5,N,5.0,250.0,40.0,concrete,2000,C5_H_2000,7.90916e-08,0.0271,7.98229e-09,0.0486,7.59231468053186e-08,0.026167816708694162,7.53802707515046e-07,0.028721026602616703,6.413457958117726e-07,0.029090255388468593,-4.006055250723716
SR_Pu_UN_G1_C5_N_D10.0m_Lw_500.0cm_Epw40.0cm_w_concrete.o,C5,N,10.0,500.0,40.0,concrete,2000,C5_H_2000,1.90186e-08,0.0299,2.07772e-09,0.0492,1.8241295809617023e-08,0.029166722272177117,1.7622029110248116e-07,0.03178323541218558,1.4883181020336302e-07,0.032523698613246756,-4.087073656225897
SR_Pu_UN_G1_C5_N_D20.0m_Lw_1000.0cm_Epw40.0cm_w_concrete.o,C5,N,20.0,1000.0,40.0,concrete,2000,C5_H_2000,4.6843e-09,0.0254,5.01844e-10,0.0365,4.4942435621094836e-09,0.025299379805679322,4.46237975373479e-08,0.028404609078511944,3.7391800300851323e-08,0.029377009888417977,-4.057307129998422
SR_Pu_UN_G1_C5_N_D50.0m_Lw_2500.0cm_Epw40.0cm_w_concrete.o,C5,N,50.0,2500.0,40.0,concrete,2000,C5_H_2000,6.55619e-10,0.0371,7.4932e-11,0.0401,6.292425915458845e-10,0.036982573585204175,6.041232762205771e-09,0.04165244714171898,5.065072952224261e-09,0.04553680851061818,-4.023130576465226
SR_Pu_UN_G1_C5_N_D100.0m_Lw_5000.0cm_Epw40.0cm_w_concrete.o,C5,N,100.0,5000.0,40.0,concrete,2000,C5_H_2000,1.11787e-10,0.0804,1.20079e-11,0.0433,1.0764513039533586e-10,0.08125193084949044,1.0988877521876117e-09,0.09069261211515578,8.976844467506562e-10,0.1061071843340516,-3.7051442517145468
SR_Pu_UN_G1_C5_N_D200.0m_Lw_10000.0cm_Epw40.0cm_w_concrete.o,C5,N,200.0,10000.0,40.0,concrete,2000,C5_H_2000,2.11053e-11,0.1242,2.22577e-12,0.105,2.0213607728672166e-11,0.12360502122212726,2.2772310902447038e-10,0.1456634097419458,1.6878852532097075e-10,0.1560157645711345,-4.22496847392756
SR_Pu_UN_G1_C5_N_D300.0m_Lw_15000.0cm_Epw40.0cm_w_concrete.o,C5,N,300.0,15000.0,40.0,concrete,2000,C5_H_2000,7.74794e-12,0.1992,4.99493e-13,0.113,7.473771585820949e-12,0.2012082584301328,7.902973750237983e-11,0.18952235961212488,6.915364305335233e-11,0.224669501749516,-3.5385975392046394
SR_Pu_UN_G1_C5_N_D500.0m_Lw_25000.0cm_Epw40.0cm_w_concrete.o,C5,N,500.0,25000.0,40.0,concrete,2000,C5_H_2000,5.14598e-13,0.1432,5.50465e-14,0.115,4.938949960711228e-13,0.14473196821780293,5.529813300967452e-12,0.15976358872021937,4.08372270290578e-12,0.18955914302404756,-4.023141156568273
SR_Pu_UN_G1_C5_N_D700.0m_Lw_35000.0cm_Epw40.0cm_w_concrete.o,C5,N,700.0,35000.0,40.0,concrete,2000,C5_H_2000,1.65548e-13,0.174,1.17504e-14,0.0922,1.572584340667864e-13,0.1715285719368194,1.771179154796912e-12,0.1725783392052922,1.4552833951987584e-12,0.19867374709746294,-5.00734888564863
SR_Pu_UN_G1_C5_N_D1000.0m_Lw_50000.0cm_Epw40.0cm_w_concrete.o,C5,N,1000.0,50000.0,40.0,concrete,2000,C5_H_2000,1.89643e-14,0.1165,1.40526e-15,0.0756,1.8091051755369372e-14,0.11516219761829598,2.2336419393022972e-13,0.12977687604817434,1.687313298409586e-13,0.1351430379840371,-4.604695373046348
SR_Pu_UN_G1_C5_N_D1200.0m_Lw_60000.0cm_Epw40.0cm_w_concrete.o,C5,N,1200.0,60000.0,40.0,concrete,2000,C5_H_2000,4.05579e-15,0.1607,3.95445e-16,0.0758,3.853395223724204e-15,0.15895594685576248,4.3493087157301066e-14,0.15862646993091198,3.250728317956647e-14,0.21187597342715023,-4.990267648862392
SR_Pu_UN_G1_C5_N_D10.0m_Lw_500.0cm_Epw5.0cm_w_concrete.o,C5,N,10.0,500.0,5.0,concrete,2000,C5_H_2000,3.78904e-07,0.0246,2.827e-08,0.0465,3.6241129913623877e-07,0.024437662112133458,3.887158362130248e-06,0.026640409939803416,3.286016937987116e-06,0.025450866331487933,-4.352738652471661
SR_Pu_UN_G1_C5_N_D20.0m_Lw_1000.0cm_Epw5.0cm_w_concrete.o,C5,N,20.0,1000.0,5.0,concrete,2000,C5_H_2000,9.88338e-08,0.0166,7.95827e-09,0.019,9.454775255131718e-08,0.01651396829047178,1.0130274798798524e-06,0.017452980795540897,8.458381546428519e-07,0.01890993525203694,-4.336621124233629
SR_Pu_UN_G1_C5_N_D50.0m_Lw_2500.0cm_Epw5.0cm_w_concrete.o,C5,N,50.0,2500.0,5.0,concrete,2000,C5_H_2000,1.59752e-08,0.0317,1.46282e-09,0.0198,1.5302478731911317e-08,0.03170479651787436,1.5949988123263464e-07,0.03291862385026412,1.3114563901111854e-07,0.03846120103207357,-4.211035029850538
SR_Pu_UN_G1_C5_N_D100.0m_Lw_5000.0cm_Epw5.0cm_w_concrete.o,C5,N,100.0,5000.0,5.0,concrete,2000,C5_H_2000,3.99072e-09,0.0717,3.53684e-10,0.0299,3.804104210956532e-09,0.0714618994266562,3.952304049967933e-08,0.06973164594678517,3.240742023633258e-08,0.08639380438037762,-4.6762436112648285
SR_Pu_UN_G1_C5_N_D200.0m_Lw_10000.0cm_Epw5.0cm_w_concrete.o,C5,N,200.0,10000.0,5.0,concrete,2000,C5_H_2000,8.28971e-10,0.1071,6.83812e-11,0.0448,7.979015405734425e-10,0.1076113028192254,8.579462006185508e-09,0.09802306659548318,6.9361587224628615e-09,0.12671216309772168,-3.747954925631597
SR_Pu_UN_G1_C5_N_D1200.0m_Lw_60000.0cm_Epw5.0cm_w_concrete.o,C5,N,1200.0,60000.0,5.0,concrete,2000,C5_H_2000,1.65522e-13,0.0473,1.78571e-14,0.0251,1.588606312151533e-13,0.04739794251923201,1.7407409513353432e-12,0.049752327819327584,1.2570822942470944e-12,0.06138767269339803,-4.024461270916676
SR_Pu_UN_G1_C5_N_D2.0m_Lw_100.0cm_Epw5.0cm_w_concrete.o,C5,N,2.0,100.0,5.0,concrete,2000,C5_H_2000,7.65576e-06,0.0156,4.83185e-07,0.0289,7.317503593872226e-06,0.01539497038819743,8.089071227107141e-05,0.017741819846548275,6.920902586511388e-05,0.015895610196945374,-4.418325628386647
SR_Pu_UN_G1_C5_N_D300.0m_Lw_15000.0cm_Epw5.0cm_w_concrete.o,C5,N,300.0,15000.0,5.0,concrete,2000,C5_H_2000,2.20673e-10,0.1066,1.92191e-11,0.0431,2.1234412395987465e-10,0.1073731199961067,2.2710748323135132e-09,0.0940811920688281,1.7998662820820737e-09,0.125297961423006,-3.7743067978979536
SR_Pu_UN_G1_C5_N_D5.0m_Lw_250.0cm_Epw5.0cm_w_concrete.o,C5,N,5.0,250.0,5.0,concrete,2000,C5_H_2000,1.42913e-06,0.0301,8.87505e-08,0.0484,1.3650855720968595e-06,0.030066912292542144,1.5130609020389643e-05,0.03388415497844304,1.2863381602311926e-05,0.03129307714587403,-4.481357742342577
SR_Pu_UN_G1_C5_N_D1.0m_Lw_50.0cm_Epw5.0cm_w_concrete.o,C5,N,1.0,50.0,5.0,concrete,2000,C5_H_2000,2.24692e-05,0.0132,1.35009e-06,0.0279,2.1492274890740362e-05,0.013293289412426799,0.00023585147955081787,0.014183815816399752,0.0002049386280044358,0.013545117691187613,-4.347841085840348
SR_Pu_UN_G1_C5_N_D1.0m_Lw_50.0cm_Epw1.0cm_w_concrete.o,C5,N,1.0,50.0,1.0,concrete,2000,C5_H_2000,2.72028e-05,0.0127,1.61623e-06,0.0496,2.596282461433339e-05,0.012454089202640515,0.0002851775575079081,0.012095653778948204,0.0002472715227428302,0.008466081484108184,-4.558263802500514
SR_Pu_UN_G1_C5_N_D2.0m_Lw_100.0cm_Epw1.0cm_w_concrete.o,C5,N,2.0,100.0,1.0,concrete,2000,C5_H_2000,9.41566e-06,0.0139,5.80384e-07,0.0353,8.991469236799492e-06,0.013947901250738526,9.934451490165003e-05,0.015308428862320667,8.525072282255814e-05,0.013307709788995916,-4.505162284964696
SR_Pu_UN_G1_C5_N_D5.0m_Lw_250.0cm_Epw1.0cm_w_concrete.o,C5,N,5.0,250.0,1.0,concrete,2000,C5_H_2000,1.84674e-06,0.0287,1.30234e-07,0.0774,1.7610999761358415e-06,0.028382791154313986,1.90455401623911e-05,0.031872350657962394,1.6235549647587833e-05,0.02671172515901957,-4.637362263456609
SR_Pu_UN_G1_C5_N_D10.0m_Lw_500.0cm_Epw1.0cm_w_concrete.o,C5,N,10.0,500.0,1.0,concrete,2000,C5_H_2000,5.0131e-07,0.0335,3.4925e-08,0.0638,4.791262767363198e-07,0.03346489651278361,5.226924251269846e-06,0.03875654065724724,4.421581263296109e-06,0.0339504536428063,-4.425150757750733
SR_Pu_UN_G1_C5_N_D20.0m_Lw_1000.0cm_Epw1.0cm_w_concrete.o,C5,N,20.0,1000.0,1.0,concrete,2000,C5_H_2000,1.3062e-07,0.0218,9.6337e-09,0.025,1.2480705006842365e-07,0.021598518008770825,1.3560783202595471e-06,0.023771666905790124,1.14436864556599e-06,0.024180788252474262,-4.450275556251983
SR_Pu_UN_G1_C5_N_D50.0m_Lw_2500.0cm_Epw1.0cm_w_concrete.o,C5,N,50.0,2500.0,1.0,concrete,2000,C5_H_2000,2.10543e-08,0.0458,1.79515e-09,0.0232,2.0150588422031453e-08,0.045721210662158805,2.118813389265302e-07,0.04527069736753497,1.7567821206045782e-07,0.05394900555027171,-4.292289831381463
SR_Pu_UN_G1_C5_N_D100.0m_Lw_5000.0cm_Epw1.0cm_w_concrete.o,C5,N,100.0,5000.0,1.0,concrete,2000,C5_H_2000,5.81254e-09,0.0873,4.61015e-10,0.0346,5.571273689306162e-09,0.08764221911277088,5.7280256955412483e-08,0.08076424502682775,4.8743586991595475e-08,0.10195055981387467,-4.15078968392197
SR_Pu_UN_G1_C5_N_D200.0m_Lw_10000.0cm_Epw1.0cm_w_concrete.o,C5,N,200.0,10000.0,1.0,concrete,2000,C5_H_2000,1.06938e-09,0.1063,9.0156e-11,0.0443,1.0259352515175303e-09,0.10632462952088687,1.116878274561686e-08,0.10830964747340803,8.879946060207097e-09,0.1265964454307583,-4.062610903745144
SR_Pu_UN_G1_C5_N_D300.0m_Lw_15000.0cm_Epw1.0cm_w_concrete.o,C5,N,300.0,15000.0,1.0,concrete,2000,C5_H_2000,3.16235e-10,0.0973,3.01213e-11,0.0375,3.040523393928733e-10,0.09857054885818899,3.3285888583620747e-09,0.08684477193903732,2.5028595318742006e-09,0.1170760863172615,-3.852407420787294
SR_Pu_UN_G1_C5_N_D500.0m_Lw_25000.0cm_Epw1.0cm_w_concrete.o,C5,N,500.0,25000.0,1.0,concrete,2000,C5_H_2000,4.88996e-11,0.0896,4.59682e-12,0.0385,4.6565579125565695e-11,0.08719492247074342,5.46610243915135e-10,0.08792120697679823,3.961795464095712e-10,0.11400796633561916,-4.7730878666375745
SR_Pu_UN_G1_C5_N_D700.0m_Lw_35000.0cm_Epw1.0cm_w_concrete.o,C5,N,700.0,35000.0,1.0,concrete,2000,C5_H_2000,8.64857e-12,0.0362,9.66302e-13,0.0234,8.293797815781875e-12,0.035865915507607336,9.295470014373973e-11,0.04160088838054066,6.482545104848117e-11,0.0462890410777304,-4.102090683409224
SR_Pu_UN_G1_C5_N_D1000.0m_Lw_50000.0cm_Epw1.0cm_w_concrete.o,C5,N,1000.0,50000.0,1.0,concrete,2000,C5_H_2000,1.04691e-12,0.0388,1.19469e-13,0.0203,1.0021712685543636e-12,0.03864718321794188,1.0994507752048316e-11,0.04287452000545428,7.735451482562085e-12,0.0509087301478665,-4.2734075943143575
SR_Pu_UN_G1_C5_N_D1200.0m_Lw_60000.0cm_Epw1.0cm_w_concrete.o,C5,N,1200.0,60000.0,1.0,concrete,2000,C5_H_2000,2.44219e-13,0.0365,2.85699e-14,0.0197,2.339160897305854e-13,0.03607951403941247,2.559485846575335e-12,0.040879856620473304,1.7644193885262508e-12,0.04782646526066433,-4.218717736709516
SR_Pu_UN_G1_C5_N_D1.0m_Lw_50.0cm_Epw20.0cm_w_concrete.o,C5,N,1.0,50.0,20.0,concrete,2000,C5_H_2000,7.43747e-06,0.0101,5.56531e-07,0.0139,7.127802206597294e-06,0.00895635560132452,7.496006649621188e-05,0.010992960000346014,6.535931607902058e-05,0.01040416220823947,-4.16361737798883
SR_Pu_UN_G1_C5_N_D2.0m_Lw_100.0cm_Epw20.0cm_w_concrete.o,C5,N,2.0,100.0,20.0,concrete,2000,C5_H_2000,2.50351e-06,0.0182,2.01484e-07,0.0277,2.400277578735135e-06,0.01779701783562249,2.4762988413640063e-05,0.019471506892758454,2.159077169402069e-05,0.019998058938611812,-4.123507446140218
SR_Pu_UN_G1_C5_N_D5.0m_Lw_250.0cm_Epw20.0cm_w_concrete.o,C5,N,5.0,250.0,20.0,concrete,2000,C5_H_2000,4.4406e-07,0.0255,3.87396e-08,0.0433,4.263896161835149e-07,0.025535786673543795,4.373872203716555e-06,0.028322030243839773,3.748908616694067e-06,0.02773227794952422,-3.9792784345550403
SR_Pu_UN_G1_C5_N_D10.0m_Lw_500.0cm_Epw20.0cm_w_concrete.o,C5,N,10.0,500.0,20.0,concrete,2000,C5_H_2000,1.14906e-07,0.0238,1.10745e-08,0.0428,1.1006885772492588e-07,0.023525712266747722,1.1054053182723372e-06,0.02657939929872643,9.367052391782323e-07,0.025117812302416245,-4.209651606595054
SR_Pu_UN_G1_C5_N_D20.0m_Lw_1000.0cm_Epw20.0cm_w_concrete.o,C5,N,20.0,1000.0,20.0,concrete,2000,C5_H_2000,2.87032e-08,0.0236,2.83518e-09,0.0318,2.7522670296040624e-08,0.02350556743238267,2.783182426204682e-07,0.027663593365515562,2.33867369000352e-07,0.02708780703229625,-4.112885336685024
SR_Pu_UN_G1_C5_N_D50.0m_Lw_2500.0cm_Epw20.0cm_w_concrete.o,C5,N,50.0,2500.0,20.0,concrete,2000,C5_H_2000,4.42261e-09,0.0355,4.60291e-10,0.03,4.242687976518628e-09,0.03538178681736981,4.215345719512104e-08,0.0390714320751031,3.511541253821507e-08,0.04388780020460312,-4.068231733780999
SR_Pu_UN_G1_C5_N_D100.0m_Lw_5000.0cm_Epw20.0cm_w_concrete.o,C5,N,100.0,5000.0,20.0,concrete,2000,C5_H_2000,8.87798e-10,0.0618,9.65154e-11,0.0403,8.472791949977284e-10,0.061537898616036237,8.780681381175406e-09,0.07204886560567358,6.867580715174861e-09,0.07870857855457683,-4.563966690876931
SR_Pu_UN_G1_C5_N_D200.0m_Lw_10000.0cm_Epw20.0cm_w_concrete.o,C5,N,200.0,10000.0,20.0,concrete,2000,C5_H_2000,1.52585e-10,0.1195,1.47463e-11,0.0743,1.4665015459365657e-10,0.11930437322477913,1.5205376912425004e-09,0.12849044097319964,1.2498062727781847e-09,0.14735603702054484,-3.8895339688327337
SR_Pu_UN_G1_C5_N_D300.0m_Lw_15000.0cm_Epw20.0cm_w_concrete.o,C5,N,300.0,15000.0,20.0,concrete,2000,C5_H_2000,3.73984e-11,0.1765,3.29231e-12,0.0885,3.569544725083535e-11,0.17730317456503672,4.1338044196407623e-10,0.17145514022188957,3.058189941294321e-10,0.2091594288771009,-4.553544400735457
SR_Pu_UN_G1_C5_N_D500.0m_Lw_25000.0cm_Epw20.0cm_w_concrete.o,C5,N,500.0,25000.0,20.0,concrete,2000,C5_H_2000,4.78318e-12,0.1374,4.63516e-13,0.0944,4.57612522871792e-12,0.13758549234316422,5.7792545948683244e-11,0.17502128444504728,3.893256745057538e-11,0.1686734018308577,-4.328809939874301
SR_Pu_UN_G1_C5_N_D700.0m_Lw_35000.0cm_Epw20.0cm_w_concrete.o,C5,N,700.0,35000.0,20.0,concrete,2000,C5_H_2000,1.29452e-12,0.1655,1.04424e-13,0.0748,1.246094710432613e-12,0.16766626414629476,1.4239057643461239e-11,0.16300000183837607,1.1082952330340019e-11,0.20524200460149447,-3.7407911478684777
SR_Pu_UN_G1_C5_N_D1.0m_Lw_50.0cm_Epw10.0cm_w_concrete.o,C5,N,1.0,50.0,10.0,concrete,2000,C5_H_2000,1.60357e-05,0.0107,1.03798e-06,0.0232,1.5348884981948685e-05,0.010364894614812069,0.00016587411438531247,0.010922765192396808,0.00014454366113703137,0.010723373552075643,-4.283037335765292
SR_Pu_UN_G1_C5_N_D500.0m_Lw_25000.0cm_Epw5.0cm_w_concrete.o,C5,N,500.0,25000.0,5.0,concrete,2000,C5_H_2000,3.73674e-11,0.1682,3.05098e-12,0.0511,3.59724937705418e-11,0.17001677622371508,3.7526500953040976e-10,0.12951875932382712,3.013222919209835e-10,0.17948935556771514,-3.7329496552026593
SR_Pu_UN_G1_C5_N_D1000.0m_Lw_50000.0cm_Epw5.0cm_w_concrete.o,C5,N,1000.0,50000.0,5.0,concrete,2000,C5_H_2000,6.14649e-13,0.0488,7.09162e-14,0.0273,5.891510166459496e-13,0.04850737681907949,6.386338162875633e-12,0.055365661614126475,4.523459940482339e-12,0.0652091608639294,-4.1483811661697
SR_Pu_UN_G1_C5_N_D1000.0m_Lw_50000.0cm_Epw20.0cm_w_concrete.o,C5,N,1000.0,50000.0,20.0,concrete,2000,C5_H_2000,1.58803e-13,0.1624,1.27162e-14,0.0759,1.5288861390787546e-13,0.16295645077468796,1.7129020242022861e-12,0.1697378704495509,1.3600857050402607e-12,0.19105978436497859,-3.72435413192732
SR_Pu_UN_G1_C5_N_D1200.0m_Lw_60000.0cm_Epw20.0cm_w_concrete.o,C5,N,1200.0,60000.0,20.0,concrete,2000,C5_H_2000,3.13674e-14,0.1095,3.25327e-15,0.0535,3.011735518082533e-14,0.11130713899711941,3.189631508280437e-13,0.09685160169240006,2.3942221521468335e-13,0.13343205440979564,-3.9851719274618382
SR_Pu_UN_G1_C5_N_D700.0m_Lw_35000.0cm_Epw5.0cm_w_concrete.o,C5,N,700.0,35000.0,5.0,concrete,2000,C5_H_2000,4.7737e-12,0.0428,5.34338e-13,0.028,4.555148324521629e-12,0.042147841778913966,5.132811913232668e-11,0.04878006477875289,3.5806184257862936e-11,0.05643555509472194,-4.5782448724966125
SR_Pu_UN_G1_C5_P_D2.0m_Lw_100.0cm_Epw10.0cm_w_concrete.o,C5,P,2.0,100.0,10.0,concrete,2000,C5_H_2000,7.55703e-06,0.0058,2.22229e-06,0.0159,7.586018610631325e-06,0.005778127922309967,7.473149853348314e-06,0.005621791722529707,6.435828931439914e-06,0.0055034102040590355,
SR_Pu_UN_G1_C5_P_D5.0m_Lw_250.0cm_Epw10.0cm_w_concrete.o,C5,P,5.0,250.0,10.0,concrete,2000,C5_H_2000,1.40256e-06,0.011,4.07372e-07,0.0255,1.4083832282202098e-06,0.0109577603998388,1.388071483806608e-06,0.010796729273228396,1.1954371919606198e-06,0.010642223572245231,
SR_Pu_UN_G1_C5_P_D10.0m_Lw_500.0cm_Epw10.0cm_w_concrete.o,C5,P,10.0,500.0,10.0,concrete,2000,C5_H_2000,3.54246e-07,0.0103,9.89952e-08,0.0255,3.557541871866715e-07,0.010282700991071293,3.508391465246288e-07,0.010116715011235521,3.02341518149557e-07,0.009980125848317032,
SR_Pu_UN_G1_C5_P_D20.0m_Lw_1000.0cm_Epw10.0cm_w_concrete.o,C5,P,20.0,1000.0,10.0,concrete,2000,C5_H_2000,8.73524e-08,0.0064,2.52798e-08,0.0122,8.771586449640665e-08,0.006336233857216305,8.645976768656528e-08,0.006297612394066126,7.447119078608573e-08,0.006269590097785882,
SR_Pu_UN_G1_C5_P_D50.0m_Lw_2500.0cm_Epw10.0cm_w_concrete.o,C5,P,50.0,2500.0,10.0,concrete,2000,C5_H_2000,1.24173e-08,0.0325,3.89748e-09,0.0236,1.245833320000878e-08,0.03238481803050153,1.2272252535609912e-08,0.032728476846782754,1.0560244856593893e-08,0.03310458743229632,
SR_Pu_UN_G1_C5_P_D100.0m_Lw_5000.0cm_Epw10.0cm_w_concrete.o,C5,P,100.0,5000.0,10.0,concrete,2000,C5_H_2000,2.29594e-09,0.0712,8.26133e-10,0.0428,2.3088245941237587e-09,0.07106722017247052,2.2664599602667863e-09,0.07194540835130189,1.9397711557686366e-09,0.07329941543634502,
SR_Pu_UN_G1_C5_P_D200.0m_Lw_10000.0cm_Epw10.0cm_w_concrete.o,C5,P,200.0,10000.0,10.0,concrete,2000,C5_H_2000,4.37489e-10,0.1686,1.5015e-10,0.0843,4.387301953238511e-10,0.16799470225578234,4.309019444553314e-10,0.16873802822341816,3.66851730094863e-10,0.17130306219631236,
SR_Pu_UN_G1_C5_P_D300.0m_Lw_15000.0cm_Epw10.0cm_w_concrete.o,C5,P,300.0,15000.0,10.0,concrete,2000,C5_H_2000,1.34045e-10,0.1662,4.27518e-11,0.0728,1.3424251023325695e-10,0.16611337450289423,1.3200143498257223e-10,0.16829806885020437,1.1273807217400998e-10,0.1717916872212573,
SR_Pu_UN_G1_C5_P_D500.0m_Lw_25000.0cm_Epw10.0cm_w_concrete.o,C5,P,500.0,25000.0,10.0,concrete,2000,C5_H_2000,1.89366e-11,0.1437,6.78333e-12,0.0639,1.9035374018028836e-11,0.14376581324310123,1.876723487169761e-11,0.14682481416892265,1.6046727760525038e-11,0.14954855172903103,
SR_Pu_UN_G1_C5_P_D700.0m_Lw_35000.0cm_Epw10.0cm_w_concrete.o,C5,P,700.0,35000.0,10.0,concrete,2000,C5_H_2000,3.97509e-12,0.1276,1.32483e-12,0.0537,3.986529343648465e-12,0.1283628493797604,3.91270483182691e-12,0.1302676000770818,3.3310748630267273e-12,0.1331595744867352,
SR_Pu_UN_G1_C5_P_D1000.0m_Lw_50000.0cm_Epw10.0cm_w_concrete.o,C5,P,1000.0,50000.0,10.0,concrete,2000,C5_H_2000,4.90049e-13,0.1398,1.85111e-13,0.0565,4.932519503226592e-13,0.14081482237692933,4.835286815477702e-13,0.14170816698014213,4.096564874041983e-13,0.14259509538800513,
SR_Pu_UN_G1_C5_P_D1200.0m_Lw_60000.0cm_Epw10.0cm_w_concrete.o,C5,P,1200.0,60000.0,10.0,concrete,2000,C5_H_2000,1.63764e-13,0.1598,5.71759e-14,0.0613,1.637897669941937e-13,0.16041542859546187,1.6009983978058042e-13,0.16103995975208754,1.3584576702773913e-13,0.16224095804820202,
SR_Pu_UN_G1_C5_P_D1.0m_Lw_50.0cm_Epw40.0cm_w_concrete.o,C5,P,1.0,50.0,40.0,concrete,2000,C5_H_2000,3.4655e-06,0.0335,7.55395e-07,0.0828,3.468004214504554e-06,0.031166798437776574,3.424133146376938e-06,0.029995122735523107,2.9530306473091486e-06,0.02913924166588732,
SR_Pu_UN_G1_C5_P_D2.0m_Lw_100.0cm_Epw40.0cm_w_concrete.o,C5,P,2.0,100.0,40.0,concrete,2000,C5_H_2000,1.07292e-06,0.0086,2.25068e-07,0.017,1.0765863082250548e-06,0.00843844334276191,1.0640644909094585e-06,0.00839239797900219,9.183238010147294e-07,0.008319513969653419,
SR_Pu_UN_G1_C5_P_D5.0m_Lw_250.0cm_Epw40.0cm_w_concrete.o,C5,P,5.0,250.0,40.0,concrete,2000,C5_H_2000,1.88189e-07,0.0153,3.98064e-08,0.0291,1.8879178016017751e-07,0.015193799206481461,1.866264473577461e-07,0.015125815950678323,1.6105767264223741e-07,0.01498856737678241,
SR_Pu_UN_G1_C5_P_D10.0m_Lw_500.0cm_Epw40.0cm_w_concrete.o,C5,P,10.0,500.0,40.0,concrete,2000,C5_H_2000,4.56478e-08,0.0152,9.59807e-09,0.0407,4.578553772315242e-08,0.015240929309234433,4.526709546096904e-08,0.0151293816286904,3.9076608530490714e-08,0.015024844199228888,
SR_Pu_UN_G1_C5_P_D20.0m_Lw_1000.0cm_Epw40.0cm_w_concrete.o,C5,P,20.0,1000.0,40.0,concrete,2000,C5_H_2000,1.05451e-08,0.0142,2.19448e-09,0.0283,1.0577454299153073e-08,0.014118687971827611,1.045783436042868e-08,0.01408250615509964,9.02860517916463e-09,0.01405988599399249,
SR_Pu_UN_G1_C5_P_D50.0m_Lw_2500.0cm_Epw40.0cm_w_concrete.o,C5,P,50.0,2500.0,40.0,concrete,2000,C5_H_2000,1.61914e-09,0.0435,3.72905e-10,0.0453,1.6229498894809454e-09,0.04341366920034174,1.6025374274973376e-09,0.04362440703522906,1.3814818654389678e-09,0.04385791655355201,
SR_Pu_UN_G1_C5_P_D100.0m_Lw_5000.0cm_Epw40.0cm_w_concrete.o,C5,P,100.0,5000.0,40.0,concrete,2000,C5_H_2000,3.64705e-10,0.1187,7.6898e-11,0.0759,3.670895721167929e-10,0.1190502321286762,3.6327252938380465e-10,0.12014360198238978,3.1365118279838694e-10,0.12158919720490234,
SR_Pu_UN_G1_C5_P_D200.0m_Lw_10000.0cm_Epw40.0cm_w_concrete.o,C5,P,200.0,10000.0,40.0,concrete,2000,C5_H_2000,6.83294e-11,0.2056,1.45268e-11,0.097,6.856757773460165e-11,0.20543055399199883,6.771134082040897e-11,0.20633332633501275,5.8198481663093116e-11,0.20774353296776132,
SR_Pu_UN_G1_C5_P_D300.0m_Lw_15000.0cm_Epw40.0cm_w_concrete.o,C5,P,300.0,15000.0,40.0,concrete,2000,C5_H_2000,1.88247e-11,0.1645,5.01516e-12,0.1062,1.8934559889877996e-11,0.16351530657303978,1.8716488569988184e-11,0.1660161631916825,1.6105789626536855e-11,0.1677867538905556,
SR_Pu_UN_G1_C5_P_D500.0m_Lw_25000.0cm_Epw40.0cm_w_concrete.o,C5,P,500.0,25000.0,40.0,concrete,2000,C5_H_2000,3.77415e-12,0.5612,8.08511e-13,0.2019,3.7852569201959986e-12,0.5627296386131263,3.724543225769946e-12,0.5645559546096894,3.2145119096278432e-12,0.5688471106148285,
SR_Pu_UN_G1_C5_P_D700.0m_Lw_35000.0cm_Epw40.0cm_w_concrete.o,C5,P,700.0,35000.0,40.0,concrete,2000,C5_H_2000,6.45708e-13,0.1827,1.75705e-13,0.1023,6.462830506189852e-13,0.18192824404717461,6.372573204059894e-13,0.183500738822532,5.480333458355814e-13,0.18579928183055167,
SR_Pu_UN_G1_C5_P_D1000.0m_Lw_50000.0cm_Epw40.0cm_w_concrete.o,C5,P,1000.0,50000.0,40.0,concrete,2000,C5_H_2000,1.50736e-13,0.3213,3.06914e-14,0.1263,1.5139125006420786e-13,0.3221453435691062,1.4842604927283347e-13,0.32175501741549334,1.2677436807668717e-13,0.3207682645359277,
SR_Pu_UN_G1_C5_P_D1200.0m_Lw_60000.0cm_Epw40.0cm_w_concrete.o,C5,P,1200.0,60000.0,40.0,concrete,2000,C5_H_2000,5.94142e-14,0.3232,1.18831e-14,0.1467,5.960112997495558e-14,0.32340721377172227,5.874456556948747e-14,0.32364355860158306,5.067430791236857e-14,0.32488002967849977,
SR_Pu_UN_G1_C5_P_D10.0m_Lw_500.0cm_Epw5.0cm_w_concrete.o,C5,P,10.0,500.0,5.0,concrete,2000,C5_H_2000,5.2531e-07,0.0092,1.61018e-07,0.0231,5.277726584335723e-07,0.009209207945186136,5.198045552977729e-07,0.009042075120778082,4.473413700611596e-07,0.008910324149920497,
SR_Pu_UN_G1_C5_P_D20.0m_Lw_1000.0cm_Epw5.0cm_w_concrete.o,C5,P,20.0,1000.0,5.0,concrete,2000,C5_H_2000,1.27973e-07,0.0051,4.01361e-08,0.0087,1.2852241095548307e-07,0.005119883589948882,1.2656686210919573e-07,0.00510990255654248,1.0884728598457748e-07,0.0050903908128819815,
SR_Pu_UN_G1_C5_P_D50.0m_Lw_2500.0cm_Epw5.0cm_w_concrete.o,C5,P,50.0,2500.0,5.0,concrete,2000,C5_H_2000,1.83464e-08,0.0297,6.23355e-09,0.0196,1.8420492960206727e-08,0.029569022632305868,1.811726907187137e-08,0.02991017336471143,1.5564839631044488e-08,0.030311275020214884,
SR_Pu_UN_G1_C5_P_D100.0m_Lw_5000.0cm_Epw5.0cm_w_concrete.o,C5,P,100.0,5000.0,5.0,concrete,2000,C5_H_2000,3.5714e-09,0.066,1.35558e-09,0.032,3.5844031006970034e-09,0.06603182718699656,3.5174702282487886e-09,0.06705803432918159,3.013623005458411e-09,0.06836962461205459,
SR_Pu_UN_G1_C5_P_D200.0m_Lw_10000.0cm_Epw5.0cm_w_concrete.o,C5,P,200.0,10000.0,5.0,concrete,2000,C5_H_2000,6.21507e-10,0.1143,2.32778e-10,0.0394,6.273013351305963e-10,0.11482342382312967,6.159685826665114e-10,0.1161205587996257,5.257075806463712e-10,0.11814522772280374,
SR_Pu_UN_G1_C5_P_D1200.0m_Lw_60000.0cm_Epw5.0cm_w_concrete.o,C5,P,1200.0,60000.0,5.0,concrete,2000,C5_H_2000,2.29131e-13,0.1567,8.0587e-14,0.0631,2.2968386018491695e-13,0.1566031312401125,2.258126226121785e-13,0.15833781310246983,1.92362842156374e-13,0.16100679449292205,
SR_Pu_UN_G1_C5_P_D2.0m_Lw_100.0cm_Epw5.0cm_w_concrete.o,C5,P,2.0,100.0,5.0,concrete,2000,C5_H_2000,1.07873e-05,0.0048,3.27718e-06,0.0117,1.0833484994862162e-05,0.004774560258000412,1.0665946885706764e-05,0.004635770802489617,9.180300583674543e-06,0.004532044861595099,
SR_Pu_UN_G1_C5_P_D300.0m_Lw_15000.0cm_Epw5.0cm_w_concrete.o,C5,P,300.0,15000.0,5.0,concrete,2000,C5_H_2000,2.13219e-10,0.1572,7.14102e-11,0.0579,2.1419982333601064e-10,0.15738582847412058,2.1051289258424655e-10,0.1591632187049644,1.8037704691971593e-10,0.16196462406408926,
SR_Pu_UN_G1_C5_P_D5.0m_Lw_250.0cm_Epw5.0cm_w_concrete.o,C5,P,5.0,250.0,5.0,concrete,2000,C5_H_2000,2.06897e-06,0.01,6.49726e-07,0.0293,2.0776004609534514e-06,0.009968375063273792,2.04484387438575e-06,0.009669900672933052,1.759134582851812e-06,0.009489045411224513,
SR_Pu_UN_G1_C5_P_D1.0m_Lw_50.0cm_Epw5.0cm_w_concrete.o,C5,P,1.0,50.0,5.0,concrete,2000,C5_H_2000,3.30671e-05,0.0033,9.71805e-06,0.0136,3.3211224042269265e-05,0.003251297020386963,3.2731198409793805e-05,0.0030969744912992007,2.819363664895014e-05,0.0030055889113555713,
SR_Pu_UN_G1_C5_P_D1.0m_Lw_50.0cm_Epw1.0cm_w_concrete.o,C5,P,1.0,50.0,1.0,concrete,2000,C5_H_2000,4.22488e-05,0.0024,1.17637e-05,0.0092,4.24447514659877e-05,0.0023443213047997956,4.188557519945001e-05,0.0022471689170318315,3.610535029178983e-05,0.0021472258397000196,
SR_Pu_UN_G1_C5_P_D2.0m_Lw_100.0cm_Epw1.0cm_w_concrete.o,C5,P,2.0,100.0,1.0,concrete,2000,C5_H_2000,1.37827e-05,0.0033,4.03664e-06,0.0098,1.3840907940122606e-05,0.003207454507649805,1.3643432385693147e-05,0.003110059015087119,1.1750531380620122e-05,0.0030415572365862565,
SR_Pu_UN_G1_C5_P_D5.0m_Lw_250.0cm_Epw1.0cm_w_concrete.o,C5,P,5.0,250.0,1.0,concrete,2000,C5_H_2000,2.69813e-06,0.0077,8.47331e-07,0.0302,2.7113341250225703e-06,0.007733474522150644,2.669683316162706e-06,0.007436097450125161,2.2956677466065908e-06,0.007106323736179485,
SR_Pu_UN_G1_C5_P_D10.0m_Lw_500.0cm_Epw1.0cm_w_concrete.o,C5,P,10.0,500.0,1.0,concrete,2000,C5_H_2000,7.08781e-07,0.0087,2.15316e-07,0.022,7.116761753837755e-07,0.008624834748071603,7.013648747459887e-07,0.008481202440866297,6.035027888483784e-07,0.008342930282106526,
SR_Pu_UN_G1_C5_P_D20.0m_Lw_1000.0cm_Epw1.0cm_w_concrete.o,C5,P,20.0,1000.0,1.0,concrete,2000,C5_H_2000,1.72864e-07,0.0058,5.40008e-08,0.0106,1.7363250019308647e-07,0.005757297845548655,1.7103028809977111e-07,0.00572497385849947,1.4705191972020375e-07,0.005691880169404785,
SR_Pu_UN_G1_C5_P_D50.0m_Lw_2500.0cm_Epw1.0cm_w_concrete.o,C5,P,50.0,2500.0,1.0,concrete,2000,C5_H_2000,2.40798e-08,0.0278,8.64655e-09,0.0158,2.4192375936769186e-08,0.027778110409381974,2.3777545060922865e-08,0.028110526465556878,2.038099983945531e-08,0.02851302772528803,
SR_Pu_UN_G1_C5_P_D100.0m_Lw_5000.0cm_Epw1.0cm_w_concrete.o,C5,P,100.0,5000.0,1.0,concrete,2000,C5_H_2000,4.95549e-09,0.0547,2.03705e-09,0.0256,4.978958151659138e-09,0.054666687992332354,4.879181261766283e-09,0.05544626684622481,4.156922123138065e-09,0.05657991623999066,
SR_Pu_UN_G1_C5_P_D200.0m_Lw_10000.0cm_Epw1.0cm_w_concrete.o,C5,P,200.0,10000.0,1.0,concrete,2000,C5_H_2000,1.01741e-09,0.1092,3.80363e-10,0.0399,1.021614879819147e-09,0.10929384851864475,1.0045907677299255e-09,0.11062756960170295,8.544805499723987e-10,0.11316723847241221,
SR_Pu_UN_G1_C5_P_D300.0m_Lw_15000.0cm_Epw1.0cm_w_concrete.o,C5,P,300.0,15000.0,1.0,concrete,2000,C5_H_2000,2.70464e-10,0.1456,1.03344e-10,0.051,2.7213288005493273e-10,0.14553536556415939,2.668846150839132e-10,0.14752567442156306,2.273332316648971e-10,0.15124461342066456,
SR_Pu_UN_G1_C5_P_D500.0m_Lw_25000.0cm_Epw1.0cm_w_concrete.o,C5,P,500.0,25000.0,1.0,concrete,2000,C5_H_2000,2.93959e-11,0.1016,1.31868e-11,0.04,2.95192000597016e-11,0.10211996527519626,2.8904067816875584e-11,0.1042990455240502,2.4412133864828475e-11,0.10760835573421894,
SR_Pu_UN_G1_C5_P_D700.0m_Lw_35000.0cm_Epw1.0cm_w_concrete.o,C5,P,700.0,35000.0,1.0,concrete,2000,C5_H_2000,9.80947e-12,0.1792,3.11183e-12,0.074,9.816558170490797e-12,0.1789076697017375,9.678259361166611e-12,0.1808169173964547,8.270183585994202e-12,0.18496997340522894,
SR_Pu_UN_G1_C5_P_D1000.0m_Lw_50000.0cm_Epw1.0cm_w_concrete.o,C5,P,1000.0,50000.0,1.0,concrete,2000,C5_H_2000,1.36522e-12,0.2105,3.96706e-13,0.0739,1.3662054785475247e-12,0.21059870814939702,1.3487121422153762e-12,0.2124287444873811,1.155626572621031e-12,0.2165915246270672,
SR_Pu_UN_G1_C5_P_D1200.0m_Lw_60000.0cm_Epw1.0cm_w_concrete.o,C5,P,1200.0,60000.0,1.0,concrete,2000,C5_H_2000,3.00291e-13,0.2084,1.1321e-13,0.0794,3.0340394937950373e-13,0.21305922410440634,2.9849730606376743e-13,0.21771111017188016,2.5409620078541206e-13,0.22314179409257628,
SR_Pu_UN_G1_C5_P_D1.0m_Lw_50.0cm_Epw20.0cm_w_concrete.o,C5,P,1.0,50.0,20.0,concrete,2000,C5_H_2000,1.18323e-05,0.0033,2.9906e-06,0.01,1.1874951076951744e-05,0.003111102692467784,1.17227829449543e-05,0.003030247494681027,1.011012956694117e-05,0.0029766401932534007,
SR_Pu_UN_G1_C5_P_D2.0m_Lw_100.0cm_Epw20.0cm_w_concrete.o,C5,P,2.0,100.0,20.0,concrete,2000,C5_H_2000,3.80869e-06,0.0081,9.90128e-07,0.0211,3.826149667948801e-06,0.008224340601976817,3.7750540467902636e-06,0.008080503290024353,3.255136704213616e-06,0.007958203239949913,
SR_Pu_UN_G1_C5_P_D5.0m_Lw_250.0cm_Epw20.0cm_w_concrete.o,C5,P,5.0,250.0,20.0,concrete,2000,C5_H_2000,7.08754e-07,0.0138,1.83191e-07,0.0314,7.106168183466567e-07,0.013676712602937213,7.013111977577808e-07,0.013561708841155448,6.045972783074513e-07,0.013445065332707716,
SR_Pu_UN_G1_C5_P_D10.0m_Lw_500.0cm_Epw20.0cm_w_concrete.o,C5,P,10.0,500.0,20.0,concrete,2000,C5_H_2000,1.77182e-07,0.0105,4.51632e-08,0.027,1.7784925539769117e-07,0.010443569084895474,1.755991239971788e-07,0.010306374121656565,1.5143391857172564e-07,0.010173608272613412,
SR_Pu_UN_G1_C5_P_D20.0m_Lw_1000.0cm_Epw20.0cm_w_concrete.o,C5,P,20.0,1000.0,20.0,concrete,2000,C5_H_2000,4.20876e-08,0.0094,1.06956e-08,0.0206,4.2281059707929745e-08,0.009380577021542965,4.17440625233589e-08,0.009316334286717569,3.599653349252375e-08,0.009249629872132306,
SR_Pu_UN_G1_C5_P_D50.0m_Lw_2500.0cm_Epw20.0cm_w_concrete.o,C5,P,50.0,2500.0,20.0,concrete,2000,C5_H_2000,5.56148e-09,0.0378,1.41072e-09,0.0339,5.578495236485888e-09,0.0376945906221915,5.5066609651338065e-09,0.037936225819564226,4.745844248979015e-09,0.03822068213317499,
SR_Pu_UN_G1_C5_P_D100.0m_Lw_5000.0cm_Epw20.0cm_w_concrete.o,C5,P,100.0,5000.0,20.0,concrete,2000,C5_H_2000,1.24103e-09,0.0975,3.24784e-10,0.0571,1.2470677144373612e-09,0.09697343453668493,1.2288156798693655e-09,0.0975660229937116,1.0567721998590204e-09,0.09857235675211895,
SR_Pu_UN_G1_C5_P_D200.0m_Lw_10000.0cm_Epw20.0cm_w_concrete.o,C5,P,200.0,10000.0,20.0,concrete,2000,C5_H_2000,2.00903e-10,0.1162,6.00836e-11,0.06,2.016092084122349e-10,0.11599126013846099,1.985791207842036e-10,0.11755095255526847,1.7056963530175367e-10,0.119388554791272,
SR_Pu_UN_G1_C5_P_D300.0m_Lw_15000.0cm_Epw20.0cm_w_concrete.o,C5,P,300.0,15000.0,20.0,concrete,2000,C5_H_2000,6.36838e-11,0.1745,2.01106e-11,0.095,6.397398136629765e-11,0.1751319435962356,6.301171779203185e-11,0.17743952098703125,5.407784460193556e-11,0.18057466838264633,
SR_Pu_UN_G1_C5_P_D500.0m_Lw_25000.0cm_Epw20.0cm_w_concrete.o,C5,P,500.0,25000.0,20.0,concrete,2000,C5_H_2000,8.1359e-12,0.2616,2.95484e-12,0.1039,8.131978307742094e-12,0.26046458310215104,8.014210901599261e-12,0.2668698614849886,6.845279367560669e-12,0.2719444974197099,
SR_Pu_UN_G1_C5_P_D700.0m_Lw_35000.0cm_Epw20.0cm_w_concrete.o,C5,P,700.0,35000.0,20.0,concrete,2000,C5_H_2000,2.01231e-12,0.13,6.62238e-13,0.0638,2.0230169873206426e-12,0.13023829076597998,1.9883564497173383e-12,0.1313555459137078,1.7013449897707899e-12,0.13375950710508186,
SR_Pu_UN_G1_C5_P_D1.0m_Lw_50.0cm_Epw10.0cm_w_concrete.o,C5,P,1.0,50.0,10.0,concrete,2000,C5_H_2000,2.33327e-05,0.0033,6.68374e-06,0.0109,2.342042070792654e-05,0.0032156617233306457,2.3087956811433104e-05,0.0030986296055174143,1.989316557880889e-05,0.003032086536582732,
SR_Pu_UN_G1_C5_P_D500.0m_Lw_25000.0cm_Epw5.0cm_w_concrete.o,C5,P,500.0,25000.0,5.0,concrete,2000,C5_H_2000,2.76814e-11,0.2458,9.93268e-12,0.0691,2.7664850306460167e-11,0.2408973311739818,2.717641515644347e-11,0.2436517999704133,2.323642211850394e-11,0.24916526245695836,
SR_Pu_UN_G1_C5_P_D1000.0m_Lw_50000.0cm_Epw5.0cm_w_concrete.o,C5,P,1000.0,50000.0,5.0,concrete,2000,C5_H_2000,1.14193e-12,0.2435,3.0888e-13,0.0848,1.144966986771521e-12,0.24482300790982514,1.1293813704588802e-12,0.24706363946008808,9.69493350434793e-13,0.2515306371831316,
SR_Pu_UN_G1_C5_P_D1000.0m_Lw_50000.0cm_Epw20.0cm_w_concrete.o,C5,P,1000.0,50000.0,20.0,concrete,2000,C5_H_2000,2.45458e-13,0.1511,8.83861e-14,0.0771,2.4611425071813416e-13,0.15088719439902357,2.4147126611865886e-13,0.15288296562162784,2.065330118188597e-13,0.15578283288857347,
SR_Pu_UN_G1_C5_P_D1200.0m_Lw_60000.0cm_Epw20.0cm_w_concrete.o,C5,P,1200.0,60000.0,20.0,concrete,2000,C5_H_2000,1.49308e-13,0.4031,3.19009e-14,0.1073,1.5179563403305116e-13,0.4104395695218394,1.4785403339198692e-13,0.4054469343650866,1.230717191257296e-13,0.3905282646074032,
SR_Pu_UN_G1_C5_P_D700.0m_Lw_35000.0cm_Epw5.0cm_w_concrete.o,C5,P,700.0,35000.0,5.0,concrete,2000,C5_H_2000,7.17838e-12,0.2747,2.16781e-12,0.085,7.223278343103788e-12,0.2754938987630373,7.120186629364956e-12,0.2782609193269593,6.110476533340839e-12,0.28402741490191874,
SR_Pu_UN_G1_C5_N_D5.0m_Lw_250.0cm_Epw10.0cm_w_lead.o,C5,N,5.0,250.0,10.0,lead,2000,C5_H_2000,1.35668e-06,0.0261,8.37533e-08,0.0421,1.2927266912896472e-06,0.0258941139792557,1.5956161467279882e-05,0.02961068564181878,1.2421725696838537e-05,0.027006432159581373,-4.713956770229731
SR_Pu_UN_G1_C5_N_D10.0m_Lw_500.0cm_Epw10.0cm_w_lead.o,C5,N,10.0,500.0,10.0,lead,2000,C5_H_2000,3.61307e-07,0.0235,2.48233e-08,0.0412,3.4449381362779864e-07,0.023418285155265613,4.117637338184039e-06,0.024948537336292567,3.238633504392953e-06,0.024528368761350117,-4.653434993565412
SR_Pu_UN_G1_C5_N_D20.0m_Lw_1000.0cm_Epw10.0cm_w_lead.o,C5,N,20.0,1000.0,10.0,lead,2000,C5_H_2000,9.10553e-08,0.0145,6.97111e-09,0.0227,8.6804503089251e-08,0.01439212538969939,1.031342983886215e-06,0.01526945454113196,7.924208563201023e-07,0.015269890135414748,-4.66836846482192
SR_Pu_UN_G1_C5_N_D50.0m_Lw_2500.0cm_Epw10.0cm_w_lead.o,C5,N,50.0,2500.0,10.0,lead,2000,C5_H_2000,1.53488e-08,0.0199,1.34843e-09,0.0197,1.4628486496504505e-08,0.01976023315758261,1.7349316364683042e-07,0.021532006477104584,1.2751802221411968e-07,0.022782076641143168,-4.692962990562746
SR_Pu_UN_G1_C5_N_D100.0m_Lw_5000.0cm_Epw10.0cm_w_lead.o,C5,N,100.0,5000.0,10.0,lead,2000,C5_H_2000,3.44281e-09,0.0454,3.18072e-10,0.0254,3.2825752744410982e-09,0.045015411969202265,3.7278854845513766e-08,0.04701760567346879,2.7727658597725755e-08,0.05558215673143111,-4.654184388882969
SR_Pu_UN_G1_C5_N_D200.0m_Lw_10000.0cm_Epw10.0cm_w_lead.o,C5,N,200.0,10000.0,10.0,lead,2000,C5_H_2000,6.60953e-10,0.0555,7.11382e-11,0.0347,6.309748573861532e-10,0.05534371955653531,7.4261066137452775e-09,0.06015063005230948,5.027775088984265e-09,0.07104097489516507,-4.53559369786457
SR_Pu_UN_G1_C5_N_D300.0m_Lw_15000.0cm_Epw10.0cm_w_lead.o,C5,N,300.0,15000.0,10.0,lead,2000,C5_H_2000,2.3359e-10,0.0832,2.40271e-11,0.0383,2.2418927290629682e-10,0.08442185550447626,2.5885170954072116e-09,0.08098670086760698,1.8134830729353131e-09,0.10496091739525946,-4.0244561384062685
SR_Pu_UN_G1_C5_N_D500.0m_Lw_25000.0cm_Epw10.0cm_w_lead.o,C5,N,500.0,25000.0,10.0,lead,2000,C5_H_2000,3.27657e-11,0.0877,3.97033e-12,0.0352,3.141177279292166e-11,0.08883598573638794,3.246603833359445e-10,0.08039964175331034,2.2778035669385312e-10,0.11752274099958626,-4.132147968999102
SR_Pu_UN_G1_C5_N_D700.0m_Lw_35000.0cm_Epw10.0cm_w_lead.o,C5,N,700.0,35000.0,10.0,lead,2000,C5_H_2000,6.79658e-12,0.087,7.8529e-13,0.0372,6.544821324656099e-12,0.08862012655285305,7.456277465653153e-11,0.11819773761902648,5.0935567668403786e-11,0.11946628873855342,-3.704196453862103
SR_Pu_UN_G1_C5_N_D1000.0m_Lw_50000.0cm_Epw10.0cm_w_lead.o,C5,N,1000.0,50000.0,10.0,lead,2000,C5_H_2000,5.76003e-13,0.0397,8.11906e-14,0.0244,5.534041098569447e-13,0.03966720690313367,5.805096196362994e-12,0.048719189297204465,3.766811164206358e-12,0.059391188993057266,-3.92339799324922
SR_Pu_UN_G1_C5_N_D1200.0m_Lw_60000.0cm_Epw10.0cm_w_lead.o,C5,N,1200.0,60000.0,10.0,lead,2000,C5_H_2000,1.48711e-13,0.0783,1.91552e-14,0.0282,1.4317443963998932e-13,0.07989054955058723,1.5247556635778753e-12,0.10304993947711152,1.0274813512740758e-12,0.12161614879790326,-3.7230335079521217
SR_Pu_UN_G1_C5_N_D1.0m_Lw_50.0cm_Epw1.0cm_w_lead.o,C5,N,1.0,50.0,1.0,lead,2000,C5_H_2000,2.75427e-05,0.0125,1.5047e-06,0.022,2.6268067761528827e-05,0.012168746423217098,0.00029415557854476314,0.014979454739930072,0.0002547605348491642,0.012287524506110111,-4.627840547481449
SR_Pu_UN_G1_C5_N_D2.0m_Lw_100.0cm_Epw40.0cm_w_lead.o,C5,N,2.0,100.0,40.0,lead,2000,C5_H_2000,2.72551e-06,0.0096,1.87202e-07,0.0135,2.585623574573914e-06,0.008910465689773836,3.6938890305901855e-05,0.00924870348612015,2.377247243186185e-05,0.009334569708085787,-5.1324862292226365
SR_Pu_UN_G1_C5_N_D5.0m_Lw_250.0cm_Epw40.0cm_w_lead.o,C5,N,5.0,250.0,40.0,lead,2000,C5_H_2000,4.67271e-07,0.0129,3.53806e-08,0.0159,4.433218570006449e-07,0.01268579880001001,6.201729135927303e-06,0.013364784695435668,3.965417338977008e-06,0.013879992133403072,-5.125321922258198
SR_Pu_UN_G1_C5_N_D10.0m_Lw_500.0cm_Epw40.0cm_w_lead.o,C5,N,10.0,500.0,40.0,lead,2000,C5_H_2000,1.13722e-07,0.015,9.29322e-09,0.0286,1.0788410355722338e-07,0.014667361031997532,1.486990841252333e-06,0.013937929433852483,9.399595829953137e-07,0.014071363630314835,-5.133480278905244
SR_Pu_UN_G1_C5_N_D20.0m_Lw_1000.0cm_Epw40.0cm_w_lead.o,C5,N,20.0,1000.0,40.0,lead,2000,C5_H_2000,2.95633e-08,0.011,2.73803e-09,0.0154,2.808871199353927e-08,0.010795391329835844,3.7591272473471544e-07,0.011443268500665233,2.3406649401660692e-07,0.011636388755089211,-4.987900560697655
SR_Pu_UN_G1_C5_N_D50.0m_Lw_2500.0cm_Epw40.0cm_w_lead.o,C5,N,50.0,2500.0,40.0,lead,2000,C5_H_2000,5.05791e-09,0.0125,5.60302e-10,0.0142,4.8125721437518945e-09,0.012199032056231665,6.060327334984475e-08,0.013896551035672786,3.710162066893453e-08,0.014287111374840778,-4.850577733650964
SR_Pu_UN_G1_C5_N_D100.0m_Lw_5000.0cm_Epw40.0cm_w_lead.o,C5,N,100.0,5000.0,40.0,lead,2000,C5_H_2000,1.15916e-09,0.0211,1.45751e-10,0.0148,1.1058695083917228e-09,0.02072156659788737,1.3114599906686556e-08,0.025908996554306542,7.965074013507091e-09,0.028290749934861123,-4.597337003371163
SR_Pu_UN_G1_C5_N_D200.0m_Lw_10000.0cm_Epw40.0cm_w_lead.o,C5,N,200.0,10000.0,40.0,lead,2000,C5_H_2000,2.56063e-10,0.068,3.44128e-11,0.0385,2.4410720315448396e-10,0.06500269660221278,2.8466628413577574e-09,0.09143398014893804,1.669208858356999e-09,0.08407738069798275,-4.669084110361926
SR_Pu_UN_G1_C5_N_D300.0m_Lw_15000.0cm_Epw40.0cm_w_lead.o,C5,N,300.0,15000.0,40.0,lead,2000,C5_H_2000,7.12379e-11,0.0557,1.06186e-11,0.0299,6.81065879378117e-11,0.05418907743020988,7.332232261105403e-10,0.07214466380972177,4.379266728111388e-10,0.08793060086879376,-4.395570422750099
SR_Pu_UN_G1_C5_N_D500.0m_Lw_25000.0cm_Epw40.0cm_w_lead.o,C5,N,500.0,25000.0,40.0,lead,2000,C5_H_2000,9.64897e-12,0.0478,1.58768e-12,0.0271,9.232359598024194e-12,0.045974750925272215,9.328879824305028e-11,0.07023104598359821,5.435451149689667e-11,0.07688290606363918,-4.3176670875316905
SR_Pu_UN_G1_C5_N_D700.0m_Lw_35000.0cm_Epw40.0cm_w_lead.o,C5,N,700.0,35000.0,40.0,lead,2000,C5_H_2000,1.6095e-12,0.0285,2.94016e-13,0.0204,1.5484607747456649e-12,0.0277140922283279,1.4340126381734648e-11,0.044330678509666016,8.255453136379587e-12,0.04663445812756195,-3.7924340015119657
SR_Pu_UN_G1_C5_N_D1000.0m_Lw_50000.0cm_Epw40.0cm_w_lead.o,C5,N,1000.0,50000.0,40.0,lead,2000,C5_H_2000,1.32165e-13,0.0304,2.47074e-14,0.019,1.274991172126599e-13,0.030171562798828426,1.1199029233661133e-12,0.045405238843833226,6.671052923095032e-13,0.0567200413903567,-3.530346753936442
SR_Pu_UN_G1_C5_N_D1200.0m_Lw_60000.0cm_Epw40.0cm_w_lead.o,C5,N,1200.0,60000.0,40.0,lead,2000,C5_H_2000,2.61342e-14,0.0313,5.13686e-15,0.0198,2.523469670796468e-14,0.03114638991399293,2.1038141354161448e-13,0.04699290137194972,1.2458266593028855e-13,0.0620363180928796,-3.441862739381036
SR_Pu_UN_G1_C5_N_D10.0m_Lw_500.0cm_Epw5.0cm_w_lead.o,C5,N,10.0,500.0,5.0,lead,2000,C5_H_2000,4.52296e-07,0.0263,3.07662e-08,0.0462,4.3099662455762547e-07,0.02613655027063867,4.972666319184552e-06,0.029406903329203708,4.0308040323966814e-06,0.027329148023286166,-4.709167324578266
SR_Pu_UN_G1_C5_N_D20.0m_Lw_1000.0cm_Epw5.0cm_w_lead.o,C5,N,20.0,1000.0,5.0,lead,2000,C5_H_2000,1.14485e-07,0.0145,8.38987e-09,0.0184,1.0921945525085339e-07,0.014394895783142424,1.2610986414855309e-06,0.01592788411351799,1.002966349489111e-06,0.015801895542811414,-4.599331571076217
SR_Pu_UN_G1_C5_N_D50.0m_Lw_2500.0cm_Epw5.0cm_w_lead.o,C5,N,50.0,2500.0,5.0,lead,2000,C5_H_2000,1.8485e-08,0.0246,1.58664e-09,0.0209,1.7652268509682493e-08,0.024512724275745162,1.9820668581266153e-07,0.026343300404210717,1.5484575169658775e-07,0.028713784371804777,-4.504903923816647
SR_Pu_UN_G1_C5_N_D100.0m_Lw_5000.0cm_Epw5.0cm_w_lead.o,C5,N,100.0,5000.0,5.0,lead,2000,C5_H_2000,4.56103e-09,0.0506,4.04082e-10,0.0276,4.361728785167994e-09,0.05045912056115713,4.9429574021699465e-08,0.05120851989986187,3.7462305476439115e-08,0.06109416142607897,-4.369653671034961
SR_Pu_UN_G1_C5_N_D200.0m_Lw_10000.0cm_Epw5.0cm_w_lead.o,C5,N,200.0,10000.0,5.0,lead,2000,C5_H_2000,9.88761e-10,0.0813,8.83396e-11,0.0369,9.476907508654037e-10,0.0816240636657359,1.0988270723454181e-08,0.07793360123532131,8.11745599098966e-09,0.09821087177252638,-4.1537084426465265
SR_Pu_UN_G1_C5_N_D1200.0m_Lw_60000.0cm_Epw5.0cm_w_lead.o,C5,N,1200.0,60000.0,5.0,lead,2000,C5_H_2000,1.914e-13,0.049,2.40743e-14,0.0226,1.8343980395783576e-13,0.04731926327842116,2.0197787898585203e-12,0.06320329790062326,1.3556408108092022e-12,0.06962389581006614,-4.15893210144422
SR_Pu_UN_G1_C5_N_D2.0m_Lw_100.0cm_Epw10.0cm_w_lead.o,C5,N,2.0,100.0,10.0,lead,2000,C5_H_2000,7.2673e-06,0.0155,4.07208e-07,0.0272,6.9193953949524735e-06,0.015274227570095111,8.48012747287665e-05,0.016765657548959388,6.802114349589941e-05,0.01599106816531184,-4.7872608127850285
SR_Pu_UN_G1_C5_N_D2.0m_Lw_100.0cm_Epw5.0cm_w_lead.o,C5,N,2.0,100.0,5.0,lead,2000,C5_H_2000,8.59338e-06,0.0151,5.41215e-07,0.0398,8.193449025142958e-06,0.014816053247711966,9.404941048911566e-05,0.014803843651673717,7.826768909353557e-05,0.014302915351798002,-4.653942626266294
SR_Pu_UN_G1_C5_N_D300.0m_Lw_15000.0cm_Epw5.0cm_w_lead.o,C5,N,300.0,15000.0,5.0,lead,2000,C5_H_2000,2.97786e-10,0.0672,2.65662e-11,0.0361,2.8492213956032745e-10,0.0665509524903787,3.4050790601352903e-09,0.07409401655751514,2.4666155330578593e-09,0.08255991816155757,-4.31983385373138
SR_Pu_UN_G1_C5_N_D5.0m_Lw_250.0cm_Epw5.0cm_w_lead.o,C5,N,5.0,250.0,5.0,lead,2000,C5_H_2000,1.8008e-06,0.0335,1.22806e-07,0.0626,1.7184494585462746e-06,0.03335966091584317,1.9442631634289984e-05,0.036358039573989,1.6072541435048523e-05,0.03451317059712711,-4.572997637368135
SR_Pu_UN_G1_C5_N_D1.0m_Lw_50.0cm_Epw5.0cm_w_lead.o,C5,N,1.0,50.0,5.0,lead,2000,C5_H_2000,2.55395e-05,0.0141,1.38338e-06,0.0413,2.4335004806663758e-05,0.013840915508341694,0.0002856353330303441,0.014925239478815938,0.00023892088428119774,0.012995635408368778,-4.716205067977998
SR_Pu_UN_G1_C5_N_D1.0m_Lw_50.0cm_Epw10.0cm_w_lead.o,C5,N,1.0,50.0,10.0,lead,2000,C5_H_2000,2.17357e-05,0.0136,1.14467e-06,0.025,2.069468043211169e-05,0.012737209182443305,0.0002544921417119638,0.014158904404165465,0.00020577724407294196,0.01309598320340786,-4.789445786831392
SR_Pu_UN_G1_C5_N_D2.0m_Lw_100.0cm_Epw1.0cm_w_lead.o,C5,N,2.0,100.0,1.0,lead,2000,C5_H_2000,9.4368e-06,0.0136,5.74812e-07,0.0483,9.00405618321418e-06,0.013573790998474129,9.990115612763947e-05,0.012978203801005351,8.566865000872181e-05,0.011125575601666816,-4.585705077842262
SR_Pu_UN_G1_C5_N_D5.0m_Lw_250.0cm_Epw1.0cm_w_lead.o,C5,N,5.0,250.0,1.0,lead,2000,C5_H_2000,1.86931e-06,0.0272,1.14251e-07,0.0506,1.7807966464027187e-06,0.02673692293539261,1.9789372962327132e-05,0.0312522776210309,1.683998910875139e-05,0.026895328969161716,-4.735081586108307
SR_Pu_UN_G1_C5_N_D10.0m_Lw_500.0cm_Epw1.0cm_w_lead.o,C5,N,10.0,500.0,1.0,lead,2000,C5_H_2000,4.8645e-07,0.0347,3.33597e-08,0.0919,4.647024299400092e-07,0.03452856014806602,5.054514518658331e-06,0.03360796425750374,4.303932884841666e-06,0.031339583513535,-4.470669145850716
SR_Pu_UN_G1_C5_N_D20.0m_Lw_1000.0cm_Epw1.0cm_w_lead.o,C5,N,20.0,1000.0,1.0,lead,2000,C5_H_2000,1.34832e-07,0.0219,9.9703e-09,0.0291,1.287836578360792e-07,0.02173782924246895,1.4093589207543384e-06,0.024240259080889795,1.1765848652361258e-06,0.024053824442009916,-4.485835828231285
SR_Pu_UN_G1_C5_N_D50.0m_Lw_2500.0cm_Epw1.0cm_w_lead.o,C5,N,50.0,2500.0,1.0,lead,2000,C5_H_2000,2.20651e-08,0.0433,1.89305e-09,0.0235,2.1128766304945703e-08,0.04317952329427746,2.2476583548737053e-07,0.04373978358894379,1.8452121848482338e-07,0.0513124634027757,-4.243505332195632
SR_Pu_UN_G1_C5_N_D100.0m_Lw_5000.0cm_Epw1.0cm_w_lead.o,C5,N,100.0,5000.0,1.0,lead,2000,C5_H_2000,5.49597e-09,0.073,4.59878e-10,0.0314,5.264472492934386e-09,0.07268413624375715,5.5349475636640595e-08,0.06944502378855925,4.550599223612936e-08,0.08574976715688414,-4.212131926950368
SR_Pu_UN_G1_C5_N_D200.0m_Lw_10000.0cm_Epw1.0cm_w_lead.o,C5,N,200.0,10000.0,1.0,lead,2000,C5_H_2000,1.11133e-09,0.0948,9.38013e-11,0.0391,1.0654137581848857e-09,0.09518330631663362,1.1862550177897698e-08,0.09260616352252768,9.294978821702086e-09,0.11550760206287015,-4.131647828738021
SR_Pu_UN_G1_C5_N_D300.0m_Lw_15000.0cm_Epw1.0cm_w_lead.o,C5,N,300.0,15000.0,1.0,lead,2000,C5_H_2000,3.10104e-10,0.1112,2.85025e-11,0.0376,2.9682076592448136e-10,0.11123277394579927,3.2108831004481397e-09,0.08982338473052522,2.459597874631819e-09,0.13070101660179675,-4.283477180403547
SR_Pu_UN_G1_C5_N_D500.0m_Lw_25000.0cm_Epw1.0cm_w_lead.o,C5,N,500.0,25000.0,1.0,lead,2000,C5_H_2000,6.98674e-11,0.2384,5.31495e-12,0.058,6.691263257928716e-11,0.23964287178352278,6.6840990730663e-10,0.1734410194065853,5.541218150412834e-10,0.24210937772026705,-4.229107453136715
SR_Pu_UN_G1_C5_N_D700.0m_Lw_35000.0cm_Epw1.0cm_w_lead.o,C5,N,700.0,35000.0,1.0,lead,2000,C5_H_2000,9.93178e-12,0.082,1.07351e-12,0.0263,9.552465820647808e-12,0.08420943786431732,1.0531260525276068e-10,0.07227089254515762,7.51619360440935e-11,0.10404477005542913,-3.8191963510286344
SR_Pu_UN_G1_C5_N_D1000.0m_Lw_50000.0cm_Epw1.0cm_w_lead.o,C5,N,1000.0,50000.0,1.0,lead,2000,C5_H_2000,9.89345e-13,0.0326,1.22429e-13,0.02,9.496558913948363e-13,0.032658466748905136,1.0486568005135304e-11,0.039201314102646205,7.035262240069218e-12,0.044239977399495305,-4.0116550450210635
SR_Pu_UN_G1_C5_N_D1200.0m_Lw_60000.0cm_Epw1.0cm_w_lead.o,C5,N,1200.0,60000.0,1.0,lead,2000,C5_H_2000,2.46935e-13,0.0352,3.02611e-14,0.0181,2.3746788981206835e-13,0.03523272746745052,2.5851396916585143e-12,0.04002141074651841,1.7779436385635423e-12,0.05080462392937306,-3.833847039881607
SR_Pu_UN_G1_C5_N_D1.0m_Lw_50.0cm_Epw20.0cm_w_lead.o,C5,N,1.0,50.0,20.0,lead,2000,C5_H_2000,1.53061e-05,0.0093,8.21195e-07,0.0146,1.4544514137848286e-05,0.008118365257231759,0.0001939108758764541,0.008655644062756186,0.00014413800908374874,0.008115725903107855,-4.975701597086869
SR_Pu_UN_G1_C5_N_D2.0m_Lw_100.0cm_Epw20.0cm_w_lead.o,C5,N,2.0,100.0,20.0,lead,2000,C5_H_2000,5.13018e-06,0.015,3.12548e-07,0.0277,4.880675040085281e-06,0.014807628969295014,6.411341045968184e-05,0.015733364678662046,4.732232463635639e-05,0.015246380701948973,-4.863473794578731
SR_Pu_UN_G1_C5_N_D5.0m_Lw_250.0cm_Epw20.0cm_w_lead.o,C5,N,5.0,250.0,20.0,lead,2000,C5_H_2000,9.57579e-07,0.0196,6.22597e-08,0.0294,9.111016237876004e-07,0.019393039378390126,1.1858751521418949e-05,0.020697340093680093,8.670601038222396e-06,0.02047881335701308,-4.853633612725388
SR_Pu_UN_G1_C5_N_D10.0m_Lw_500.0cm_Epw20.0cm_w_lead.o,C5,N,10.0,500.0,20.0,lead,2000,C5_H_2000,2.41566e-07,0.0168,1.74515e-08,0.0261,2.2998615323463726e-07,0.016644561467110568,2.9608685433122035e-06,0.01799621844998517,2.130654171660102e-06,0.017415219553308416,-4.793657536806812
SR_Pu_UN_G1_C5_N_D20.0m_Lw_1000.0cm_Epw20.0cm_w_lead.o,C5,N,20.0,1000.0,20.0,lead,2000,C5_H_2000,6.18309e-08,0.0176,4.83351e-09,0.027,5.886738624294313e-08,0.017536866825691368,7.487324425632023e-07,0.018279896358176107,5.338276875413066e-07,0.018484012817403323,-4.792933237356843
SR_Pu_UN_G1_C5_N_D50.0m_Lw_2500.0cm_Epw20.0cm_w_lead.o,C5,N,50.0,2500.0,20.0,lead,2000,C5_H_2000,1.01436e-08,0.0221,9.23402e-10,0.025,9.67576099445643e-09,0.022044641272421284,1.200696114881099e-07,0.023848524606869793,8.30727138454704e-08,0.024997497265694484,-4.612159445794085
SR_Pu_UN_G1_C5_N_D100.0m_Lw_5000.0cm_Epw20.0cm_w_lead.o,C5,N,100.0,5000.0,20.0,lead,2000,C5_H_2000,2.55186e-09,0.042,2.49247e-10,0.0265,2.4374607465560408e-09,0.041714673101799445,2.9991748616293053e-08,0.04956798309886534,2.0266675727425077e-08,0.05044993594034852,-4.482975298173064
SR_Pu_UN_G1_C5_N_D200.0m_Lw_10000.0cm_Epw20.0cm_w_lead.o,C5,N,200.0,10000.0,20.0,lead,2000,C5_H_2000,4.46428e-10,0.0621,5.23364e-11,0.0401,4.269684406580409e-10,0.06230987301223693,5.1145384506450726e-09,0.07812845127849341,3.2606412691172507e-09,0.08237861747552067,-4.358946872050838
SR_Pu_UN_G1_C5_N_D300.0m_Lw_15000.0cm_Epw20.0cm_w_lead.o,C5,N,300.0,15000.0,20.0,lead,2000,C5_H_2000,1.43321e-10,0.0623,1.7392e-11,0.0414,1.3688499501530198e-10,0.06155479698208343,1.5673343018599689e-09,0.07222684925816956,1.0105270480786198e-09,0.08257607497288864,-4.490622438231683
SR_Pu_UN_G1_C5_N_D500.0m_Lw_25000.0cm_Epw20.0cm_w_lead.o,C5,N,500.0,25000.0,20.0,lead,2000,C5_H_2000,2.37918e-11,0.1586,2.84563e-12,0.0513,2.2711320678124958e-11,0.15809117872921083,2.4130611429837385e-10,0.17021759709873047,1.6676693540020038e-10,0.215522716249513,-4.54139376539414
SR_Pu_UN_G1_C5_N_D700.0m_Lw_35000.0cm_Epw20.0cm_w_lead.o,C5,N,700.0,35000.0,20.0,lead,2000,C5_H_2000,3.66737e-12,0.0892,5.28419e-13,0.0399,3.524881459774492e-12,0.090793478120991,3.768458084424633e-11,0.13814655868733738,2.343609179410096e-11,0.13604372912154775,-3.885305824760199
SR_Pu_UN_G1_C5_N_D500.0m_Lw_25000.0cm_Epw5.0cm_w_lead.o,C5,N,500.0,25000.0,5.0,lead,2000,C5_H_2000,4.66866e-11,0.1127,4.58218e-12,0.0374,4.4801307973505e-11,0.11250899127467473,4.93976806920857e-10,0.0937821725838347,3.59180048881066e-10,0.13198488054833804,-4.038186602783235
SR_Pu_UN_G1_C5_N_D1000.0m_Lw_50000.0cm_Epw5.0cm_w_lead.o,C5,N,1000.0,50000.0,5.0,lead,2000,C5_H_2000,7.82158e-13,0.0357,9.94634e-14,0.021,7.508801755227682e-13,0.03562692464361004,8.121744100092254e-12,0.043597698687561304,5.522395308485363e-12,0.04997718728068655,-3.9989138354695406
SR_Pu_UN_G1_C5_N_D1000.0m_Lw_50000.0cm_Epw20.0cm_w_lead.o,C5,N,1000.0,50000.0,20.0,lead,2000,C5_H_2000,3.68284e-13,0.0545,5.6552e-14,0.03,3.547438029643221e-13,0.05451331213533898,3.433866662578773e-12,0.06693246152412251,2.2581037798580806e-12,0.08759806832650732,-3.6765640200708933
SR_Pu_UN_G1_C5_N_D1200.0m_Lw_60000.0cm_Epw20.0cm_w_lead.o,C5,N,1200.0,60000.0,20.0,lead,2000,C5_H_2000,8.05107e-14,0.061,1.17137e-14,0.0303,7.742950311199462e-14,0.06037863125128874,8.179445575825967e-13,0.08540712198263803,5.236281374161177e-13,0.09417499251324633,-3.8270650832813313
SR_Pu_UN_G1_C5_N_D700.0m_Lw_35000.0cm_Epw5.0cm_w_lead.o,C5,N,700.0,35000.0,5.0,lead,2000,C5_H_2000,7.52843e-12,0.0467,8.89397e-13,0.0243,7.202571823745879e-12,0.04590979736997688,7.893393364920042e-11,0.0468113331347756,5.399001576638858e-11,0.05980650958087014,-4.328368282020567
SR_Pu_UN_G1_C5_N_D1.0m_Lw_50.0cm_Epw40.0cm_w_lead.o,C5,N,1.0,50.0,40.0,lead,2000,C5_H_2000,8.47582e-06,0.0117,5.48302e-07,0.0276,8.033532050680922e-06,0.010803271544013207,0.00011602024350537556,0.010337374893187904,7.494414585817674e-05,0.008592415030267447,-5.218231974240594
SR_Pu_UN_G1_C5_P_D5.0m_Lw_250.0cm_Epw10.0cm_w_lead.o,C5,P,5.0,250.0,10.0,lead,2000,C5_H_2000,6.23883e-08,0.042,1.00632e-08,0.0788,6.258883818577979e-08,0.04090136936019203,6.210240495964893e-08,0.040499167075145746,5.3779765993697156e-08,0.03982930130669198,
SR_Pu_UN_G1_C5_P_D10.0m_Lw_500.0cm_Epw10.0cm_w_lead.o,C5,P,10.0,500.0,10.0,lead,2000,C5_H_2000,1.84944e-08,0.0396,3.13463e-09,0.0846,1.856487631744116e-08,0.038958605150635775,1.8401311061217384e-08,0.038519165476237745,1.5921371000106938e-08,0.037956033538165866,
SR_Pu_UN_G1_C5_P_D20.0m_Lw_1000.0cm_Epw10.0cm_w_lead.o,C5,P,20.0,1000.0,10.0,lead,2000,C5_H_2000,4.7039e-09,0.0166,7.04381e-10,0.0243,4.72592513782419e-09,0.0163792179819424,4.684467268466224e-09,0.016420077276708637,4.05158204427744e-09,0.01647866719747065,
SR_Pu_UN_G1_C5_P_D50.0m_Lw_2500.0cm_Epw10.0cm_w_lead.o,C5,P,50.0,2500.0,10.0,lead,2000,C5_H_2000,9.08983e-10,0.0351,1.58812e-10,0.0752,9.130457975550366e-10,0.034755702012408955,9.029954509476901e-10,0.034899722287332235,7.784864967978532e-10,0.035001890628276924,
SR_Pu_UN_G1_C5_P_D100.0m_Lw_5000.0cm_Epw10.0cm_w_lead.o,C5,P,100.0,5000.0,10.0,lead,2000,C5_H_2000,2.43319e-10,0.0844,4.67382e-11,0.066,2.455305764322479e-10,0.08647867331487664,2.4264024527841427e-10,0.087995958885079,2.0883245171221827e-10,0.08913994276229203,
SR_Pu_UN_G1_C5_P_D200.0m_Lw_10000.0cm_Epw10.0cm_w_lead.o,C5,P,200.0,10000.0,10.0,lead,2000,C5_H_2000,5.37063e-11,0.0613,1.25964e-11,0.1243,5.393485819884298e-11,0.060924827642879015,5.3100401385859394e-11,0.06101806223709601,4.556740418835223e-11,0.061542003560548994,
SR_Pu_UN_G1_C5_P_D300.0m_Lw_15000.0cm_Epw10.0cm_w_lead.o,C5,P,300.0,15000.0,10.0,lead,2000,C5_H_2000,1.66988e-11,0.056,3.16272e-12,0.0776,1.6797614801756776e-11,0.055872631077644126,1.6543409541634778e-11,0.05573285441392469,1.4156047316011934e-11,0.05549261480840645,
SR_Pu_UN_G1_C5_P_D500.0m_Lw_25000.0cm_Epw10.0cm_w_lead.o,C5,P,500.0,25000.0,10.0,lead,2000,C5_H_2000,4.55341e-12,0.3532,8.92157e-13,0.2298,4.5624880813394e-12,0.3506944243618533,4.53327374434493e-12,0.3570654315416497,3.90566804908002e-12,0.360833610980422,
SR_Pu_UN_G1_C5_P_D700.0m_Lw_35000.0cm_Epw10.0cm_w_lead.o,C5,P,700.0,35000.0,10.0,lead,2000,C5_H_2000,8.50512e-13,0.1459,2.03774e-13,0.1761,8.558616107653517e-13,0.144737767669288,8.409665749390681e-13,0.1456298582988197,7.161397780390781e-13,0.14709378188034875,
SR_Pu_UN_G1_C5_P_D1000.0m_Lw_50000.0cm_Epw10.0cm_w_lead.o,C5,P,1000.0,50000.0,10.0,lead,2000,C5_H_2000,7.74463e-14,0.0733,1.88133e-14,0.0856,7.798454649698307e-14,0.07332546851533216,7.678922041031177e-14,0.07381704636455254,6.552258239704848e-14,0.07501450886900914,
SR_Pu_UN_G1_C5_P_D1200.0m_Lw_60000.0cm_Epw10.0cm_w_lead.o,C5,P,1200.0,60000.0,10.0,lead,2000,C5_H_2000,2.16832e-14,0.1434,5.6004e-15,0.1451,2.1898505182659664e-14,0.14375502185183833,2.1422453624364895e-14,0.1434365439594362,1.814714944009533e-14,0.1417608262967414,
SR_Pu_UN_G1_C5_P_D1.0m_Lw_50.0cm_Epw1.0cm_w_lead.o,C5,P,1.0,50.0,1.0,lead,2000,C5_H_2000,2.39978e-05,0.0029,3.93418e-06,0.0107,2.4114409903866868e-05,0.0027858660059700236,2.4000263599750233e-05,0.0026940039542095546,2.0832053796802438e-05,0.0026179448844054383,
SR_Pu_UN_G1_C5_P_D2.0m_Lw_100.0cm_Epw40.0cm_w_lead.o,C5,P,2.0,100.0,40.0,lead,2000,C5_H_2000,2.87326e-08,0.0103,4.82153e-09,0.0187,2.8907139549991804e-08,0.010109026048265878,2.8590713533711095e-08,0.01009603563812495,2.465510178650891e-08,0.010129690574179862,
SR_Pu_UN_G1_C5_P_D5.0m_Lw_250.0cm_Epw40.0cm_w_lead.o,C5,P,5.0,250.0,40.0,lead,2000,C5_H_2000,1.01368e-08,0.0125,1.60704e-09,0.0273,1.0198856378069475e-08,0.012621915873561092,1.0083170899029747e-08,0.012544077968398225,8.691509895249373e-09,0.01242071596659698,
SR_Pu_UN_G1_C5_P_D10.0m_Lw_500.0cm_Epw40.0cm_w_lead.o,C5,P,10.0,500.0,40.0,lead,2000,C5_H_2000,3.22068e-09,0.0102,4.98918e-10,0.0233,3.239433767129166e-09,0.010213778913230722,3.2023770691874045e-09,0.01018588423305443,2.759621691321551e-09,0.010154236846911297,
SR_Pu_UN_G1_C5_P_D20.0m_Lw_1000.0cm_Epw40.0cm_w_lead.o,C5,P,20.0,1000.0,40.0,lead,2000,C5_H_2000,1.05698e-09,0.0079,1.64227e-10,0.0153,1.0631887306069935e-09,0.007756533407849895,1.0507809615400516e-09,0.007773274887938398,9.054783705589496e-10,0.0077993328745653645,
SR_Pu_UN_G1_C5_P_D50.0m_Lw_2500.0cm_Epw40.0cm_w_lead.o,C5,P,50.0,2500.0,40.0,lead,2000,C5_H_2000,2.67059e-10,0.0097,4.5036e-11,0.0347,2.6855396149070657e-10,0.009435119821770449,2.65086284706231e-10,0.009338993524594781,2.279539893886418e-10,0.00928029896319,
SR_Pu_UN_G1_C5_P_D100.0m_Lw_5000.0cm_Epw40.0cm_w_lead.o,C5,P,100.0,5000.0,40.0,lead,2000,C5_H_2000,8.36926e-11,0.0107,1.41388e-11,0.0174,8.41876347013926e-11,0.010583984970214068,8.306237415021864e-11,0.01057201403135662,7.138698746236584e-11,0.010611696473803294,
SR_Pu_UN_G1_C5_P_D200.0m_Lw_10000.0cm_Epw40.0cm_w_lead.o,C5,P,200.0,10000.0,40.0,lead,2000,C5_H_2000,2.12978e-11,0.0339,4.10791e-12,0.0597,2.143333466280105e-11,0.03365664687978079,2.1135254278433503e-11,0.03387429553404419,1.8065401779015275e-11,0.03363687518717408,
SR_Pu_UN_G1_C5_P_D300.0m_Lw_15000.0cm_Epw40.0cm_w_lead.o,C5,P,300.0,15000.0,40.0,lead,2000,C5_H_2000,7.48912e-12,0.0281,1.45076e-12,0.0473,7.53756084141532e-12,0.028129835855185633,7.425506887953222e-12,0.02809011636087918,6.356006023367043e-12,0.02798824666858653,
SR_Pu_UN_G1_C5_P_D500.0m_Lw_25000.0cm_Epw40.0cm_w_lead.o,C5,P,500.0,25000.0,40.0,lead,2000,C5_H_2000,1.31057e-12,0.0333,2.6177e-13,0.044,1.3194688853114265e-12,0.03340470156043786,1.2980430036969714e-12,0.033348083927688746,1.1098264757130223e-12,0.03316609585165542,
SR_Pu_UN_G1_C5_P_D700.0m_Lw_35000.0cm_Epw40.0cm_w_lead.o,C5,P,700.0,35000.0,40.0,lead,2000,C5_H_2000,2.55741e-13,0.0288,5.5604e-14,0.0297,2.5737958704450406e-13,0.028944796979700982,2.531421826175228e-13,0.028955033193102064,2.1635593643730871e-13,0.028702244056865445,
SR_Pu_UN_G1_C5_P_D1000.0m_Lw_50000.0cm_Epw40.0cm_w_lead.o,C5,P,1000.0,50000.0,40.0,lead,2000,C5_H_2000,3.64437e-14,0.0769,7.36583e-15,0.0411,3.6696729714927075e-14,0.0768291966117363,3.6006432617281754e-14,0.07672103401119573,3.0628069764065516e-14,0.07608001742608775,
SR_Pu_UN_G1_C5_P_D1200.0m_Lw_60000.0cm_Epw40.0cm_w_lead.o,C5,P,1200.0,60000.0,40.0,lead,2000,C5_H_2000,8.49054e-15,0.0867,1.93449e-15,0.0435,8.533118251491688e-15,0.08624844606304372,8.356362345803817e-15,0.08604468084805506,7.076042795308776e-15,0.08554037281844601,
SR_Pu_UN_G1_C5_P_D10.0m_Lw_500.0cm_Epw5.0cm_w_lead.o,C5,P,10.0,500.0,5.0,lead,2000,C5_H_2000,7.28642e-08,0.0181,1.11558e-08,0.0292,7.319578149693741e-08,0.018132810523052722,7.284777054597373e-08,0.01809098437281434,6.331823817736788e-08,0.017941658643999357,
SR_Pu_UN_G1_C5_P_D20.0m_Lw_1000.0cm_Epw5.0cm_w_lead.o,C5,P,20.0,1000.0,5.0,lead,2000,C5_H_2000,1.82865e-08,0.0088,2.81944e-09,0.0134,1.837395733355153e-08,0.008695578864053602,1.8272028364991886e-08,0.008689215566121395,1.5867057603876788e-08,0.008695143600554052,
SR_Pu_UN_G1_C5_P_D50.0m_Lw_2500.0cm_Epw5.0cm_w_lead.o,C5,P,50.0,2500.0,5.0,lead,2000,C5_H_2000,2.80579e-09,0.0402,4.53298e-10,0.0387,2.819009257974832e-09,0.04009479889573846,2.7997729665894693e-09,0.040231022494072996,2.427809025460072e-09,0.04041261888451139,
SR_Pu_UN_G1_C5_P_D100.0m_Lw_5000.0cm_Epw5.0cm_w_lead.o,C5,P,100.0,5000.0,5.0,lead,2000,C5_H_2000,5.15966e-10,0.0982,9.71044e-11,0.0862,5.227304303569762e-10,0.09916514363756847,5.178923946746926e-10,0.09989498430913674,4.466376884160536e-10,0.10027575310539692,
SR_Pu_UN_G1_C5_P_D1000.0m_Lw_50000.0cm_Epw5.0cm_w_lead.o,C5,P,1000.0,50000.0,5.0,lead,2000,C5_H_2000,1.92146e-13,0.1287,5.4961e-14,0.0788,1.926647477934455e-13,0.12728210291977315,1.8931075452870897e-13,0.12889696997882416,1.6175967043755863e-13,0.13084376030116537,
SR_Pu_UN_G1_C5_P_D1200.0m_Lw_60000.0cm_Epw5.0cm_w_lead.o,C5,P,1200.0,60000.0,5.0,lead,2000,C5_H_2000,7.07718e-14,0.2197,1.83031e-14,0.1061,7.138014117763116e-14,0.21933814062942109,7.018301090972744e-14,0.22124637075825004,6.014237580186606e-14,0.22394426011363,
SR_Pu_UN_G1_C5_P_D2.0m_Lw_100.0cm_Epw5.0cm_w_lead.o,C5,P,2.0,100.0,5.0,lead,2000,C5_H_2000,1.44026e-06,0.0081,2.29658e-07,0.0189,1.4465775467637704e-06,0.00808973832701088,1.4397800724050525e-06,0.008015553773178244,1.2518539956117364e-06,0.008013754262980358,
SR_Pu_UN_G1_C5_P_D300.0m_Lw_15000.0cm_Epw5.0cm_w_lead.o,C5,P,300.0,15000.0,5.0,lead,2000,C5_H_2000,3.65654e-11,0.2177,7.70403e-12,0.1209,3.6727010629609484e-11,0.21764894177749972,3.6328326545524226e-11,0.2203027952108348,3.1295510018331806e-11,0.22390522298317117,
SR_Pu_UN_G1_C5_P_D5.0m_Lw_250.0cm_Epw5.0cm_w_lead.o,C5,P,5.0,250.0,5.0,lead,2000,C5_H_2000,2.81876e-07,0.0342,4.4593e-08,0.0543,2.8279337096418354e-07,0.03371052877411016,2.814181122896275e-07,0.03353187961913967,2.4448119871571196e-07,0.033160604385723894,
SR_Pu_UN_G1_C5_P_D1.0m_Lw_50.0cm_Epw5.0cm_w_lead.o,C5,P,1.0,50.0,5.0,lead,2000,C5_H_2000,4.21311e-06,0.0039,6.4215e-07,0.0126,4.2313386583882374e-06,0.0038982087479830447,4.215048134562435e-06,0.003820937271887329,3.6669084524813647e-06,0.003725216728658834,
SR_Pu_UN_G1_C5_P_D1.0m_Lw_50.0cm_Epw10.0cm_w_lead.o,C5,P,1.0,50.0,10.0,lead,2000,C5_H_2000,6.94033e-07,0.0096,1.15133e-07,0.0396,6.976410478560207e-07,0.009572798452563263,6.937127887736423e-07,0.009430026551558664,6.024752017121676e-07,0.009319863112358795,
SR_Pu_UN_G1_C5_P_D2.0m_Lw_100.0cm_Epw1.0cm_w_lead.o,C5,P,2.0,100.0,1.0,lead,2000,C5_H_2000,7.76838e-06,0.0036,1.35252e-06,0.0168,7.808155466071092e-06,0.0035852578668373342,7.764473402648639e-06,0.0034609941626789487,6.7350176283998104e-06,0.003365417389411019,
SR_Pu_UN_G1_C5_P_D5.0m_Lw_250.0cm_Epw1.0cm_w_lead.o,C5,P,5.0,250.0,1.0,lead,2000,C5_H_2000,1.51199e-06,0.0139,2.76835e-07,0.0401,1.5191518274793692e-06,0.013956054824669967,1.509273882398548e-06,0.01357163698184104,1.3077534137378069e-06,0.013210226189305174,
SR_Pu_UN_G1_C5_P_D10.0m_Lw_500.0cm_Epw1.0cm_w_lead.o,C5,P,10.0,500.0,1.0,lead,2000,C5_H_2000,3.86793e-07,0.0208,6.71256e-08,0.0438,3.887716998857175e-07,0.020953940109613396,3.865740785870864e-07,0.02065286045201816,3.3526443400399973e-07,0.02020407260058074,
SR_Pu_UN_G1_C5_P_D20.0m_Lw_1000.0cm_Epw1.0cm_w_lead.o,C5,P,20.0,1000.0,1.0,lead,2000,C5_H_2000,9.59497e-08,0.0065,1.6419e-08,0.0076,9.640833332900347e-08,0.006431857252741599,9.587098149935195e-08,0.006431470118806959,8.316427901410237e-08,0.006434793849263029,
SR_Pu_UN_G1_C5_P_D50.0m_Lw_2500.0cm_Epw1.0cm_w_lead.o,C5,P,50.0,2500.0,1.0,lead,2000,C5_H_2000,1.32918e-08,0.034,2.3832e-09,0.0236,1.335893156358467e-08,0.0339523985896546,1.3276384581262635e-08,0.034054597694198954,1.1508048417475752e-08,0.03424083010537836,
SR_Pu_UN_G1_C5_P_D100.0m_Lw_5000.0cm_Epw1.0cm_w_lead.o,C5,P,100.0,5000.0,1.0,lead,2000,C5_H_2000,2.60506e-09,0.0676,5.47828e-10,0.0439,2.618384979861005e-09,0.06753131992716548,2.595788114549458e-09,0.0678955956465728,2.246411871819833e-09,0.06848596376020978,
SR_Pu_UN_G1_C5_P_D200.0m_Lw_10000.0cm_Epw1.0cm_w_lead.o,C5,P,200.0,10000.0,1.0,lead,2000,C5_H_2000,4.84476e-10,0.1496,1.11593e-10,0.0716,4.877101854102813e-10,0.14974941263270647,4.829870475600665e-10,0.15059347177494653,4.1629610176228554e-10,0.1516365237399502,
SR_Pu_UN_G1_C5_P_D300.0m_Lw_15000.0cm_Epw1.0cm_w_lead.o,C5,P,300.0,15000.0,1.0,lead,2000,C5_H_2000,1.87644e-10,0.1737,4.1706e-11,0.0823,1.8778700152494327e-10,0.17362686321760212,1.856543863280987e-10,0.1745673588047271,1.6001867179854245e-10,0.17599861953653642,
SR_Pu_UN_G1_C5_P_D500.0m_Lw_25000.0cm_Epw1.0cm_w_lead.o,C5,P,500.0,25000.0,1.0,lead,2000,C5_H_2000,2.49439e-11,0.1992,6.88707e-12,0.0833,2.4932950299189562e-11,0.19778726114386938,2.4650489697500514e-11,0.20001559642914649,2.1154234444405095e-11,0.2032529234668593,
SR_Pu_UN_G1_C5_P_D700.0m_Lw_35000.0cm_Epw1.0cm_w_lead.o,C5,P,700.0,35000.0,1.0,lead,2000,C5_H_2000,7.46428e-12,0.2475,1.73638e-12,0.0982,7.445798585858173e-12,0.24583566674705293,7.364966298396168e-12,0.24773537577752675,6.356275700033712e-12,0.25139727024613473,
SR_Pu_UN_G1_C5_P_D1000.0m_Lw_50000.0cm_Epw1.0cm_w_lead.o,C5,P,1000.0,50000.0,1.0,lead,2000,C5_H_2000,8.63729e-13,0.2018,2.45868e-13,0.0719,8.662987904821682e-13,0.20327186937610447,8.510488463705211e-13,0.20529098744344296,7.268739320637362e-13,0.2095786635962781,
SR_Pu_UN_G1_C5_P_D1200.0m_Lw_60000.0cm_Epw1.0cm_w_lead.o,C5,P,1200.0,60000.0,1.0,lead,2000,C5_H_2000,2.11296e-13,0.1749,7.26845e-14,0.061,2.119127724901592e-13,0.17527079667357487,2.08130486961483e-13,0.1772319910218799,1.7707872793479807e-13,0.18074298098467273,
SR_Pu_UN_G1_C5_P_D1.0m_Lw_50.0cm_Epw20.0cm_w_lead.o,C5,P,1.0,50.0,20.0,lead,2000,C5_H_2000,1.17767e-07,0.0324,1.62566e-08,0.0386,1.1886678613736801e-07,0.032233481809859736,1.1812784103355683e-07,0.03211132700032776,1.0227654797690455e-07,0.032004567611210386,
SR_Pu_UN_G1_C5_P_D2.0m_Lw_100.0cm_Epw20.0cm_w_lead.o,C5,P,2.0,100.0,20.0,lead,2000,C5_H_2000,7.45832e-08,0.0218,1.31524e-08,0.0331,7.508328825037976e-08,0.021667702441829386,7.427343955327463e-08,0.021683328813252745,6.405615225434579e-08,0.02167342223569401,
SR_Pu_UN_G1_C5_P_D5.0m_Lw_250.0cm_Epw20.0cm_w_lead.o,C5,P,5.0,250.0,20.0,lead,2000,C5_H_2000,2.12613e-08,0.0172,3.55063e-09,0.0468,2.1395394948382313e-08,0.017115848374178518,2.1162996153889453e-08,0.017066234315642668,1.825156595376056e-08,0.017079606783307028,
SR_Pu_UN_G1_C5_P_D10.0m_Lw_500.0cm_Epw20.0cm_w_lead.o,C5,P,10.0,500.0,20.0,lead,2000,C5_H_2000,6.52917e-09,0.0267,1.05116e-09,0.0525,6.565325734782648e-09,0.02640377972239127,6.4926882187631815e-09,0.026356989403598083,5.5989671733236855e-09,0.026584479415503896,
SR_Pu_UN_G1_C5_P_D20.0m_Lw_1000.0cm_Epw20.0cm_w_lead.o,C5,P,20.0,1000.0,20.0,lead,2000,C5_H_2000,2.07617e-09,0.0232,3.37836e-10,0.0806,2.0876413031633228e-09,0.02292883232242249,2.0624188537007813e-09,0.022355995692907884,1.7765889481095145e-09,0.022002457367269822,
SR_Pu_UN_G1_C5_P_D50.0m_Lw_2500.0cm_Epw20.0cm_w_lead.o,C5,P,50.0,2500.0,20.0,lead,2000,C5_H_2000,4.85752e-10,0.0188,7.80101e-11,0.0287,4.886116932067256e-10,0.01858599229775424,4.827658349889419e-10,0.01872059261119793,4.1549180172821536e-10,0.018778223023925025,
SR_Pu_UN_G1_C5_P_D100.0m_Lw_5000.0cm_Epw20.0cm_w_lead.o,C5,P,100.0,5000.0,20.0,lead,2000,C5_H_2000,1.36362e-10,0.0158,2.36963e-11,0.0308,1.3709215890555011e-10,0.01556896921378607,1.3525677961958544e-10,0.015553439010231351,1.1631050680361304e-10,0.015519315122531251,
SR_Pu_UN_G1_C5_P_D200.0m_Lw_10000.0cm_Epw20.0cm_w_lead.o,C5,P,200.0,10000.0,20.0,lead,2000,C5_H_2000,3.50749e-11,0.05,6.59511e-12,0.0923,3.536795961720027e-11,0.0497888287768153,3.4892264355589374e-11,0.04979371454976625,2.989807688642084e-11,0.049717044422582526,
SR_Pu_UN_G1_C5_P_D300.0m_Lw_15000.0cm_Epw20.0cm_w_lead.o,C5,P,300.0,15000.0,20.0,lead,2000,C5_H_2000,1.08149e-11,0.0431,2.28603e-12,0.1071,1.0897198261636556e-11,0.04304660517558693,1.0727002319075846e-11,0.042950808476396145,9.18912251129425e-12,0.04296492254535497,
SR_Pu_UN_G1_C5_P_D500.0m_Lw_25000.0cm_Epw20.0cm_w_lead.o,C5,P,500.0,25000.0,20.0,lead,2000,C5_H_2000,2.15177e-12,0.0833,3.90256e-13,0.0958,2.1627968808757432e-12,0.08248846676507811,2.1290745490522555e-12,0.08228462084793718,1.8223363240531666e-12,0.08199026449618586,
SR_Pu_UN_G1_C5_P_D1200.0m_Lw_60000.0cm_Epw20.0cm_w_lead.o,C5,P,1200.0,60000.0,20.0,lead,2000,C5_H_2000,1.22767e-14,0.139,2.64038e-15,0.1359,1.235877543397054e-14,0.1367525238693189,1.2143783152410225e-14,0.1368163704199229,1.0417930059013547e-14,0.13743435509724888,
SR_Pu_UN_G1_C5_P_D2.0m_Lw_100.0cm_Epw10.0cm_w_lead.o,C5,P,2.0,100.0,10.0,lead,2000,C5_H_2000,2.80116e-07,0.0135,4.70931e-08,0.0283,2.814801235261613e-07,0.013459645832362055,2.7952626468890705e-07,0.013316484804427771,2.422899180228507e-07,0.013109584444014706,
SR_Pu_UN_G1_C5_P_D200.0m_Lw_10000.0cm_Epw5.0cm_w_lead.o,C5,P,200.0,10000.0,5.0,lead,2000,C5_H_2000,1.30284e-10,0.2406,2.35775e-11,0.1225,1.3087305238119397e-10,0.2374781324735866,1.2975097410699364e-10,0.23850574411987793,1.1200687554981943e-10,0.24191439870288292,
SR_Pu_UN_G1_C5_P_D500.0m_Lw_25000.0cm_Epw5.0cm_w_lead.o,C5,P,500.0,25000.0,5.0,lead,2000,C5_H_2000,1.18058e-11,0.353,2.22099e-12,0.1787,1.1792418476182954e-11,0.3504265207903419,1.169019420704709e-11,0.352761230944585,1.0112179542169646e-11,0.35589513607062895,
SR_Pu_UN_G1_C5_P_D700.0m_Lw_35000.0cm_Epw20.0cm_w_lead.o,C5,P,700.0,35000.0,20.0,lead,2000,C5_H_2000,5.33806e-13,0.0934,1.06171e-13,0.0811,5.379322520974592e-13,0.09363968616591463,5.291627057319392e-13,0.09367175652310669,4.5276536603476884e-13,0.09317290699448565,
SR_Pu_UN_G1_C5_P_D1000.0m_Lw_50000.0cm_Epw20.0cm_w_lead.o,C5,P,1000.0,50000.0,20.0,lead,2000,C5_H_2000,4.83032e-14,0.0763,1.358e-14,0.138,4.8624165274507786e-14,0.07595627520586172,4.769503098313099e-14,0.07618702776452838,4.057272611292258e-14,0.07597548915162985,
SR_Pu_UN_G1_C5_P_D700.0m_Lw_35000.0cm_Epw5.0cm_w_lead.o,C5,P,700.0,35000.0,5.0,lead,2000,C5_H_2000,1.34176e-12,0.1061,3.70076e-13,0.0703,1.3483484702779047e-12,0.10608957426637812,1.3272741572102127e-12,0.10757651437772452,1.1342828641622981e-12,0.1096403635789283,
SR_Pu_UN_G1_C5_P_D1.0m_Lw_50.0cm_Epw40.0cm_w_lead.o,C5,P,1.0,50.0,40.0,lead,2000,C5_H_2000,2.4914e-08,0.2371,3.43393e-09,0.1448,2.524598412675718e-08,0.236669343091727,2.509905304086272e-08,0.23628661398305256,2.1816231396284473e-08,0.2378560120779088,
SR_Pu_UN_G1_C5_N_D5.0m_Lw_250.0cm_Epw10.0cm_w_steel.o,C5,N,5.0,250.0,10.0,steel,2000,C5_H_2000,1.00566e-06,0.0282,5.59256e-08,0.0342,9.551108652689885e-07,0.028009375659565825,1.2733765095537226e-05,0.029287518318820805,9.219876335474574e-06,0.028592873587732288,-5.0264636886235285
SR_Pu_UN_G1_C5_N_D10.0m_Lw_500.0cm_Epw10.0cm_w_steel.o,C5,N,10.0,500.0,10.0,steel,2000,C5_H_2000,2.55477e-07,0.0215,1.56905e-08,0.0318,2.428252249816994e-07,0.021335502763533035,3.200129867968254e-06,0.022635975537274564,2.303171545808111e-06,0.021917385434213104,-4.952216840772595
SR_Pu_UN_G1_C5_N_D20.0m_Lw_1000.0cm_Epw10.0cm_w_steel.o,C5,N,20.0,1000.0,10.0,steel,2000,C5_H_2000,6.4948e-08,0.0161,4.35249e-09,0.0241,6.174032745192423e-08,0.016053902456494462,8.10377894732707e-07,0.0168832260756134,5.726967262672289e-07,0.01658950154577318,-4.938831908720461
SR_Pu_UN_G1_C5_N_D50.0m_Lw_2500.0cm_Epw10.0cm_w_steel.o,C5,N,50.0,2500.0,10.0,steel,2000,C5_H_2000,1.05653e-08,0.023,8.53912e-10,0.0241,1.0048852587285932e-08,0.022867618000529708,1.2713109754154915e-07,0.024557480301492303,8.823981016709461e-08,0.025905484933305932,-4.8881471677478965
SR_Pu_UN_G1_C5_N_D100.0m_Lw_5000.0cm_Epw10.0cm_w_steel.o,C5,N,100.0,5000.0,10.0,steel,2000,C5_H_2000,2.30522e-09,0.0516,2.27573e-10,0.0314,2.1951889387179192e-09,0.05112085443226688,2.6676705951308946e-08,0.054134053209974234,1.7766700655578838e-08,0.06357159528657404,-4.773126264828553
SR_Pu_UN_G1_C5_N_D200.0m_Lw_10000.0cm_Epw10.0cm_w_steel.o,C5,N,200.0,10000.0,10.0,steel,2000,C5_H_2000,5.26201e-10,0.0617,5.52639e-11,0.0386,5.021116567864463e-10,0.06182105534801881,6.2651376845884335e-09,0.07337951740750749,4.043736127315311e-09,0.08070706751496583,-4.577973666631894
SR_Pu_UN_G1_C5_N_D300.0m_Lw_15000.0cm_Epw10.0cm_w_steel.o,C5,N,300.0,15000.0,10.0,steel,2000,C5_H_2000,1.54578e-10,0.0594,1.9319e-11,0.0408,1.4763040785028772e-10,0.059042237539577234,1.695137834846447e-09,0.07211504477415878,1.0699766741575267e-09,0.08029114638326725,-4.494554302496015
SR_Pu_UN_G1_C5_N_D500.0m_Lw_25000.0cm_Epw10.0cm_w_steel.o,C5,N,500.0,25000.0,10.0,steel,2000,C5_H_2000,2.00069e-11,0.0596,2.93344e-12,0.0402,1.915961965318268e-11,0.05943377043494357,2.0252406544085005e-10,0.08235595580080037,1.262733734556033e-10,0.08796981306440392,-4.234940679552155
SR_Pu_UN_G1_C5_N_D700.0m_Lw_35000.0cm_Epw10.0cm_w_steel.o,C5,N,700.0,35000.0,10.0,steel,2000,C5_H_2000,3.9697e-12,0.0554,5.84975e-13,0.0281,3.8260363332775415e-12,0.0556851159471445,3.930155362364151e-11,0.06932256620758687,2.5559506604573368e-11,0.08988321673915656,-3.619005635752285
SR_Pu_UN_G1_C5_N_D1000.0m_Lw_50000.0cm_Epw10.0cm_w_steel.o,C5,N,1000.0,50000.0,10.0,steel,2000,C5_H_2000,3.94538e-13,0.0767,5.94166e-14,0.0301,3.7870038048415557e-13,0.07432051856047128,3.7420072436942925e-12,0.08755648737493993,2.473701889032118e-12,0.12597789092873252,-4.014219039951651
SR_Pu_UN_G1_C5_N_D1200.0m_Lw_60000.0cm_Epw10.0cm_w_steel.o,C5,N,1200.0,60000.0,10.0,steel,2000,C5_H_2000,9.16712e-14,0.059,1.31494e-14,0.0293,8.829891940760086e-14,0.0584476185061971,8.906850606874113e-13,0.07492192359865366,5.963448858466276e-13,0.09223355920501965,-3.6786696284101703
SR_Pu_UN_G1_C5_N_D1.0m_Lw_50.0cm_Epw40.0cm_w_steel.o,C5,N,1.0,50.0,40.0,steel,2000,C5_H_2000,3.18691e-06,0.0221,2.95055e-07,0.0668,3.02116393054635e-06,0.021263887383084424,4.3006920423130556e-05,0.009351501738618309,2.378074148827456e-05,0.010906838577027546,-5.200839353908651
SR_Pu_UN_G1_C5_N_D2.0m_Lw_100.0cm_Epw40.0cm_w_steel.o,C5,N,2.0,100.0,40.0,steel,2000,C5_H_2000,9.74973e-07,0.0084,8.90054e-08,0.0103,9.231228684476506e-07,0.007540180200587554,1.3236004432359195e-05,0.008004894553122666,7.289772833207808e-06,0.008103398833556482,-5.318109481221477
SR_Pu_UN_G1_C5_N_D5.0m_Lw_250.0cm_Epw40.0cm_w_steel.o,C5,N,5.0,250.0,40.0,steel,2000,C5_H_2000,1.65992e-07,0.0178,1.68775e-08,0.0264,1.5726539577904034e-07,0.016635099414185582,2.1578876357948484e-06,0.01607456337308113,1.188352581578469e-06,0.015940711131933998,-5.257243855703679
SR_Pu_UN_G1_C5_N_D10.0m_Lw_500.0cm_Epw40.0cm_w_steel.o,C5,N,10.0,500.0,40.0,steel,2000,C5_H_2000,4.04817e-08,0.0157,4.41083e-09,0.0224,3.840781982181432e-08,0.015409043151213232,5.12224808524092e-07,0.015280091075002325,2.8105266708707015e-07,0.015422226869655534,-5.123006638025774
SR_Pu_UN_G1_C5_N_D20.0m_Lw_1000.0cm_Epw40.0cm_w_steel.o,C5,N,20.0,1000.0,40.0,steel,2000,C5_H_2000,1.02626e-08,0.0133,1.19782e-09,0.0176,9.753520304470243e-09,0.012902616652837779,1.2639915045127375e-07,0.013697902673462638,6.919633980074762e-08,0.013801300748993429,-4.960533349538689
SR_Pu_UN_G1_C5_N_D50.0m_Lw_2500.0cm_Epw40.0cm_w_steel.o,C5,N,50.0,2500.0,40.0,steel,2000,C5_H_2000,1.7136e-09,0.0145,2.29712e-10,0.0151,1.6333279720118381e-09,0.014295568108637023,1.962079732721839e-08,0.016927825806131686,1.0739715072326051e-08,0.017002968439322304,-4.684408729467894
SR_Pu_UN_G1_C5_N_D100.0m_Lw_5000.0cm_Epw40.0cm_w_steel.o,C5,N,100.0,5000.0,40.0,steel,2000,C5_H_2000,4.42212e-10,0.0263,6.68663e-11,0.0165,4.228209971144934e-10,0.02586731676547755,4.6769893072045225e-09,0.03616414344601259,2.5689454566598905e-09,0.03733956811826474,-4.385001511832919
SR_Pu_UN_G1_C5_N_D200.0m_Lw_10000.0cm_Epw40.0cm_w_steel.o,C5,N,200.0,10000.0,40.0,steel,2000,C5_H_2000,7.68653e-11,0.0394,1.36563e-11,0.03,7.398254453555466e-11,0.039146831536673296,7.166192629303112e-10,0.05761175133812636,4.0156451228796233e-10,0.062800466762024,-3.7503990284892477
SR_Pu_UN_G1_C5_N_D300.0m_Lw_15000.0cm_Epw40.0cm_w_steel.o,C5,N,300.0,15000.0,40.0,steel,2000,C5_H_2000,2.25516e-11,0.0413,4.38993e-12,0.0292,2.17799463133099e-11,0.040790291046545704,1.9193030375862756e-10,0.06767678642707617,1.0466449340816225e-10,0.06657810447573187,-3.421724785337172
SR_Pu_UN_G1_C5_N_D500.0m_Lw_25000.0cm_Epw40.0cm_w_steel.o,C5,N,500.0,25000.0,40.0,steel,2000,C5_H_2000,2.801e-12,0.0374,6.0348e-13,0.0281,2.709587824519029e-12,0.036385283259296075,2.077181485196166e-11,0.06512816033950582,1.1566882408498181e-11,0.06604520081344348,-3.26355499753555
SR_Pu_UN_G1_C5_N_D700.0m_Lw_35000.0cm_Epw40.0cm_w_steel.o,C5,N,700.0,35000.0,40.0,steel,2000,C5_H_2000,4.5786e-13,0.0348,1.01701e-13,0.0222,4.438205302352869e-13,0.03346510008614673,3.183064628509841e-12,0.06608622536727311,1.7971547038820484e-12,0.0711578624252711,-3.0663237157019885
SR_Pu_UN_G1_C5_N_D1000.0m_Lw_50000.0cm_Epw40.0cm_w_steel.o,C5,N,1000.0,50000.0,40.0,steel,2000,C5_H_2000,3.15351e-14,0.0334,7.50002e-15,0.0238,3.0619453913861416e-14,0.03218153510801827,1.9846150118073262e-13,0.06533999200611808,1.1066186800698697e-13,0.06633148830180771,-2.90357755687658
SR_Pu_UN_G1_C5_N_D1200.0m_Lw_60000.0cm_Epw40.0cm_w_steel.o,C5,N,1200.0,60000.0,40.0,steel,2000,C5_H_2000,5.5404e-15,0.0288,1.30592e-15,0.0243,5.3739507551541635e-15,0.0278541628382487,3.561444506200197e-14,0.05041141259252409,1.9774444061610995e-14,0.0509279983826178,-3.0042820887632007
SR_Pu_UN_G1_C5_N_D10.0m_Lw_500.0cm_Epw5.0cm_w_steel.o,C5,N,10.0,500.0,5.0,steel,2000,C5_H_2000,3.50808e-07,0.0242,2.00338e-08,0.0432,3.344696402601738e-07,0.024163182641865903,4.122173080073464e-06,0.025560991277542102,3.2343632829596277e-06,0.02470561050177578,-4.657350955458879
SR_Pu_UN_G1_C5_N_D20.0m_Lw_1000.0cm_Epw5.0cm_w_steel.o,C5,N,20.0,1000.0,5.0,steel,2000,C5_H_2000,9.41801e-08,0.0137,5.7999e-09,0.0165,8.977742020004088e-08,0.01367178208692539,1.1027222837630116e-06,0.014905704652226867,8.552886627198036e-07,0.014620337302517047,-4.674745301777255
SR_Pu_UN_G1_C5_N_D50.0m_Lw_2500.0cm_Epw5.0cm_w_steel.o,C5,N,50.0,2500.0,5.0,steel,2000,C5_H_2000,1.49473e-08,0.0257,1.09912e-09,0.0222,1.4238739114595286e-08,0.025556071297144795,1.7258075637787682e-07,0.0275768452695205,1.2976917209254025e-07,0.02920950521607157,-4.740393819651138
SR_Pu_UN_G1_C5_N_D100.0m_Lw_5000.0cm_Epw5.0cm_w_steel.o,C5,N,100.0,5000.0,5.0,steel,2000,C5_H_2000,3.87469e-09,0.0573,3.32127e-10,0.0356,3.691727846413454e-09,0.05688468259583651,4.320772292357588e-08,0.05897250043725061,3.199714208086176e-08,0.0681961481687678,-4.721981722061548
SR_Pu_UN_G1_C5_N_D200.0m_Lw_10000.0cm_Epw5.0cm_w_steel.o,C5,N,200.0,10000.0,5.0,steel,2000,C5_H_2000,8.93789e-10,0.0876,7.57129e-11,0.0403,8.565154269279164e-10,0.08900100362203363,9.795723371137314e-09,0.07829814613395039,7.393969184489873e-09,0.10284570706197153,-4.170287738166788
SR_Pu_UN_G1_C5_N_D1200.0m_Lw_60000.0cm_Epw5.0cm_w_steel.o,C5,N,1200.0,60000.0,5.0,steel,2000,C5_H_2000,1.59657e-13,0.0529,2.03398e-14,0.024,1.5321360677732342e-13,0.053002863568296435,1.6650250251871235e-12,0.06614847455429837,1.1221260986634942e-12,0.07851753310637448,-4.035772451365481
SR_Pu_UN_G1_C5_N_D20.0m_Lw_1000.0cm_Epw20.0cm_w_steel.o,C5,N,20.0,1000.0,20.0,steel,2000,C5_H_2000,3.38181e-08,0.023,2.83481e-09,0.0328,3.212838378052798e-08,0.022896700623636423,4.397886236766643e-07,0.023684422415690805,2.7339628524136974e-07,0.023868493365281577,-4.996484780256785
SR_Pu_UN_G1_C5_N_D2.0m_Lw_100.0cm_Epw5.0cm_w_steel.o,C5,N,2.0,100.0,5.0,steel,2000,C5_H_2000,7.41243e-06,0.0163,3.70534e-07,0.0276,7.056759611065922e-06,0.016078522489227632,8.766406800035192e-05,0.017665048195612692,6.996767454070051e-05,0.016317747898098277,-4.798296765488212
SR_Pu_UN_G1_C5_N_D300.0m_Lw_15000.0cm_Epw5.0cm_w_steel.o,C5,N,300.0,15000.0,5.0,steel,2000,C5_H_2000,2.0045e-10,0.0505,2.37516e-11,0.0358,1.9133131592484592e-10,0.04956474068240521,2.1825689056649124e-09,0.05817475157161989,1.44527711618541e-09,0.06674501084145246,-4.549106547844385
SR_Pu_UN_G1_C5_N_D5.0m_Lw_250.0cm_Epw5.0cm_w_steel.o,C5,N,5.0,250.0,5.0,steel,2000,C5_H_2000,1.3971e-06,0.0355,7.55428e-08,0.065,1.3307019379322448e-06,0.035399555062917254,1.6353660079297432e-05,0.03784324580385433,1.2930545178672126e-05,0.03489155328520722,-4.752563314562672
SR_Pu_UN_G1_C5_N_D1.0m_Lw_50.0cm_Epw5.0cm_w_steel.o,C5,N,1.0,50.0,5.0,steel,2000,C5_H_2000,2.14757e-05,0.0146,9.80056e-07,0.0216,2.0452552270489343e-05,0.014281044156828036,0.00025629749174723007,0.016813815454761794,0.00020577324849053395,0.014629268671850397,-4.7642113156295505
SR_Pu_UN_G1_C5_N_D1.0m_Lw_50.0cm_Epw1.0cm_w_steel.o,C5,N,1.0,50.0,1.0,steel,2000,C5_H_2000,2.66138e-05,0.0101,1.42894e-06,0.0298,2.5396663580399477e-05,0.009933489184733404,0.00028494001314982245,0.009899828450451348,0.0002471488422664535,0.009499230046572632,-4.573328196651822
SR_Pu_UN_G1_C5_N_D2.0m_Lw_100.0cm_Epw1.0cm_w_steel.o,C5,N,2.0,100.0,1.0,steel,2000,C5_H_2000,9.02729e-06,0.012,5.13237e-07,0.0327,8.613589199530212e-06,0.0119415678014545,9.715221245300076e-05,0.012410680361073905,8.302097924333634e-05,0.011346645656986365,-4.582779554769909
SR_Pu_UN_G1_C5_N_D5.0m_Lw_250.0cm_Epw1.0cm_w_steel.o,C5,N,5.0,250.0,1.0,steel,2000,C5_H_2000,1.71291e-06,0.024,1.05115e-07,0.0555,1.632972105916824e-06,0.02363878506260351,1.807605671677722e-05,0.025941380715309097,1.551295820738052e-05,0.023936449588216616,-4.666788919626599
SR_Pu_UN_G1_C5_N_D10.0m_Lw_500.0cm_Epw1.0cm_w_steel.o,C5,N,10.0,500.0,1.0,steel,2000,C5_H_2000,4.8164e-07,0.0402,3.58311e-08,0.0979,4.5974074005729807e-07,0.04068694493960829,5.017330386795323e-06,0.046471907225194814,4.206442273275823e-06,0.03966361088085817,-4.546810884208527
SR_Pu_UN_G1_C5_N_D20.0m_Lw_1000.0cm_Epw1.0cm_w_steel.o,C5,N,20.0,1000.0,1.0,steel,2000,C5_H_2000,1.27367e-07,0.0205,9.06306e-09,0.0246,1.2154524590908918e-07,0.020334112888432693,1.3524171820975183e-06,0.022646073393133823,1.1207120493071e-06,0.022456457199067408,-4.570849663500609
SR_Pu_UN_G1_C5_N_D50.0m_Lw_2500.0cm_Epw1.0cm_w_steel.o,C5,N,50.0,2500.0,1.0,steel,2000,C5_H_2000,2.0241e-08,0.0415,1.62999e-09,0.0248,1.9362872840271207e-08,0.04148950229124171,2.1257026529507238e-07,0.04179861428217972,1.7215445278515605e-07,0.04822448664205338,-4.3383585777816895
SR_Pu_UN_G1_C5_N_D100.0m_Lw_5000.0cm_Epw1.0cm_w_steel.o,C5,N,100.0,5000.0,1.0,steel,2000,C5_H_2000,5.35405e-09,0.0725,4.28166e-10,0.0315,5.114498216907097e-09,0.0722252240422659,5.496681620848377e-08,0.06817374133069731,4.4599169192323243e-08,0.0846067882351863,-4.474216398668345
SR_Pu_UN_G1_C5_N_D200.0m_Lw_10000.0cm_Epw1.0cm_w_steel.o,C5,N,200.0,10000.0,1.0,steel,2000,C5_H_2000,1.00273e-09,0.0983,8.76079e-11,0.0393,9.604272475220441e-10,0.09860800956087801,1.068644892407199e-08,0.09803654308645965,8.25136386712798e-09,0.12251713729158273,-4.218758038350883
SR_Pu_UN_G1_C5_N_D300.0m_Lw_15000.0cm_Epw1.0cm_w_steel.o,C5,N,300.0,15000.0,1.0,steel,2000,C5_H_2000,3.06356e-10,0.1157,2.86064e-11,0.0393,2.9557730142835795e-10,0.11820134652322957,3.262601650141018e-09,0.09632314378905144,2.460533794992554e-09,0.13835193357854542,-3.5183572613697893
SR_Pu_UN_G1_C5_N_D500.0m_Lw_25000.0cm_Epw1.0cm_w_steel.o,C5,N,500.0,25000.0,1.0,steel,2000,C5_H_2000,6.55923e-11,0.189,5.47483e-12,0.0548,6.294981863822211e-11,0.19003307496790564,6.58945722648444e-10,0.16027438532078636,5.244563551824789e-10,0.20566707790903968,-4.028645682157649
SR_Pu_UN_G1_C5_N_D700.0m_Lw_35000.0cm_Epw1.0cm_w_steel.o,C5,N,700.0,35000.0,1.0,steel,2000,C5_H_2000,8.57863e-12,0.0445,1.0375e-12,0.0215,8.236175466395488e-12,0.044860382251877766,8.806572032592997e-11,0.044973608332878424,6.12719975561272e-11,0.05936857871815467,-3.9919489895765623
SR_Pu_UN_G1_C5_N_D1000.0m_Lw_50000.0cm_Epw1.0cm_w_steel.o,C5,N,1000.0,50000.0,1.0,steel,2000,C5_H_2000,1.02659e-12,0.0488,1.19291e-13,0.0208,9.858996504598166e-13,0.04830463833030003,1.0490924945394641e-11,0.05182829038649989,7.549818190741136e-12,0.06951196552752974,-3.963641720665836
SR_Pu_UN_G1_C5_N_D1200.0m_Lw_60000.0cm_Epw1.0cm_w_steel.o,C5,N,1200.0,60000.0,1.0,steel,2000,C5_H_2000,2.62408e-13,0.0413,3.01831e-14,0.0201,2.513275094942796e-13,0.04102807653374876,2.7004612535232174e-12,0.044427818456023484,1.91915724032552e-12,0.05379507939138854,-4.22261916775419
SR_Pu_UN_G1_C5_N_D1.0m_Lw_50.0cm_Epw20.0cm_w_steel.o,C5,N,1.0,50.0,20.0,steel,2000,C5_H_2000,8.6037e-06,0.009,5.23815e-07,0.0152,8.15192134965384e-06,0.007430746987568687,0.00011953625583409686,0.007808492547592938,7.607972286312992e-05,0.007044707157037176,-5.250980977325572
SR_Pu_UN_G1_C5_N_D2.0m_Lw_100.0cm_Epw20.0cm_w_steel.o,C5,N,2.0,100.0,20.0,steel,2000,C5_H_2000,2.89751e-06,0.0151,1.88126e-07,0.0199,2.7459935325088935e-06,0.014732307465134993,3.967317437532535e-05,0.015360298117381975,2.527491317097139e-05,0.015584775513008542,-5.229195671148903
SR_Pu_UN_G1_C5_N_D5.0m_Lw_250.0cm_Epw20.0cm_w_steel.o,C5,N,5.0,250.0,20.0,steel,2000,C5_H_2000,5.14938e-07,0.0206,3.5816e-08,0.0267,4.890168547560489e-07,0.02026730226412346,6.98600790176753e-06,0.021057678658018004,4.407443888988214e-06,0.02114780936003759,-5.033838101664876
SR_Pu_UN_G1_C5_N_D10.0m_Lw_500.0cm_Epw20.0cm_w_steel.o,C5,N,10.0,500.0,20.0,steel,2000,C5_H_2000,1.27648e-07,0.021,9.44811e-09,0.0299,1.2100636173349467e-07,0.020841951054774727,1.6890191251612404e-06,0.021545282455059846,1.0708514302468574e-06,0.021399229479487407,-5.203088388776428
SR_Pu_UN_G1_C5_N_D200.0m_Lw_10000.0cm_Epw20.0cm_w_steel.o,C5,N,200.0,10000.0,20.0,steel,2000,C5_H_2000,2.91275e-10,0.0925,3.56141e-11,0.0466,2.792904196312756e-10,0.09367268794280292,3.12457740018606e-09,0.09762185199346882,2.023727065853192e-09,0.12866208732331316,-4.114524201776471
SR_Pu_UN_G1_C5_N_D50.0m_Lw_2500.0cm_Epw20.0cm_w_steel.o,C5,N,50.0,2500.0,20.0,steel,2000,C5_H_2000,5.44354e-09,0.0293,5.45368e-10,0.0289,5.170770555003996e-09,0.028925482327540625,6.743504955275928e-08,0.03243364007583443,4.076594661460002e-08,0.03322207898336762,-5.010883450769232
SR_Pu_UN_G1_C5_N_D100.0m_Lw_5000.0cm_Epw20.0cm_w_steel.o,C5,N,100.0,5000.0,20.0,steel,2000,C5_H_2000,1.30091e-09,0.0516,1.51786e-10,0.0336,1.2394118864002859e-09,0.05121498104248367,1.50218925772419e-08,0.06255362327469624,9.105305280717276e-09,0.06691445014647304,-4.727315002553147
SR_Pu_UN_G1_C5_N_D1200.0m_Lw_60000.0cm_Epw20.0cm_w_steel.o,C5,N,1200.0,60000.0,20.0,steel,2000,C5_H_2000,3.32936e-14,0.0828,5.91478e-15,0.0426,3.2147338314591014e-14,0.08313487188743696,2.891051461455405e-13,0.11185430444341542,1.7850630239878187e-13,0.15892943589113284,-3.442888979890981
SR_Pu_UN_G1_C5_N_D300.0m_Lw_15000.0cm_Epw20.0cm_w_steel.o,C5,N,300.0,15000.0,20.0,steel,2000,C5_H_2000,7.50596e-11,0.0737,1.16166e-11,0.051,7.224633506325382e-11,0.07336971199273658,7.84072876386758e-10,0.10457375638337107,4.385934107608239e-10,0.10655259550824474,-3.7480414720384547
SR_Pu_UN_G1_C5_N_D500.0m_Lw_25000.0cm_Epw20.0cm_w_steel.o,C5,N,500.0,25000.0,20.0,steel,2000,C5_H_2000,1.17134e-11,0.0955,1.95753e-12,0.0478,1.130612738871775e-11,0.09525934612643926,1.0897790479339058e-10,0.13780898182746593,6.699411530451284e-11,0.16980002294363367,-3.4769803070180307
SR_Pu_UN_G1_C5_N_D700.0m_Lw_35000.0cm_Epw20.0cm_w_steel.o,C5,N,700.0,35000.0,20.0,steel,2000,C5_H_2000,1.67077e-12,0.046,3.34701e-13,0.0375,1.6145904863482637e-12,0.04525107929192163,1.34636837471104e-11,0.07287642457523565,7.74855637418191e-12,0.07658320127343483,-3.362492362906702
SR_Pu_UN_G1_C5_N_D1.0m_Lw_50.0cm_Epw10.0cm_w_steel.o,C5,N,1.0,50.0,10.0,steel,2000,C5_H_2000,1.60434e-05,0.0147,7.82472e-07,0.0174,1.525020118079337e-05,0.013874989416432002,0.00020487531576700028,0.013941193540479867,0.00015160805837182754,0.014348777284687558,-4.944081798163917
SR_Pu_UN_G1_C5_N_D500.0m_Lw_25000.0cm_Epw5.0cm_w_steel.o,C5,N,500.0,25000.0,5.0,steel,2000,C5_H_2000,3.70184e-11,0.1079,4.04627e-12,0.0401,3.5661464253309136e-11,0.10947010953629477,3.921709167325463e-10,0.10649504368061731,2.782553120212361e-10,0.13837001277629676,-3.6655710314083354
SR_Pu_UN_G1_C5_N_D1000.0m_Lw_50000.0cm_Epw5.0cm_w_steel.o,C5,N,1000.0,50000.0,5.0,steel,2000,C5_H_2000,6.33202e-13,0.0459,8.60136e-14,0.023,6.075151837409277e-13,0.04625300363603227,6.338726052042145e-12,0.056233655941736696,4.242306877666839e-12,0.07103032674782224,-4.05665431553791
SR_Pu_UN_G1_C5_N_D1000.0m_Lw_50000.0cm_Epw20.0cm_w_steel.o,C5,N,1000.0,50000.0,20.0,steel,2000,C5_H_2000,1.49407e-13,0.0685,2.73562e-14,0.0398,1.442974234883985e-13,0.06846665504661896,1.2332535548890698e-12,0.09246386314357788,7.823214848506883e-13,0.1275983211933521,-3.4199043629826624
SR_Pu_UN_G1_C5_N_D700.0m_Lw_35000.0cm_Epw5.0cm_w_steel.o,C5,N,700.0,35000.0,5.0,steel,2000,C5_H_2000,6.2663e-12,0.0495,7.8321e-13,0.026,6.019933236865196e-12,0.049757381411390224,6.495607508830323e-11,0.057501021133349324,4.387139435237421e-11,0.07086430579844638,-3.9316145593859826
SR_Pu_UN_G1_C5_N_D2.0m_Lw_100.0cm_Epw10.0cm_w_steel.o,C5,N,2.0,100.0,10.0,steel,2000,C5_H_2000,5.35233e-06,0.0159,2.7686e-07,0.0227,5.085830544651084e-06,0.015681097489964213,6.812669714556012e-05,0.017067885500640586,4.9980298534352355e-05,0.015787942802825108,-4.9791297500138425
SR_Pu_UN_G1_C5_P_D2.0m_Lw_100.0cm_Epw10.0cm_w_steel.o,C5,P,2.0,100.0,10.0,steel,2000,C5_H_2000,1.44791e-06,0.0154,2.85189e-07,0.0251,1.4529930808903926e-06,0.015130922112858342,1.4367264405928959e-06,0.014971310873416672,1.2378574323202197e-06,0.014691778406710198,
SR_Pu_UN_G1_C5_P_D5.0m_Lw_250.0cm_Epw10.0cm_w_steel.o,C5,P,5.0,250.0,10.0,steel,2000,C5_H_2000,2.57483e-07,0.0244,4.97207e-08,0.0428,2.5834602623848326e-07,0.024413806307726455,2.554451511889468e-07,0.024217771711334525,2.201289033838912e-07,0.02392651930805653,
SR_Pu_UN_G1_C5_P_D10.0m_Lw_500.0cm_Epw10.0cm_w_steel.o,C5,P,10.0,500.0,10.0,steel,2000,C5_H_2000,6.86452e-08,0.0202,1.28127e-08,0.0361,6.888570214658113e-08,0.02024010826027931,6.812593414419195e-08,0.020122226248036324,5.873199719802783e-08,0.019971234224443635,
SR_Pu_UN_G1_C5_P_D20.0m_Lw_1000.0cm_Epw10.0cm_w_steel.o,C5,P,20.0,1000.0,10.0,steel,2000,C5_H_2000,1.59699e-08,0.0191,3.1066e-09,0.0362,1.6036330715656223e-08,0.019077043169479023,1.584592717527968e-08,0.018960847438869714,1.365215868206802e-08,0.01883416715346363,
SR_Pu_UN_G1_C5_P_D50.0m_Lw_2500.0cm_Epw10.0cm_w_steel.o,C5,P,50.0,2500.0,10.0,steel,2000,C5_H_2000,2.40534e-09,0.0399,4.87467e-10,0.0504,2.414728893599141e-09,0.039777431607353406,2.384734684727069e-09,0.03994358741296045,2.0527197763572275e-09,0.04018621167080299,
SR_Pu_UN_G1_C5_P_D100.0m_Lw_5000.0cm_Epw10.0cm_w_steel.o,C5,P,100.0,5000.0,10.0,steel,2000,C5_H_2000,4.67911e-10,0.0822,1.10993e-10,0.076,4.720088642025881e-10,0.08291788540863358,4.652686048185078e-10,0.08379427399176398,3.989555101615766e-10,0.08439754380041972,
SR_Pu_UN_G1_C5_P_D200.0m_Lw_10000.0cm_Epw10.0cm_w_steel.o,C5,P,200.0,10000.0,10.0,steel,2000,C5_H_2000,1.33571e-10,0.2,2.80632e-11,0.1056,1.3465635961779292e-10,0.2013197764318988,1.3305030761762185e-10,0.2030538259615363,1.1458299709161718e-10,0.20624626438515228,
SR_Pu_UN_G1_C5_P_D300.0m_Lw_15000.0cm_Epw10.0cm_w_steel.o,C5,P,300.0,15000.0,10.0,steel,2000,C5_H_2000,3.69202e-11,0.1007,8.91727e-12,0.0864,3.686531762712644e-11,0.09999649275751611,3.6137427896321705e-11,0.09997627160542756,3.080876015147896e-11,0.09989716832789207,
SR_Pu_UN_G1_C5_P_D500.0m_Lw_25000.0cm_Epw10.0cm_w_steel.o,C5,P,500.0,25000.0,10.0,steel,2000,C5_H_2000,5.66015e-12,0.2944,1.4786e-12,0.1496,5.670850195444526e-12,0.2923258263532497,5.6101467115185866e-12,0.2986986293467613,4.7962653578527485e-12,0.30386575971633034,
SR_Pu_UN_G1_C5_P_D700.0m_Lw_35000.0cm_Epw10.0cm_w_steel.o,C5,P,700.0,35000.0,10.0,steel,2000,C5_H_2000,1.88257e-12,0.294,3.87881e-13,0.1293,1.8794303935918342e-12,0.2905430108861864,1.855638269595398e-12,0.2927997654788273,1.5994123283487265e-12,0.2972539698493854,
SR_Pu_UN_G1_C5_P_D1000.0m_Lw_50000.0cm_Epw10.0cm_w_steel.o,C5,P,1000.0,50000.0,10.0,steel,2000,C5_H_2000,2.38054e-13,0.3262,5.68642e-14,0.0932,2.380939924597967e-13,0.32112343438993773,2.318466019877441e-13,0.31928845918572896,1.9358831972914945e-13,0.3163399384163602,
SR_Pu_UN_G1_C5_P_D1200.0m_Lw_60000.0cm_Epw10.0cm_w_steel.o,C5,P,1200.0,60000.0,10.0,steel,2000,C5_H_2000,4.77598e-14,0.2291,1.43672e-14,0.1206,4.804286558035152e-14,0.23094561470580868,4.727238190482229e-14,0.2345065793292409,4.026506324523102e-14,0.23833616292638365,
SR_Pu_UN_G1_C5_P_D1.0m_Lw_50.0cm_Epw40.0cm_w_steel.o,C5,P,1.0,50.0,40.0,steel,2000,C5_H_2000,9.37795e-08,0.0288,1.22114e-08,0.0334,9.40451402157314e-08,0.018543301848266452,9.22464554659341e-08,0.018689025574547092,7.827963216219435e-08,0.018883529980100004,
SR_Pu_UN_G1_C5_P_D2.0m_Lw_100.0cm_Epw40.0cm_w_steel.o,C5,P,2.0,100.0,40.0,steel,2000,C5_H_2000,4.14903e-08,0.0119,5.98493e-09,0.0159,4.1600339282392434e-08,0.011455295344762792,4.083267263409157e-08,0.011387607904895323,3.474029468109864e-08,0.011287420045944031,
SR_Pu_UN_G1_C5_P_D5.0m_Lw_250.0cm_Epw40.0cm_w_steel.o,C5,P,5.0,250.0,40.0,steel,2000,C5_H_2000,9.5643e-09,0.0227,1.47276e-09,0.0514,9.598434680057743e-09,0.02268598919224971,9.439965321633398e-09,0.022562707711115338,8.066425895191413e-09,0.02257319346950369,
SR_Pu_UN_G1_C5_P_D10.0m_Lw_500.0cm_Epw40.0cm_w_steel.o,C5,P,10.0,500.0,40.0,steel,2000,C5_H_2000,2.57211e-09,0.0312,4.11654e-10,0.0554,2.5794488886626392e-09,0.031072340925238785,2.536238368028314e-09,0.030961401264383015,2.1655653696785918e-09,0.030784076570236858,
SR_Pu_UN_G1_C5_P_D20.0m_Lw_1000.0cm_Epw40.0cm_w_steel.o,C5,P,20.0,1000.0,40.0,steel,2000,C5_H_2000,6.92064e-10,0.0251,1.01499e-10,0.0346,6.94722990952175e-10,0.024999921613358792,6.839665560671899e-10,0.024973027061852702,5.850921220625881e-10,0.024860113444926665,
SR_Pu_UN_G1_C5_P_D50.0m_Lw_2500.0cm_Epw40.0cm_w_steel.o,C5,P,50.0,2500.0,40.0,steel,2000,C5_H_2000,1.56156e-10,0.0209,2.5621e-11,0.0306,1.5687561578406839e-10,0.02092734182853424,1.5426309553042117e-10,0.020838085242986262,1.317756094000888e-10,0.020660245094834526,
SR_Pu_UN_G1_C5_P_D100.0m_Lw_5000.0cm_Epw40.0cm_w_steel.o,C5,P,100.0,5000.0,40.0,steel,2000,C5_H_2000,4.64086e-11,0.0731,9.55942e-12,0.1874,4.669843366937978e-11,0.07329499794066933,4.583018380427044e-11,0.07138019144937623,3.911498235260162e-11,0.07021580690260973,
SR_Pu_UN_G1_C5_P_D200.0m_Lw_10000.0cm_Epw40.0cm_w_steel.o,C5,P,200.0,10000.0,40.0,steel,2000,C5_H_2000,1.32449e-11,0.1241,2.17717e-12,0.0682,1.3274586571348279e-11,0.12247538715824309,1.3030144370049073e-11,0.12052865205989949,1.109250560686963e-11,0.11619382316890718,
SR_Pu_UN_G1_C5_P_D300.0m_Lw_15000.0cm_Epw40.0cm_w_steel.o,C5,P,300.0,15000.0,40.0,steel,2000,C5_H_2000,4.32282e-12,0.08,8.05952e-13,0.0762,4.3511928951463354e-12,0.08013272785767214,4.268061954108295e-12,0.07989773105693723,3.6340984345264524e-12,0.07948429785123722,
SR_Pu_UN_G1_C5_P_D500.0m_Lw_25000.0cm_Epw40.0cm_w_steel.o,C5,P,500.0,25000.0,40.0,steel,2000,C5_H_2000,5.76065e-13,0.0535,1.43699e-13,0.0674,5.793787626796912e-13,0.05370092299728911,5.687209544299172e-13,0.05372839158990836,4.847263938870667e-13,0.05399440969897129,
SR_Pu_UN_G1_C5_P_D700.0m_Lw_35000.0cm_Epw40.0cm_w_steel.o,C5,P,700.0,35000.0,40.0,steel,2000,C5_H_2000,1.62103e-13,0.1383,3.34802e-14,0.0647,1.6319950578001166e-13,0.13735587345647063,1.5966668926392883e-13,0.13598660985241992,1.3494251442121882e-13,0.13271810666056086,
SR_Pu_UN_G1_C5_P_D1000.0m_Lw_50000.0cm_Epw40.0cm_w_steel.o,C5,P,1000.0,50000.0,40.0,steel,2000,C5_H_2000,1.86523e-14,0.3462,3.93755e-15,0.1085,1.8640325654138235e-14,0.34237535475300546,1.819280869705568e-14,0.33837703392325863,1.5301894435741658e-14,0.32871746485520476,
SR_Pu_UN_G1_C5_P_D1200.0m_Lw_60000.0cm_Epw40.0cm_w_steel.o,C5,P,1200.0,60000.0,40.0,steel,2000,C5_H_2000,4.21767e-15,0.182,1.03887e-15,0.1421,4.2400149362474675e-15,0.1842607331708063,4.164626455833039e-15,0.1850957038320813,3.548087556708964e-15,0.184736826459357,
SR_Pu_UN_G1_C5_P_D10.0m_Lw_500.0cm_Epw5.0cm_w_steel.o,C5,P,10.0,500.0,5.0,steel,2000,C5_H_2000,2.22647e-07,0.015,4.73627e-08,0.0285,2.2331878301098567e-07,0.01486291451701234,2.2069575968953562e-07,0.01468950220782322,1.901873249797111e-07,0.014510396279074987,
SR_Pu_UN_G1_C5_P_D20.0m_Lw_1000.0cm_Epw5.0cm_w_steel.o,C5,P,20.0,1000.0,5.0,steel,2000,C5_H_2000,5.33595e-08,0.0071,1.16612e-08,0.0121,5.3553775532141655e-08,0.0070684643567042104,5.28983951829512e-08,0.007053448369494994,4.556809662112037e-08,0.0070483653891427675,
SR_Pu_UN_G1_C5_P_D50.0m_Lw_2500.0cm_Epw5.0cm_w_steel.o,C5,P,50.0,2500.0,5.0,steel,2000,C5_H_2000,7.89221e-09,0.0307,1.76176e-09,0.0281,7.915467738622168e-09,0.03067959794967715,7.81775755773584e-09,0.03085075674215532,6.736373265290808e-09,0.031106611206228006,
SR_Pu_UN_G1_C5_P_D100.0m_Lw_5000.0cm_Epw5.0cm_w_steel.o,C5,P,100.0,5000.0,5.0,steel,2000,C5_H_2000,1.40256e-09,0.0593,3.86824e-10,0.0443,1.4091194461820249e-09,0.05925678695390341,1.3868683882356205e-09,0.05998544131808149,1.18852807494026e-09,0.06067707464475165,
SR_Pu_UN_G1_C5_P_D1000.0m_Lw_50000.0cm_Epw5.0cm_w_steel.o,C5,P,1000.0,50000.0,5.0,steel,2000,C5_H_2000,3.87946e-13,0.1695,1.21368e-13,0.0683,3.8995218435753037e-13,0.16877414150376419,3.820294161875478e-13,0.17034971816326103,3.260784570529408e-13,0.17280568787759878,
SR_Pu_UN_G1_C5_P_D1200.0m_Lw_60000.0cm_Epw5.0cm_w_steel.o,C5,P,1200.0,60000.0,5.0,steel,2000,C5_H_2000,1.58567e-13,0.3467,4.19006e-14,0.1023,1.5829235827113578e-13,0.346465213011065,1.552612224511707e-13,0.3477141972070428,1.328205472544261e-13,0.35198210309390504,
SR_Pu_UN_G1_C5_P_D2.0m_Lw_100.0cm_Epw5.0cm_w_steel.o,C5,P,2.0,100.0,5.0,steel,2000,C5_H_2000,4.70872e-06,0.0078,9.92135e-07,0.0134,4.724603053776763e-06,0.007766506113803071,4.670369201813405e-06,0.0076980924843581605,4.024444092787241e-06,0.0075833802645509105,
SR_Pu_UN_G1_C5_P_D300.0m_Lw_15000.0cm_Epw5.0cm_w_steel.o,C5,P,300.0,15000.0,5.0,steel,2000,C5_H_2000,9.67242e-11,0.1649,2.6024e-11,0.0808,9.728718063497908e-11,0.16531161615443551,9.581319929037925e-11,0.1675255026333533,8.232517969122768e-11,0.1708228635833474,
SR_Pu_UN_G1_C5_P_D5.0m_Lw_250.0cm_Epw5.0cm_w_steel.o,C5,P,5.0,250.0,5.0,steel,2000,C5_H_2000,8.80678e-07,0.0206,1.92686e-07,0.0472,8.841802047593724e-07,0.02068513249851673,8.735505399541617e-07,0.02033937088317793,7.524158369637402e-07,0.020008081570703457,
SR_Pu_UN_G1_C5_P_D1.0m_Lw_50.0cm_Epw5.0cm_w_steel.o,C5,P,1.0,50.0,5.0,steel,2000,C5_H_2000,1.442e-05,0.0059,3.05832e-06,0.0138,1.4474416680420693e-05,0.005739537586649188,1.4311097595315227e-05,0.005687748061284407,1.2337404835391502e-05,0.00567127182269264,
SR_Pu_UN_G1_C5_P_D1.0m_Lw_50.0cm_Epw1.0cm_w_steel.o,C5,P,1.0,50.0,1.0,steel,2000,C5_H_2000,3.64655e-05,0.004,8.68156e-06,0.013,3.6618910013908264e-05,0.00385627120663891,3.618200419680452e-05,0.0037348660251106235,3.120100684740314e-05,0.0036611441036497293,
SR_Pu_UN_G1_C5_P_D2.0m_Lw_100.0cm_Epw1.0cm_w_steel.o,C5,P,2.0,100.0,1.0,steel,2000,C5_H_2000,1.1722e-05,0.0033,2.86781e-06,0.0096,1.1774577137105116e-05,0.0033333754466523206,1.1626850668033725e-05,0.0032389009321553822,1.0021043538094002e-05,0.003165992356045794,
SR_Pu_UN_G1_C5_P_D5.0m_Lw_250.0cm_Epw1.0cm_w_steel.o,C5,P,5.0,250.0,1.0,steel,2000,C5_H_2000,2.27882e-06,0.0089,5.81927e-07,0.0242,2.2878178018046923e-06,0.00878795650254519,2.2576170237216672e-06,0.008579830523526484,1.9444263675790567e-06,0.00841432442268649,
SR_Pu_UN_G1_C5_P_D10.0m_Lw_500.0cm_Epw1.0cm_w_steel.o,C5,P,10.0,500.0,1.0,steel,2000,C5_H_2000,5.84308e-07,0.0138,1.48383e-07,0.0388,5.869126084086413e-07,0.013452364766931641,5.793363196917825e-07,0.013055713610711365,4.990269653612355e-07,0.01278753566959474,
SR_Pu_UN_G1_C5_P_D20.0m_Lw_1000.0cm_Epw1.0cm_w_steel.o,C5,P,20.0,1000.0,1.0,steel,2000,C5_H_2000,1.4475e-07,0.0075,3.65723e-08,0.0104,1.454039022948781e-07,0.007465558705746288,1.4355008410845479e-07,0.007478007363976678,1.2372560592130342e-07,0.007481077057399732,
SR_Pu_UN_G1_C5_P_D50.0m_Lw_2500.0cm_Epw1.0cm_w_steel.o,C5,P,50.0,2500.0,1.0,steel,2000,C5_H_2000,1.99356e-08,0.0274,5.52721e-09,0.0163,2.0012334027399714e-08,0.027372937499822135,1.9731874983600242e-08,0.027638842336266452,1.6979220375657038e-08,0.027929241434972395,
SR_Pu_UN_G1_C5_P_D100.0m_Lw_5000.0cm_Epw1.0cm_w_steel.o,C5,P,100.0,5000.0,1.0,steel,2000,C5_H_2000,3.56011e-09,0.0542,1.20705e-09,0.0274,3.576248406197554e-09,0.05417818556233656,3.5110766373952142e-09,0.054921822660119114,3.0059146507433676e-09,0.05580254735631693,
SR_Pu_UN_G1_C5_P_D200.0m_Lw_10000.0cm_Epw1.0cm_w_steel.o,C5,P,200.0,10000.0,1.0,steel,2000,C5_H_2000,7.28925e-10,0.1265,2.34579e-10,0.0485,7.339665383655621e-10,0.12672577188751388,7.21516341123471e-10,0.12807846630449898,6.170476120806065e-10,0.130088447294327,
SR_Pu_UN_G1_C5_P_D300.0m_Lw_15000.0cm_Epw1.0cm_w_steel.o,C5,P,300.0,15000.0,1.0,steel,2000,C5_H_2000,2.45467e-10,0.1506,7.39778e-11,0.0603,2.467665611000373e-10,0.1509821332090479,2.429330170473362e-10,0.15256955049853968,2.0841488394932496e-10,0.15506601494511363,
SR_Pu_UN_G1_C5_P_D500.0m_Lw_25000.0cm_Epw1.0cm_w_steel.o,C5,P,500.0,25000.0,1.0,steel,2000,C5_H_2000,3.00873e-11,0.146,1.08475e-11,0.0629,3.02670292087188e-11,0.14555831638960331,2.9775231780796485e-11,0.14820785616795265,2.5429450833098546e-11,0.15163180601312337,
SR_Pu_UN_G1_C5_P_D700.0m_Lw_35000.0cm_Epw1.0cm_w_steel.o,C5,P,700.0,35000.0,1.0,steel,2000,C5_H_2000,8.54112e-12,0.2292,2.42814e-12,0.0792,8.5639938271742e-12,0.23041769574059617,8.43291433752051e-12,0.23300820393749708,7.214655221151788e-12,0.23845693355828187,
SR_Pu_UN_G1_C5_P_D1000.0m_Lw_50000.0cm_Epw1.0cm_w_steel.o,C5,P,1000.0,50000.0,1.0,steel,2000,C5_H_2000,1.01738e-12,0.1768,3.12524e-13,0.0635,1.0203534978775018e-12,0.17791704302380126,1.0034970297058966e-12,0.17955871468785894,8.556932778560562e-13,0.18377949760843001,
SR_Pu_UN_G1_C5_P_D1200.0m_Lw_60000.0cm_Epw1.0cm_w_steel.o,C5,P,1200.0,60000.0,1.0,steel,2000,C5_H_2000,2.92488e-13,0.1636,9.5257e-14,0.0626,2.9374121065048404e-13,0.16538677007067137,2.8926903965256835e-13,0.16758987458981175,2.472472406769828e-13,0.17064858873818253,
SR_Pu_UN_G1_C5_P_D1.0m_Lw_50.0cm_Epw20.0cm_w_steel.o,C5,P,1.0,50.0,20.0,steel,2000,C5_H_2000,5.24951e-07,0.0108,9.5007e-08,0.0521,5.266851191164323e-07,0.010227352146887518,5.199624335377571e-07,0.009996044597531681,4.4686711832119347e-07,0.009867493092101422,
SR_Pu_UN_G1_C5_P_D2.0m_Lw_100.0cm_Epw20.0cm_w_steel.o,C5,P,2.0,100.0,20.0,steel,2000,C5_H_2000,1.97037e-07,0.0224,3.52721e-08,0.0397,1.9782791139686833e-07,0.022469611310512654,1.9521282417979477e-07,0.02233425653760327,1.676808363257603e-07,0.022168812394518397,
SR_Pu_UN_G1_C5_P_D5.0m_Lw_250.0cm_Epw20.0cm_w_steel.o,C5,P,5.0,250.0,20.0,steel,2000,C5_H_2000,4.08237e-08,0.0401,6.96683e-09,0.0495,4.094601667630515e-08,0.039849636808547036,4.041803570965024e-08,0.039847103521199044,3.474074170268419e-08,0.03987185382275706,
SR_Pu_UN_G1_C5_P_D10.0m_Lw_500.0cm_Epw20.0cm_w_steel.o,C5,P,10.0,500.0,20.0,steel,2000,C5_H_2000,1.07974e-08,0.0391,1.76325e-09,0.055,1.0830593092097105e-08,0.03898559250661722,1.0692260260434516e-08,0.038967086480529725,9.187865109475949e-09,0.038892253918658116,
SR_Pu_UN_G1_C5_P_D20.0m_Lw_1000.0cm_Epw20.0cm_w_steel.o,C5,P,20.0,1000.0,20.0,steel,2000,C5_H_2000,2.60353e-09,0.0476,4.89111e-10,0.1476,2.6161129577340743e-09,0.048041855044635776,2.57619678526871e-09,0.04761877109123682,2.2114329537434648e-09,0.0473098997143087,
SR_Pu_UN_G1_C5_P_D50.0m_Lw_2500.0cm_Epw20.0cm_w_steel.o,C5,P,50.0,2500.0,20.0,steel,2000,C5_H_2000,5.61797e-10,0.0666,1.17686e-10,0.2358,5.643388947356539e-10,0.06570145925574777,5.561978888262214e-10,0.06509491141936039,4.78129568581438e-10,0.06520973055475006,
SR_Pu_UN_G1_C5_P_D100.0m_Lw_5000.0cm_Epw20.0cm_w_steel.o,C5,P,100.0,5000.0,20.0,steel,2000,C5_H_2000,1.34556e-10,0.09,2.57368e-11,0.082,1.3518376237152838e-10,0.08977078707978166,1.3295261223629975e-10,0.08991975606194931,1.1361150029404987e-10,0.08956728054095596,
SR_Pu_UN_G1_C5_P_D200.0m_Lw_10000.0cm_Epw20.0cm_w_steel.o,C5,P,200.0,10000.0,20.0,steel,2000,C5_H_2000,2.83302e-11,0.0761,5.60282e-12,0.1062,2.8527617737141936e-11,0.07597397625682935,2.799179944763595e-11,0.07544801178515102,2.3875995325221307e-11,0.07450401218233234,
SR_Pu_UN_G1_C5_P_D300.0m_Lw_15000.0cm_Epw20.0cm_w_steel.o,C5,P,300.0,15000.0,20.0,steel,2000,C5_H_2000,9.03381e-12,0.0816,2.40565e-12,0.1263,9.082214864385648e-12,0.0815576546071865,8.923882207885549e-12,0.08162191473612908,7.629824455903287e-12,0.08131062422214927,
SR_Pu_UN_G1_C5_P_D500.0m_Lw_25000.0cm_Epw20.0cm_w_steel.o,C5,P,500.0,25000.0,20.0,steel,2000,C5_H_2000,4.18083e-12,0.4861,6.7341e-13,0.3442,4.171217332405562e-12,0.4840508737877249,4.1501884255583045e-12,0.4915720275539388,3.565721852747696e-12,0.49758178034130757,
SR_Pu_UN_G1_C5_P_D1200.0m_Lw_60000.0cm_Epw20.0cm_w_steel.o,C5,P,1200.0,60000.0,20.0,steel,2000,C5_H_2000,1.20844e-14,0.2756,3.00833e-15,0.1691,1.2133041345135361e-14,0.27257539613442944,1.190210624547567e-14,0.27362825138724045,1.0133836752910113e-14,0.27487808001733643,
SR_Pu_UN_G1_C5_P_D1.0m_Lw_50.0cm_Epw10.0cm_w_steel.o,C5,P,1.0,50.0,10.0,steel,2000,C5_H_2000,4.22748e-06,0.0053,8.36859e-07,0.0204,4.2416479658374365e-06,0.005164779952785394,4.196074709150052e-06,0.005031888432688295,3.619203402439065e-06,0.0049650216053554255,
SR_Pu_UN_G1_C5_P_D200.0m_Lw_10000.0cm_Epw5.0cm_w_steel.o,C5,P,200.0,10000.0,5.0,steel,2000,C5_H_2000,2.97159e-10,0.1245,7.646e-11,0.0635,2.9907180196799326e-10,0.1250718990667187,2.9505625925435153e-10,0.12645501313963162,2.534394245372454e-10,0.12856025303919758,
SR_Pu_UN_G1_C5_P_D500.0m_Lw_25000.0cm_Epw5.0cm_w_steel.o,C5,P,500.0,25000.0,5.0,steel,2000,C5_H_2000,1.80287e-11,0.2077,4.83217e-12,0.0968,1.8142897480864372e-11,0.20833088106713632,1.7965273571466158e-11,0.2117734592223069,1.5443260041535005e-11,0.21487880268617215,
SR_Pu_UN_G1_C5_P_D700.0m_Lw_35000.0cm_Epw20.0cm_w_steel.o,C5,P,700.0,35000.0,20.0,steel,2000,C5_H_2000,3.35765e-13,0.0936,1.02405e-13,0.1075,3.3632119367828243e-13,0.09243816850312135,3.2970627117395427e-13,0.09254129287212404,2.8031978630757077e-13,0.09275101145797363,
SR_Pu_UN_G1_C5_P_D1000.0m_Lw_50000.0cm_Epw20.0cm_w_steel.o,C5,P,1000.0,50000.0,20.0,steel,2000,C5_H_2000,5.06528e-14,0.3224,1.58017e-14,0.1517,5.07653385803892e-14,0.32005241440220955,4.9914714553437474e-14,0.32578771420418395,4.2715536591607115e-14,0.3331751543857228,
SR_Pu_UN_G1_C5_P_D700.0m_Lw_35000.0cm_Epw5.0cm_w_steel.o,C5,P,700.0,35000.0,5.0,steel,2000,C5_H_2000,4.54041e-12,0.3047,1.07757e-12,0.114,4.509196628471653e-12,0.30106059934444845,4.443656411173826e-12,0.30376594502481513,3.8223060807172545e-12,0.3092385371180219,
SR_Pu_UN_G1_C1_N_D2.0m_Lw_100.0cm_Epw1.0cm_w_concrete.o,C1,N,2.0,100.0,1.0,concrete,0,C1_H_0,5.07557e-05,0.0105,2.00128e-06,0.024,4.82357738414356e-05,0.010261878394814575,0.0005859806104517784,0.012137396420240894,0.0004947267768369612,0.009696258738815853,-4.9648141165709445
SR_Pu_UN_G1_C1_N_D5.0m_Lw_250.0cm_Epw1.0cm_w_concrete.o,C1,N,5.0,250.0,1.0,concrete,0,C1_H_0,8.96572e-06,0.0275,3.57319e-07,0.0313,8.53132104960271e-06,0.027006531748135266,0.00010411487618229267,0.03158531802592986,8.769493792143017e-05,0.02899801570837005,-4.845109488109033
SR_Pu_UN_G1_C1_N_D10.0m_Lw_500.0cm_Epw1.0cm_w_concrete.o,C1,N,10.0,500.0,1.0,concrete,0,C1_H_0,2.20547e-06,0.0205,9.12914e-08,0.0414,2.0964373184263638e-06,0.020294774509269774,2.5245785441545096e-05,0.021702186899051495,2.144829034509095e-05,0.020601082947412856,-4.94373904762414
SR_Pu_UN_G1_C1_N_D20.0m_Lw_1000.0cm_Epw1.0cm_w_concrete.o,C1,N,20.0,1000.0,1.0,concrete,0,C1_H_0,5.53314e-07,0.0129,2.62509e-08,0.0159,5.268183803395965e-07,0.012891744635699665,6.334142283076815e-06,0.013406386548216421,5.260755686594708e-06,0.01340854672971458,-4.788532309033116
SR_Pu_UN_G1_C1_N_D50.0m_Lw_2500.0cm_Epw1.0cm_w_concrete.o,C1,N,50.0,2500.0,1.0,concrete,0,C1_H_0,9.56901e-08,0.0225,5.58502e-09,0.0159,9.125750584833596e-08,0.022489119381249638,1.0778603023890366e-06,0.02143300828915849,8.761304081795814e-07,0.024375453133608692,-4.632239021240479
SR_Pu_UN_G1_C1_N_D100.0m_Lw_5000.0cm_Epw1.0cm_w_concrete.o,C1,N,100.0,5000.0,1.0,concrete,0,C1_H_0,2.26244e-08,0.0384,1.67887e-09,0.0222,2.1624779256700927e-08,0.03853901326178194,2.518005149518463e-07,0.03731555694143006,1.9608398522209947e-07,0.04421651865991578,-4.41833040124411
SR_Pu_UN_G1_C1_N_D200.0m_Lw_10000.0cm_Epw1.0cm_w_concrete.o,C1,N,200.0,10000.0,1.0,concrete,0,C1_H_0,4.60295e-09,0.0563,4.10289e-10,0.0281,4.394443457495582e-09,0.056892217923981483,5.094315034784828e-08,0.05863680610962403,3.780926370863054e-08,0.06890775650439479,-4.529845914129373
SR_Pu_UN_G1_C1_N_D300.0m_Lw_15000.0cm_Epw1.0cm_w_concrete.o,C1,N,300.0,15000.0,1.0,concrete,0,C1_H_0,1.49739e-09,0.0942,1.34566e-10,0.029,1.4303627177893848e-09,0.09312080749156582,1.583745393650629e-08,0.07229255535372744,1.189507096105377e-08,0.10496968941147525,-4.476274197811871
SR_Pu_UN_G1_C1_N_D500.0m_Lw_25000.0cm_Epw1.0cm_w_concrete.o,C1,N,500.0,25000.0,1.0,concrete,0,C1_H_0,2.61976e-10,0.162,2.33802e-11,0.0383,2.4968842715441487e-10,0.15925522273084636,2.7108824470820302e-09,0.11875262468741743,2.088651025755526e-09,0.17540384257063277,-4.6903429495774835
SR_Pu_UN_G1_C1_N_D700.0m_Lw_35000.0cm_Epw1.0cm_w_concrete.o,C1,N,700.0,35000.0,1.0,concrete,0,C1_H_0,5.27314e-11,0.1968,4.92186e-12,0.0405,5.026521426710256e-11,0.19300357716735267,5.211003465857772e-10,0.13877135606194113,4.003003197508646e-10,0.21644030565295566,-4.6768827167445615
SR_Pu_UN_G1_C1_N_D1000.0m_Lw_50000.0cm_Epw1.0cm_w_concrete.o,C1,N,1000.0,50000.0,1.0,concrete,0,C1_H_0,4.9163e-12,0.1605,5.19861e-13,0.0314,4.6931291955331824e-12,0.15719347836666409,4.799811759854594e-11,0.11583308937412347,3.585781888860366e-11,0.18472072873977785,-4.539405741448193
SR_Pu_UN_G1_C1_N_D1200.0m_Lw_60000.0cm_Epw1.0cm_w_concrete.o,C1,N,1200.0,60000.0,1.0,concrete,0,C1_H_0,1.38464e-12,0.1934,1.37985e-13,0.0727,1.3103960085955842e-12,0.18293112834316536,1.5398907023511328e-11,0.25011204135098086,1.0824238495366517e-11,0.24353788668046256,-5.361970721950533
SR_Pu_UN_G1_C1_N_D1.0m_Lw_50.0cm_Epw5.0cm_w_concrete.o,C1,N,1.0,50.0,5.0,concrete,0,C1_H_0,0.000143343,0.0078,5.8891e-06,0.0128,0.00013645695922596265,0.007635258665346478,0.001651084548767398,0.009120914364384959,0.0013898332194427227,0.007486943130174304,-4.803890510200958
SR_Pu_UN_G1_C1_N_D2.0m_Lw_100.0cm_Epw5.0cm_w_concrete.o,C1,N,2.0,100.0,5.0,concrete,0,C1_H_0,4.06008e-05,0.0114,1.81077e-06,0.0168,3.8684958521480955e-05,0.011326975780392979,0.0004643970263720873,0.012626521966710717,0.00039032297346946294,0.011741987651770473,-4.718728395792803
SR_Pu_UN_G1_C1_N_D5.0m_Lw_250.0cm_Epw5.0cm_w_concrete.o,C1,N,5.0,250.0,5.0,concrete,0,C1_H_0,7.02874e-06,0.022,3.31531e-07,0.0292,6.699143395475524e-06,0.022103283988142697,7.981165094668651e-05,0.024049136378465424,6.71881238260669e-05,0.023610429044352964,-4.689270118463283
SR_Pu_UN_G1_C1_N_D10.0m_Lw_500.0cm_Epw5.0cm_w_concrete.o,C1,N,10.0,500.0,5.0,concrete,0,C1_H_0,1.7666e-06,0.0232,9.30055e-08,0.0351,1.6847537710542733e-06,0.02316130008687175,2.009347637262735e-05,0.027322961364241078,1.659602514868643e-05,0.023821315970514758,-4.632980241465339
SR_Pu_UN_G1_C1_N_D20.0m_Lw_1000.0cm_Epw5.0cm_w_concrete.o,C1,N,20.0,1000.0,5.0,concrete,0,C1_H_0,4.33535e-07,0.0108,2.63445e-08,0.0133,4.1363416383206417e-07,0.010715864162544468,4.835957432707117e-06,0.011339438636086992,3.956885006555312e-06,0.011491639889518733,-4.590364369182614
SR_Pu_UN_G1_C1_N_D50.0m_Lw_2500.0cm_Epw5.0cm_w_concrete.o,C1,N,50.0,2500.0,5.0,concrete,0,C1_H_0,6.90711e-08,0.019,5.00242e-09,0.0142,6.597192472495334e-08,0.019096816917086243,7.557463830536414e-07,0.01851918958533031,6.055553276665046e-07,0.021719158618930586,-4.486934875869452
SR_Pu_UN_G1_C1_N_D100.0m_Lw_5000.0cm_Epw5.0cm_w_concrete.o,C1,N,100.0,5000.0,5.0,concrete,0,C1_H_0,1.62508e-08,0.035,1.34865e-09,0.0219,1.552900968883772e-08,0.034980421417660855,1.747531169383369e-07,0.033955810401645185,1.3648941591022938e-07,0.04087111144857506,-4.441567868426654
SR_Pu_UN_G1_C1_N_D200.0m_Lw_10000.0cm_Epw5.0cm_w_concrete.o,C1,N,200.0,10000.0,5.0,concrete,0,C1_H_0,3.32436e-09,0.068,3.02493e-10,0.0287,3.1710630295505118e-09,0.06747630300616829,3.534728798525578e-08,0.058854176205285755,2.6467470188870314e-08,0.07777138260241652,-4.611322794447296
SR_Pu_UN_G1_C1_N_D300.0m_Lw_15000.0cm_Epw5.0cm_w_concrete.o,C1,N,300.0,15000.0,5.0,concrete,0,C1_H_0,9.92478e-10,0.0564,9.11189e-11,0.0292,9.478405493181317e-10,0.056072657368410696,1.0698771434740524e-08,0.05934519738949026,8.102741296107775e-09,0.06997886894128284,-4.497575833607225
SR_Pu_UN_G1_C1_N_D500.0m_Lw_25000.0cm_Epw5.0cm_w_concrete.o,C1,N,500.0,25000.0,5.0,concrete,0,C1_H_0,1.26526e-10,0.0477,1.36497e-11,0.027,1.209444984613547e-10,0.04716770377667623,1.3688800478631712e-09,0.054090030375772945,9.703360855435334e-10,0.06307402303319437,-4.411347500628553
SR_Pu_UN_G1_C1_N_D700.0m_Lw_35000.0cm_Epw5.0cm_w_concrete.o,C1,N,700.0,35000.0,5.0,concrete,0,C1_H_0,2.77516e-11,0.0634,2.83047e-12,0.0276,2.6625519817039515e-11,0.06304523500003556,2.984929718642955e-10,0.06478263677196508,2.1549366344279397e-10,0.07913222748386636,-4.057712647056334
SR_Pu_UN_G1_C1_N_D1000.0m_Lw_50000.0cm_Epw5.0cm_w_concrete.o,C1,N,1000.0,50000.0,5.0,concrete,0,C1_H_0,3.93951e-12,0.316,3.26472e-13,0.0686,3.751767491356169e-12,0.29841727147609437,3.762727067190424e-11,0.21825594164596357,3.07154168659071e-11,0.3239215431643859,-4.765630970446351
SR_Pu_UN_G1_C1_N_D1200.0m_Lw_60000.0cm_Epw5.0cm_w_concrete.o,C1,N,1200.0,60000.0,5.0,concrete,0,C1_H_0,1.09076e-12,0.2778,8.57786e-14,0.1071,1.026559063514223e-12,0.26912954134540207,1.175191713644907e-11,0.3039659068477492,8.865653535355327e-12,0.3147205142014045,-5.885890249530328
SR_Pu_UN_G1_C1_N_D1.0m_Lw_50.0cm_Epw10.0cm_w_concrete.o,C1,N,1.0,50.0,10.0,concrete,0,C1_H_0,0.000101341,0.0064,5.03156e-06,0.0105,9.673139047701142e-05,0.006145847148303609,0.0011294000527530476,0.007081148981935797,0.0009602228992757407,0.006419545564693221,-4.548612627651772
SR_Pu_UN_G1_C1_N_D2.0m_Lw_100.0cm_Epw10.0cm_w_concrete.o,C1,N,2.0,100.0,10.0,concrete,0,C1_H_0,2.94955e-05,0.0137,1.58294e-06,0.0195,2.8170732278445475e-05,0.013492131220654152,0.0003282130411833922,0.014830674509217486,0.00027586237028362216,0.014260968645390296,-4.491423171516076
SR_Pu_UN_G1_C1_N_D5.0m_Lw_250.0cm_Epw10.0cm_w_concrete.o,C1,N,5.0,250.0,10.0,concrete,0,C1_H_0,4.91895e-06,0.0179,2.93834e-07,0.0263,4.6984849960775766e-06,0.017713385712905125,5.3779139413774336e-05,0.019537381871521903,4.510599085651864e-05,0.018907915803540277,-4.481952528942624
SR_Pu_UN_G1_C1_N_D10.0m_Lw_500.0cm_Epw10.0cm_w_concrete.o,C1,N,10.0,500.0,10.0,concrete,0,C1_H_0,1.20105e-06,0.0183,7.81286e-08,0.028,1.1471906314810095e-06,0.018205204754279728,1.3032565138205438e-05,0.02033113346322556,1.0810861450870773e-05,0.019430803107794506,-4.484356897630444
SR_Pu_UN_G1_C1_N_D20.0m_Lw_1000.0cm_Epw10.0cm_w_concrete.o,C1,N,20.0,1000.0,10.0,concrete,0,C1_H_0,2.85854e-07,0.0098,2.08883e-08,0.0129,2.7350638498966634e-07,0.00970761360062154,3.058218044099295e-06,0.010684971428819627,2.5152267460539614e-06,0.010755841449345698,-4.319552992203589
SR_Pu_UN_G1_C1_N_D50.0m_Lw_2500.0cm_Epw10.0cm_w_concrete.o,C1,N,50.0,2500.0,10.0,concrete,0,C1_H_0,4.50704e-08,0.0193,3.83953e-09,0.0143,4.31946287275913e-08,0.019415441655690584,4.7139065469525844e-07,0.019114156122383277,3.784700073863676e-07,0.022718519888478658,-4.1618695915916
SR_Pu_UN_G1_C1_N_D300.0m_Lw_15000.0cm_Epw10.0cm_w_concrete.o,C1,N,300.0,15000.0,10.0,concrete,0,C1_H_0,6.04691e-10,0.0731,5.35649e-11,0.0289,5.79334750544606e-10,0.07272080157047472,6.218925621291077e-09,0.06142955853688543,4.906091923301486e-09,0.08167575446027445,-4.193257292632775
SR_Pu_UN_G1_C1_N_D500.0m_Lw_25000.0cm_Epw10.0cm_w_concrete.o,C1,N,500.0,25000.0,10.0,concrete,0,C1_H_0,8.81056e-11,0.0699,7.99594e-12,0.0308,8.423333256962449e-11,0.06977298148261707,9.439103738774032e-10,0.0753968854996041,7.207262793285903e-10,0.08557348431700916,-4.395029862319208
SR_Pu_UN_G1_C1_N_D700.0m_Lw_35000.0cm_Epw10.0cm_w_concrete.o,C1,N,700.0,35000.0,10.0,concrete,0,C1_H_0,1.49273e-11,0.0629,1.49768e-12,0.0299,1.4277749961112166e-11,0.06265870462795003,1.6300585339396e-10,0.07327849698645975,1.176731746655561e-10,0.08083616831602536,-4.351423491775692
SR_Pu_UN_G1_C1_N_D1000.0m_Lw_50000.0cm_Epw10.0cm_w_concrete.o,C1,N,1000.0,50000.0,10.0,concrete,0,C1_H_0,2.15861e-12,0.1717,1.70353e-13,0.0424,2.0559173309379068e-12,0.168382355389041,2.108793106483007e-11,0.12435346432065846,1.7231092451294263e-11,0.1819400096691511,-4.757351678260225
SR_Pu_UN_G1_C1_N_D1200.0m_Lw_60000.0cm_Epw10.0cm_w_concrete.o,C1,N,1200.0,60000.0,10.0,concrete,0,C1_H_0,3.67462e-13,0.0393,4.12563e-14,0.0215,3.529572896974319e-13,0.03942197507811453,3.8459380704904465e-12,0.043116145599300035,2.756086345409299e-12,0.05418732050266988,-3.9472680991689284
SR_Pu_UN_G1_C1_N_D1.0m_Lw_50.0cm_Epw20.0cm_w_concrete.o,C1,N,1.0,50.0,20.0,concrete,0,C1_H_0,4.76902e-05,0.006,3.32871e-06,0.01,4.568385660644018e-05,0.005700737123605839,0.0004982256303621342,0.006562788910950119,0.00042625291144471854,0.006453476158761684,-4.2070349748162466
SR_Pu_UN_G1_C1_N_D2.0m_Lw_100.0cm_Epw20.0cm_w_concrete.o,C1,N,2.0,100.0,20.0,concrete,0,C1_H_0,1.3146e-05,0.0122,9.74552e-07,0.0183,1.2589979462170537e-05,0.011828487996703715,0.00013567933134195755,0.013001112673855331,0.00011582806253139979,0.01322168410762525,-4.229579627487165
SR_Pu_UN_G1_C1_N_D5.0m_Lw_250.0cm_Epw20.0cm_w_concrete.o,C1,N,5.0,250.0,20.0,concrete,0,C1_H_0,2.08737e-06,0.016,1.62461e-07,0.0224,2.00027266775745e-06,0.0158078564918828,2.1315413511604917e-05,0.017452540157264995,1.8170177410025256e-05,0.017750325465107637,-4.172587142794523
SR_Pu_UN_G1_C1_N_D10.0m_Lw_500.0cm_Epw20.0cm_w_concrete.o,C1,N,10.0,500.0,20.0,concrete,0,C1_H_0,4.84655e-07,0.0151,4.22542e-08,0.023,4.6450400278797227e-07,0.014916126595090841,4.8503102229461205e-06,0.016426608589324022,4.085569985319042e-06,0.01675809075668309,-4.157802398000174
SR_Pu_UN_G1_C1_N_D20.0m_Lw_1000.0cm_Epw20.0cm_w_concrete.o,C1,N,20.0,1000.0,20.0,concrete,0,C1_H_0,1.191e-07,0.0091,1.10277e-08,0.0146,1.1408134979617194e-07,0.008739691721139763,1.187618095434046e-06,0.009606936212889982,9.860572268150776e-07,0.010054050150860168,-4.213812093894259
SR_Pu_UN_G1_C1_N_D50.0m_Lw_2500.0cm_Epw20.0cm_w_concrete.o,C1,N,50.0,2500.0,20.0,concrete,0,C1_H_0,1.82951e-08,0.0181,1.92998e-09,0.0347,1.7524252750144805e-08,0.015892383429865875,1.7806804745761804e-07,0.016144551772236424,1.4435117281187423e-07,0.018768348949079302,-4.213408234200394
SR_Pu_UN_G1_C1_N_D100.0m_Lw_5000.0cm_Epw20.0cm_w_concrete.o,C1,N,100.0,5000.0,20.0,concrete,0,C1_H_0,3.76552e-09,0.0278,3.85494e-10,0.02,3.6048129304190333e-09,0.027508787266288106,3.754585595272281e-08,0.029118280125554036,2.9985247422932996e-08,0.03445340716177757,-4.267858611319721
SR_Pu_UN_G1_C1_N_D200.0m_Lw_10000.0cm_Epw20.0cm_w_concrete.o,C1,N,200.0,10000.0,20.0,concrete,0,C1_H_0,6.087e-10,0.0358,5.99967e-11,0.0252,5.824355369487037e-10,0.0356509093280087,6.2598510328608185e-09,0.03816414239756276,4.897607582136972e-09,0.044360220098432504,-4.31484525238973
SR_Pu_UN_G1_C1_N_D300.0m_Lw_15000.0cm_Epw20.0cm_w_concrete.o,C1,N,300.0,15000.0,20.0,concrete,0,C1_H_0,1.81035e-10,0.0529,1.70969e-11,0.0324,1.7334558294734938e-10,0.05285999684531909,1.882448834388951e-09,0.05350888588110079,1.4761795018869611e-09,0.06594558738818843,-4.247475379153553
SR_Pu_UN_G1_C1_N_D500.0m_Lw_25000.0cm_Epw20.0cm_w_concrete.o,C1,N,500.0,25000.0,20.0,concrete,0,C1_H_0,3.02953e-11,0.1385,2.41891e-12,0.0382,2.8886238770407565e-11,0.13603986680225863,3.171541968376218e-10,0.09979414060339592,2.537514335287863e-10,0.14145162547901144,-4.651088550344236
SR_Pu_UN_G1_C1_N_D700.0m_Lw_35000.0cm_Epw20.0cm_w_concrete.o,C1,N,700.0,35000.0,20.0,concrete,0,C1_H_0,5.77048e-12,0.1087,4.80191e-13,0.0318,5.5055734322704906e-12,0.1068335315937011,6.033271873775075e-11,0.07778585545160811,4.685423591904562e-11,0.11379759058277077,-4.590719796784831
SR_Pu_UN_G1_C1_N_D1000.0m_Lw_50000.0cm_Epw20.0cm_w_concrete.o,C1,N,1000.0,50000.0,20.0,concrete,0,C1_H_0,8.38387e-13,0.3755,5.62708e-14,0.0952,7.956778231603959e-13,0.36975953048831073,7.823053425985666e-12,0.2717114423910712,6.743050206299714e-12,0.3864528404196718,-5.094207906325372
SR_Pu_UN_G1_C1_N_D1200.0m_Lw_60000.0cm_Epw20.0cm_w_concrete.o,C1,N,1200.0,60000.0,20.0,concrete,0,C1_H_0,1.6408e-13,0.1222,1.39712e-14,0.0307,1.5706393319337963e-13,0.1200553680138818,1.6978966025275198e-12,0.08612978644397101,1.328560672361511e-12,0.12832502267194681,-4.276003660787644
SR_Pu_UN_G1_C1_N_D1.0m_Lw_50.0cm_Epw40.0cm_w_concrete.o,C1,N,1.0,50.0,40.0,concrete,0,C1_H_0,9.48875e-06,0.0074,8.91502e-07,0.0225,9.105095282333749e-06,0.004898726428943652,9.246283546318518e-05,0.005245277371758923,7.90312597207978e-05,0.004371820615317982,-4.043258781886454
SR_Pu_UN_G1_C1_N_D2.0m_Lw_100.0cm_Epw40.0cm_w_concrete.o,C1,N,2.0,100.0,40.0,concrete,0,C1_H_0,2.32854e-06,0.0131,2.18404e-07,0.0376,2.2347778685550407e-06,0.009481705688849993,2.2591276034615434e-05,0.009671067703514453,1.9429013584425414e-05,0.010017035991014762,-4.026648949339902
SR_Pu_UN_G1_C1_N_D5.0m_Lw_250.0cm_Epw40.0cm_w_concrete.o,C1,N,5.0,250.0,40.0,concrete,0,C1_H_0,5.39689e-07,0.3675,9.96964e-08,0.7031,5.159476945201822e-07,0.16970551595543923,4.169604122468009e-06,0.09136808835434236,3.2239981251545876e-06,0.048416512429803,-4.399071591197485
SR_Pu_UN_G1_C1_N_D10.0m_Lw_500.0cm_Epw40.0cm_w_concrete.o,C1,N,10.0,500.0,40.0,concrete,0,C1_H_0,7.81502e-08,0.0234,7.97375e-09,0.0699,7.496324023128524e-08,0.015402494495640111,7.510047558826348e-07,0.014813961216544536,6.339470052211164e-07,0.015350217675320308,-4.0779931064984725
SR_Pu_UN_G1_C1_N_D20.0m_Lw_1000.0cm_Epw40.0cm_w_concrete.o,C1,N,20.0,1000.0,40.0,concrete,0,C1_H_0,1.82519e-08,0.0401,1.97448e-09,0.1296,1.75091563748706e-08,0.019454225917302406,1.7219770586710274e-07,0.011177680863051702,1.4484013270135206e-07,0.009440139541615638,-4.069404418879144
SR_Pu_UN_G1_C1_N_D50.0m_Lw_2500.0cm_Epw40.0cm_w_concrete.o,C1,N,50.0,2500.0,40.0,concrete,0,C1_H_0,2.53977e-09,0.0131,2.62549e-10,0.0152,2.437979634506397e-09,0.012832681963241041,2.450735339011907e-08,0.013652677642553995,2.0479461554385554e-08,0.015923626509049472,-4.007857620713799
SR_Pu_UN_G1_C1_N_D100.0m_Lw_5000.0cm_Epw40.0cm_w_concrete.o,C1,N,100.0,5000.0,40.0,concrete,0,C1_H_0,5.30914e-10,0.0236,5.24842e-11,0.0208,5.094601543435451e-10,0.022978816990252303,5.238779239116993e-09,0.021750049266912493,4.327700785819971e-09,0.0264583293179664,-4.040926714393462
SR_Pu_UN_G1_C1_N_D200.0m_Lw_10000.0cm_Epw40.0cm_w_concrete.o,C1,N,200.0,10000.0,40.0,concrete,0,C1_H_0,8.29784e-11,0.0311,7.15858e-12,0.0258,7.942480282182944e-11,0.030848241048191564,8.714574100809267e-10,0.032802233844142964,7.030823371191782e-10,0.036777570181995574,-4.282556880068259
SR_Pu_UN_G1_C1_N_D300.0m_Lw_15000.0cm_Epw40.0cm_w_concrete.o,C1,N,300.0,15000.0,40.0,concrete,0,C1_H_0,2.4502e-11,0.0598,1.95584e-12,0.0245,2.3479056126024715e-11,0.05893159953628801,2.614900673378858e-10,0.04789466608275265,2.100252827062297e-10,0.06298073750325624,-4.174940306812854
SR_Pu_UN_G1_C1_N_D500.0m_Lw_25000.0cm_Epw40.0cm_w_concrete.o,C1,N,500.0,25000.0,40.0,concrete,0,C1_H_0,3.61653e-12,0.0508,2.76746e-13,0.0234,3.4688608249048115e-12,0.05056215891775314,3.9713663555402667e-11,0.047216150863986006,3.167439832860419e-11,0.05802189137844588,-4.083172961241539
SR_Pu_UN_G1_C1_N_D700.0m_Lw_35000.0cm_Epw40.0cm_w_concrete.o,C1,N,700.0,35000.0,40.0,concrete,0,C1_H_0,7.9097e-13,0.1866,5.74087e-14,0.0465,7.529504784302416e-13,0.1829415039795441,8.238857072344762e-12,0.12358633801255159,6.652670947323638e-12,0.18491117835382745,-4.806695774777607
SR_Pu_UN_G1_C1_N_D1000.0m_Lw_50000.0cm_Epw40.0cm_w_concrete.o,C1,N,1000.0,50000.0,40.0,concrete,0,C1_H_0,8.22023e-14,0.0764,6.86326e-15,0.0224,7.865361439287107e-14,0.07466340320677305,8.726095665297674e-13,0.055201045397839134,6.803462344689773e-13,0.08020504883571979,-4.3170149827059845
SR_Pu_UN_G1_C1_N_D1.0m_Lw_50.0cm_Epw1.0cm_w_concrete.o,C1,N,1.0,50.0,1.0,concrete,0,C1_H_0,0.000172924,0.0062,6.2224e-06,0.0176,0.00016447235924140722,0.0060773603045683475,0.0019968901439826998,0.007321588141826503,0.0017033860794955435,0.005536106009293082,-4.887488583766731
SR_Pu_UN_G1_C1_N_D100.0m_Lw_5000.0cm_Epw10.0cm_w_concrete.o,C1,N,100.0,5000.0,10.0,concrete,0,C1_H_0,1.03198e-08,0.0316,9.81346e-10,0.0212,9.87428740895468e-09,0.03155868854762842,1.069032331750281e-07,0.03194398446999101,8.334146752243852e-08,0.038247768706150855,-4.317066135441768
SR_Pu_UN_G1_C1_N_D200.0m_Lw_10000.0cm_Epw10.0cm_w_concrete.o,C1,N,200.0,10000.0,10.0,concrete,0,C1_H_0,1.76889e-09,0.0488,1.76008e-10,0.0266,1.6970537596061382e-09,0.048406036796845846,1.8203937788326707e-08,0.05178031728271575,1.4016524013544038e-08,0.0601719670553929,-4.061091441178472
SR_Pu_UN_G1_C1_N_D1200.0m_Lw_60000.0cm_Epw40.0cm_w_concrete.o,C1,N,1200.0,60000.0,40.0,concrete,0,C1_H_0,1.94971e-14,0.0342,1.75583e-15,0.0173,1.868403945784958e-14,0.03444697293558751,2.1451068254609567e-13,0.03465326032074865,1.6092793657432072e-13,0.04298341528678873,-4.1701614196491885
SR_Pu_UN_G1_C1_P_D2.0m_Lw_100.0cm_Epw1.0cm_w_concrete.o,C1,P,2.0,100.0,1.0,concrete,0,C1_H_0,3.16763e-06,0.0035,6.23346e-07,0.0077,3.173018238795168e-06,0.0034804524274195175,3.1437481559644325e-06,0.0034351766498264755,2.720125501710182e-06,0.0033898709042082973,
SR_Pu_UN_G1_C1_P_D5.0m_Lw_250.0cm_Epw1.0cm_w_concrete.o,C1,P,5.0,250.0,1.0,concrete,0,C1_H_0,5.38444e-07,0.0043,1.11576e-07,0.0105,5.393738953693436e-07,0.004351026007537372,5.340854477191514e-07,0.0042908113655026475,4.617257948210854e-07,0.0042459279853347045,
SR_Pu_UN_G1_C1_P_D10.0m_Lw_500.0cm_Epw1.0cm_w_concrete.o,C1,P,10.0,500.0,1.0,concrete,0,C1_H_0,1.3171e-07,0.0043,2.76062e-08,0.0082,1.3194779532557258e-07,0.0043419701140511874,1.3066197766965237e-07,0.004327252462369733,1.129702002525615e-07,0.004323534132963058,
SR_Pu_UN_G1_C1_P_D20.0m_Lw_1000.0cm_Epw1.0cm_w_concrete.o,C1,P,20.0,1000.0,1.0,concrete,0,C1_H_0,3.32969e-08,0.0087,7.17397e-09,0.0152,3.337186279865582e-08,0.008659509303733676,3.3018902784290445e-08,0.008660330750916883,2.852383942128352e-08,0.008672379642667262,
SR_Pu_UN_G1_C1_P_D50.0m_Lw_2500.0cm_Epw1.0cm_w_concrete.o,C1,P,50.0,2500.0,1.0,concrete,0,C1_H_0,5.96226e-09,0.0424,1.44442e-09,0.029,5.98328109316107e-09,0.04150387936635973,5.900418691599426e-09,0.04181383465445841,5.07910736143072e-09,0.042250506858140004,
SR_Pu_UN_G1_C1_P_D100.0m_Lw_5000.0cm_Epw1.0cm_w_concrete.o,C1,P,100.0,5000.0,1.0,concrete,0,C1_H_0,1.56663e-09,0.0614,4.20798e-10,0.0391,1.5773296915693416e-09,0.061345770769886614,1.5522648027937234e-09,0.06180813833360487,1.3286313085956376e-09,0.06213456839132355,
SR_Pu_UN_G1_C1_P_D200.0m_Lw_10000.0cm_Epw1.0cm_w_concrete.o,C1,P,200.0,10000.0,1.0,concrete,0,C1_H_0,4.6231e-10,0.1071,1.12721e-10,0.0539,4.6294965077469474e-10,0.10545894569416948,4.5627269736801557e-10,0.10656972530767823,3.9147079809234153e-10,0.10852152553527267,
SR_Pu_UN_G1_C1_P_D300.0m_Lw_15000.0cm_Epw1.0cm_w_concrete.o,C1,P,300.0,15000.0,1.0,concrete,0,C1_H_0,1.39473e-10,0.0994,3.64424e-11,0.0466,1.4002256204767542e-10,0.09832353589973676,1.3755124117089525e-10,0.09886076109333351,1.1746842337288613e-10,0.09941149780926604,
SR_Pu_UN_G1_C1_P_D500.0m_Lw_25000.0cm_Epw1.0cm_w_concrete.o,C1,P,500.0,25000.0,1.0,concrete,0,C1_H_0,2.60254e-11,0.0573,7.16709e-12,0.0437,2.620900119139438e-11,0.05741868649023809,2.5770577993020485e-11,0.05801317615878932,2.1972336712556503e-11,0.05873563797242053,
SR_Pu_UN_G1_C1_P_D700.0m_Lw_35000.0cm_Epw1.0cm_w_concrete.o,C1,P,700.0,35000.0,1.0,concrete,0,C1_H_0,7.18471e-12,0.0953,1.74995e-12,0.041,7.235663572090202e-12,0.09613679565441632,7.088570806803448e-12,0.09560745100130966,6.01113403717343e-12,0.09373872810052096,
SR_Pu_UN_G1_C1_P_D1000.0m_Lw_50000.0cm_Epw1.0cm_w_concrete.o,C1,P,1000.0,50000.0,1.0,concrete,0,C1_H_0,1.20762e-12,0.2787,2.97531e-13,0.1108,1.2107900748442564e-12,0.2751877818898286,1.1943535470552191e-12,0.2785838905837582,1.0253053791827633e-12,0.2845809554484326,
SR_Pu_UN_G1_C1_P_D1200.0m_Lw_60000.0cm_Epw1.0cm_w_concrete.o,C1,P,1200.0,60000.0,1.0,concrete,0,C1_H_0,5.08995e-13,0.1942,1.03242e-13,0.087,5.098924238125987e-13,0.19382470186739728,5.02402256519485e-13,0.1941789305601872,4.3076049888466535e-13,0.19593543925831486,
SR_Pu_UN_G1_C1_P_D1.0m_Lw_50.0cm_Epw5.0cm_w_concrete.o,C1,P,1.0,50.0,5.0,concrete,0,C1_H_0,8.98632e-06,0.0031,1.94829e-06,0.0063,8.99637280809012e-06,0.002943523420348133,8.905066194719833e-06,0.002918737160658956,7.70033084564055e-06,0.0029083268002085354,
SR_Pu_UN_G1_C1_P_D2.0m_Lw_100.0cm_Epw5.0cm_w_concrete.o,C1,P,2.0,100.0,5.0,concrete,0,C1_H_0,2.79331e-06,0.004,6.16393e-07,0.009,2.797869303198861e-06,0.0039445732529072314,2.7669020170120666e-06,0.003919635237236182,2.3900469527092707e-06,0.003887845414660028,
SR_Pu_UN_G1_C1_P_D5.0m_Lw_250.0cm_Epw5.0cm_w_concrete.o,C1,P,5.0,250.0,5.0,concrete,0,C1_H_0,4.93251e-07,0.0042,1.10896e-07,0.0086,4.941178408825436e-07,0.0041908895221815234,4.884254963420977e-07,0.0041699510430708514,4.2166335392770047e-07,0.004151875974529385,
SR_Pu_UN_G1_C1_P_D10.0m_Lw_500.0cm_Epw5.0cm_w_concrete.o,C1,P,10.0,500.0,5.0,concrete,0,C1_H_0,1.23894e-07,0.0046,2.82264e-08,0.0091,1.241375445427044e-07,0.004613498757633124,1.2266877836191162e-07,0.004593342409064813,1.0588266100686525e-07,0.004584490079264546,
SR_Pu_UN_G1_C1_P_D20.0m_Lw_1000.0cm_Epw5.0cm_w_concrete.o,C1,P,20.0,1000.0,5.0,concrete,0,C1_H_0,3.17464e-08,0.0068,7.32388e-09,0.0105,3.182710241516691e-08,0.0067514865580511375,3.143088340848703e-08,0.006758404046739865,2.7103697040673664e-08,0.006767788315778738,
SR_Pu_UN_G1_C1_P_D50.0m_Lw_2500.0cm_Epw5.0cm_w_concrete.o,C1,P,50.0,2500.0,5.0,concrete,0,C1_H_0,5.58527e-09,0.0336,1.35363e-09,0.0215,5.6066585392410286e-09,0.033526993239612626,5.524640571134689e-09,0.03372105359400843,4.748830961922911e-09,0.03398156854678415,
SR_Pu_UN_G1_C1_P_D100.0m_Lw_5000.0cm_Epw5.0cm_w_concrete.o,C1,P,100.0,5000.0,5.0,concrete,0,C1_H_0,1.65838e-09,0.0735,3.96669e-10,0.039,1.6610696730294308e-09,0.07287365135791879,1.6347954156274853e-09,0.07327068223505791,1.4023295578976249e-09,0.07402299350034039,
SR_Pu_UN_G1_C1_P_D200.0m_Lw_10000.0cm_Epw5.0cm_w_concrete.o,C1,P,200.0,10000.0,5.0,concrete,0,C1_H_0,3.3541e-10,0.0688,9.27263e-11,0.0448,3.367363432238256e-10,0.0678059298525257,3.3090040048528106e-10,0.06860442086207315,2.8254189419869996e-10,0.0701125645201247,
SR_Pu_UN_G1_C1_P_D300.0m_Lw_15000.0cm_Epw5.0cm_w_concrete.o,C1,P,300.0,15000.0,5.0,concrete,0,C1_H_0,1.11677e-10,0.0639,2.94901e-11,0.0423,1.1224164346703512e-10,0.06397127528493136,1.1032553550862289e-10,0.06464752969010353,9.427534012108458e-11,0.06569741079218556,
SR_Pu_UN_G1_C1_P_D500.0m_Lw_25000.0cm_Epw5.0cm_w_concrete.o,C1,P,500.0,25000.0,5.0,concrete,0,C1_H_0,1.99483e-11,0.0662,5.45382e-12,0.043,2.0028446459598724e-11,0.06600865229970646,1.9660451589686698e-11,0.06650084664926795,1.6759847719544893e-11,0.0669464782054907,
SR_Pu_UN_G1_C1_P_D700.0m_Lw_35000.0cm_Epw5.0cm_w_concrete.o,C1,P,700.0,35000.0,5.0,concrete,0,C1_H_0,5.08594e-12,0.0801,1.40728e-12,0.0445,5.10286446757104e-12,0.08011123993448016,5.005948651295497e-12,0.0804404025128281,4.26358876297103e-12,0.0807140040907032,
SR_Pu_UN_G1_C1_P_D1000.0m_Lw_50000.0cm_Epw5.0cm_w_concrete.o,C1,P,1000.0,50000.0,5.0,concrete,0,C1_H_0,1.51722e-12,0.2416,2.77048e-13,0.1323,1.5204486155096757e-12,0.24182141773815488,1.5055209367613158e-12,0.2445150154076487,1.2964593786817901e-12,0.2479203723549095,
SR_Pu_UN_G1_C1_P_D1200.0m_Lw_60000.0cm_Epw5.0cm_w_concrete.o,C1,P,1200.0,60000.0,5.0,concrete,0,C1_H_0,2.54147e-13,0.1602,7.34011e-14,0.0626,2.5507559059333095e-13,0.1606192999577044,2.5052181412264146e-13,0.16129433673452997,2.1391934686912824e-13,0.16292559646657404,
SR_Pu_UN_G1_C1_P_D1.0m_Lw_50.0cm_Epw10.0cm_w_concrete.o,C1,P,1.0,50.0,10.0,concrete,0,C1_H_0,7.64246e-06,0.0036,1.74998e-06,0.0084,7.650776793230723e-06,0.003423765928732399,7.561420647436628e-06,0.003379905179621199,6.528488776014597e-06,0.0033457299372531522,
SR_Pu_UN_G1_C1_P_D2.0m_Lw_100.0cm_Epw10.0cm_w_concrete.o,C1,P,2.0,100.0,10.0,concrete,0,C1_H_0,2.42878e-06,0.005,5.53376e-07,0.0112,2.433156915728328e-06,0.004877990000763531,2.4034273541523406e-06,0.004838504688342753,2.073147585107407e-06,0.004761667093809837,
SR_Pu_UN_G1_C1_P_D5.0m_Lw_250.0cm_Epw10.0cm_w_concrete.o,C1,P,5.0,250.0,10.0,concrete,0,C1_H_0,4.42123e-07,0.0063,1.0085e-07,0.0108,4.431867871578077e-07,0.006217272731621213,4.375249912779131e-07,0.006190382283017022,3.772762993039488e-07,0.006210830792000188,
SR_Pu_UN_G1_C1_P_D10.0m_Lw_500.0cm_Epw10.0cm_w_concrete.o,C1,P,10.0,500.0,10.0,concrete,0,C1_H_0,1.11612e-07,0.0052,2.52427e-08,0.0106,1.1187012583349524e-07,0.0052237232860796335,1.1044646195972398e-07,0.00519529313257102,9.523289044741744e-08,0.005168267791210391,
SR_Pu_UN_G1_C1_P_D20.0m_Lw_1000.0cm_Epw10.0cm_w_concrete.o,C1,P,20.0,1000.0,10.0,concrete,0,C1_H_0,2.94268e-08,0.0069,6.68515e-09,0.012,2.9526589355707835e-08,0.006859242004113402,2.9136999322717982e-08,0.006847257984525699,2.5095261687980526e-08,0.006829133522260416,
SR_Pu_UN_G1_C1_P_D200.0m_Lw_10000.0cm_Epw10.0cm_w_concrete.o,C1,P,200.0,10000.0,10.0,concrete,0,C1_H_0,2.95039e-10,0.0721,7.4877e-11,0.0419,2.968543692376895e-10,0.07224403761907931,2.92343751756418e-10,0.07300768246638373,2.503772982336211e-10,0.07409684801746025,
SR_Pu_UN_G1_C1_P_D300.0m_Lw_15000.0cm_Epw10.0cm_w_concrete.o,C1,P,300.0,15000.0,10.0,concrete,0,C1_H_0,9.85834e-11,0.1156,2.56714e-11,0.0504,9.911746938765487e-11,0.11610824233274582,9.73353136364684e-11,0.11723781682195926,8.323611411447124e-11,0.11967848565440083,
SR_Pu_UN_G1_C1_P_D500.0m_Lw_25000.0cm_Epw10.0cm_w_concrete.o,C1,P,500.0,25000.0,10.0,concrete,0,C1_H_0,1.89899e-11,0.0809,5.16267e-12,0.0608,1.9047041371340356e-11,0.08067908239520513,1.8732038954325963e-11,0.08129999412474137,1.5977206004628465e-11,0.08217778032045654,
SR_Pu_UN_G1_C1_P_D700.0m_Lw_35000.0cm_Epw10.0cm_w_concrete.o,C1,P,700.0,35000.0,10.0,concrete,0,C1_H_0,5.09934e-12,0.0939,1.28212e-12,0.0561,5.113127985794572e-12,0.0934953715449216,5.0205805397466956e-12,0.09381000560528699,4.267045542393257e-12,0.09430807269423151,
SR_Pu_UN_G1_C1_P_D1000.0m_Lw_50000.0cm_Epw10.0cm_w_concrete.o,C1,P,1000.0,50000.0,10.0,concrete,0,C1_H_0,7.1588e-13,0.158,1.73494e-13,0.0683,7.17077864209077e-13,0.15890583589565357,7.032427417186521e-13,0.15837381882391863,5.977641541687662e-13,0.15626722800755394,
SR_Pu_UN_G1_C1_P_D1200.0m_Lw_60000.0cm_Epw10.0cm_w_concrete.o,C1,P,1200.0,60000.0,10.0,concrete,0,C1_H_0,2.08949e-13,0.1624,5.47366e-14,0.0617,2.1009411591998593e-13,0.16307322719938222,2.056520501704996e-13,0.16224188433639053,1.7400369682624714e-13,0.1593431793593552,
SR_Pu_UN_G1_C1_P_D1.0m_Lw_50.0cm_Epw20.0cm_w_concrete.o,C1,P,1.0,50.0,20.0,concrete,0,C1_H_0,8.25288e-06,0.0045,1.63502e-06,0.0077,8.280898647944861e-06,0.0038629212907234384,8.182007038665494e-06,0.0038563467762131915,7.0559357420404805e-06,0.003853891996807748,
SR_Pu_UN_G1_C1_P_D2.0m_Lw_100.0cm_Epw20.0cm_w_concrete.o,C1,P,2.0,100.0,20.0,concrete,0,C1_H_0,2.47922e-06,0.0071,5.01692e-07,0.0129,2.4887063260107114e-06,0.006901751933849798,2.4576451463471773e-06,0.006887403713825406,2.118401782593184e-06,0.006872462071278164,
SR_Pu_UN_G1_C1_P_D5.0m_Lw_250.0cm_Epw20.0cm_w_concrete.o,C1,P,5.0,250.0,20.0,concrete,0,C1_H_0,4.21815e-07,0.007,8.5362e-08,0.0124,4.235180515263312e-07,0.006941295081748031,4.181870245604476e-07,0.006934147525455545,3.6041983264740853e-07,0.006927120543050919,
SR_Pu_UN_G1_C1_P_D10.0m_Lw_500.0cm_Epw20.0cm_w_concrete.o,C1,P,10.0,500.0,20.0,concrete,0,C1_H_0,1.04959e-07,0.0068,2.16263e-08,0.0125,1.0540235990852264e-07,0.006837515646986976,1.0404169327420799e-07,0.0068321621686445524,8.963448054385194e-08,0.0068247203531236434,
SR_Pu_UN_G1_C1_P_D20.0m_Lw_1000.0cm_Epw20.0cm_w_concrete.o,C1,P,20.0,1000.0,20.0,concrete,0,C1_H_0,2.76837e-08,0.0079,5.91051e-09,0.0233,2.7798101347096236e-08,0.007836012836459209,2.7431856278906748e-08,0.007838963692227634,2.3597112355623152e-08,0.007610398013971212,
SR_Pu_UN_G1_C1_P_D50.0m_Lw_2500.0cm_Epw20.0cm_w_concrete.o,C1,P,50.0,2500.0,20.0,concrete,0,C1_H_0,4.68537e-09,0.0185,1.06336e-09,0.0227,4.708373938475582e-09,0.018383157241426046,4.640219594682207e-09,0.01850329947515698,3.986209194692816e-09,0.018654700904947363,
SR_Pu_UN_G1_C1_P_D100.0m_Lw_5000.0cm_Epw20.0cm_w_concrete.o,C1,P,100.0,5000.0,20.0,concrete,0,C1_H_0,1.23889e-09,0.0534,2.90873e-10,0.0425,1.2442835044354597e-09,0.053192196155932424,1.2250545965261333e-09,0.053519718802856525,1.05364311384625e-09,0.05473607520963149,
SR_Pu_UN_G1_C1_P_D200.0m_Lw_10000.0cm_Epw20.0cm_w_concrete.o,C1,P,200.0,10000.0,20.0,concrete,0,C1_H_0,2.32082e-10,0.0753,6.18744e-11,0.0444,2.3328226913377587e-10,0.07564474388504983,2.2920277088575834e-10,0.07585430954073837,1.961786788549251e-10,0.07623584788364539,
SR_Pu_UN_G1_C1_P_D300.0m_Lw_15000.0cm_Epw20.0cm_w_concrete.o,C1,P,300.0,15000.0,20.0,concrete,0,C1_H_0,7.98506e-11,0.1077,1.99251e-11,0.0599,8.006807751556643e-11,0.10654211243490622,7.86938678035873e-11,0.10843664389038409,6.72154132280229e-11,0.11011075362357103,
SR_Pu_UN_G1_C1_P_D500.0m_Lw_25000.0cm_Epw20.0cm_w_concrete.o,C1,P,500.0,25000.0,20.0,concrete,0,C1_H_0,1.77987e-11,0.2002,4.37806e-12,0.1174,1.7837883936931976e-11,0.19767173062384327,1.7557578698630454e-11,0.19931731740252048,1.4915938079115848e-11,0.2043775128550826,
SR_Pu_UN_G1_C1_P_D700.0m_Lw_35000.0cm_Epw20.0cm_w_concrete.o,C1,P,700.0,35000.0,20.0,concrete,0,C1_H_0,4.02984e-12,0.1231,9.74442e-13,0.0707,4.041205581238675e-12,0.12366488100458069,3.977553516174384e-12,0.12404537069070866,3.401029075321242e-12,0.1251152615297279,
SR_Pu_UN_G1_C1_P_D1000.0m_Lw_50000.0cm_Epw20.0cm_w_concrete.o,C1,P,1000.0,50000.0,20.0,concrete,0,C1_H_0,4.84753e-13,0.139,1.33241e-13,0.0724,4.844565065402207e-13,0.13839508535549117,4.76495701079339e-13,0.13937535516559857,4.0815579065316644e-13,0.14118697736141506,
SR_Pu_UN_G1_C1_P_D1200.0m_Lw_60000.0cm_Epw20.0cm_w_concrete.o,C1,P,1200.0,60000.0,20.0,concrete,0,C1_H_0,2.08663e-13,0.1603,4.70779e-14,0.0911,2.090088170938961e-13,0.16008071274829727,2.0619894899401655e-13,0.1609347796694196,1.7722258929530147e-13,0.1620379316624789,
SR_Pu_UN_G1_C1_P_D1.0m_Lw_50.0cm_Epw40.0cm_w_concrete.o,C1,P,1.0,50.0,40.0,concrete,0,C1_H_0,7.01285e-06,0.0036,1.21811e-06,0.0058,7.040397224168467e-06,0.0031582455559588146,6.953642523656166e-06,0.0031381018190753526,5.990378382417179e-06,0.003100918023547829,
SR_Pu_UN_G1_C1_P_D2.0m_Lw_100.0cm_Epw40.0cm_w_concrete.o,C1,P,2.0,100.0,40.0,concrete,0,C1_H_0,1.79728e-06,0.008,3.14024e-07,0.011,1.8045163388332043e-06,0.0077582790029352726,1.7823957199523362e-06,0.007765088015482137,1.5358440986176408e-06,0.007771819438328445,
SR_Pu_UN_G1_C1_P_D5.0m_Lw_250.0cm_Epw40.0cm_w_concrete.o,C1,P,5.0,250.0,40.0,concrete,0,C1_H_0,2.73934e-07,0.0104,5.00311e-08,0.0144,2.7495671228032874e-07,0.010310844188581967,2.714672877933808e-07,0.010321440033891545,2.337375442739122e-07,0.010309856059476414,
SR_Pu_UN_G1_C1_P_D10.0m_Lw_500.0cm_Epw40.0cm_w_concrete.o,C1,P,10.0,500.0,40.0,concrete,0,C1_H_0,6.23312e-08,0.0103,1.19175e-08,0.0222,6.258633885409401e-08,0.010279575732933635,6.177640552513377e-08,0.010298413216000262,5.315682712958059e-08,0.010209863249635808,
SR_Pu_UN_G1_C1_P_D20.0m_Lw_1000.0cm_Epw40.0cm_w_concrete.o,C1,P,20.0,1000.0,40.0,concrete,0,C1_H_0,1.47533e-08,0.0098,2.92229e-09,0.0145,1.4810453085247274e-08,0.009729875383131288,1.4609396251512614e-08,0.009745761187868063,1.2571536763540282e-08,0.009755658222928202,
SR_Pu_UN_G1_C1_P_D50.0m_Lw_2500.0cm_Epw40.0cm_w_concrete.o,C1,P,50.0,2500.0,40.0,concrete,0,C1_H_0,2.25815e-09,0.0175,4.87254e-10,0.0205,2.2668779339076587e-09,0.01745271959582412,2.233651001149316e-09,0.017522023316748715,1.9195364372780162e-09,0.01761807015086934,
SR_Pu_UN_G1_C1_P_D100.0m_Lw_5000.0cm_Epw40.0cm_w_concrete.o,C1,P,100.0,5000.0,40.0,concrete,0,C1_H_0,5.01153e-10,0.0297,1.19355e-10,0.0343,5.029999557920479e-10,0.02957612927734414,4.948409931828131e-10,0.029663170869235405,4.242751433240522e-10,0.029771697683121642,
SR_Pu_UN_G1_C1_P_D200.0m_Lw_10000.0cm_Epw40.0cm_w_concrete.o,C1,P,200.0,10000.0,40.0,concrete,0,C1_H_0,9.93672e-11,0.0538,2.56404e-11,0.0484,9.966491554558119e-11,0.053590644686372625,9.784130976068215e-11,0.05384629298064065,8.36734834608795e-11,0.05423058192589074,
SR_Pu_UN_G1_C1_P_D300.0m_Lw_15000.0cm_Epw40.0cm_w_concrete.o,C1,P,300.0,15000.0,40.0,concrete,0,C1_H_0,3.18358e-11,0.1064,7.90592e-12,0.0563,3.199561715550734e-11,0.10662861969408768,3.143190566319173e-11,0.10621928802995136,2.680909516401339e-11,0.10529520823756805,
SR_Pu_UN_G1_C1_P_D500.0m_Lw_25000.0cm_Epw40.0cm_w_concrete.o,C1,P,500.0,25000.0,40.0,concrete,0,C1_H_0,6.01805e-12,0.1356,1.62805e-12,0.0607,6.022023877259497e-12,0.13552446883860925,5.902672723888497e-12,0.13606443278001212,5.016855125406486e-12,0.1367310338825632,
SR_Pu_UN_G1_C1_P_D700.0m_Lw_35000.0cm_Epw40.0cm_w_concrete.o,C1,P,700.0,35000.0,40.0,concrete,0,C1_H_0,1.88488e-12,0.1631,4.06794e-13,0.0751,1.887358809417884e-12,0.16369577312021957,1.8594982309223386e-12,0.1641932765151589,1.5931722701378114e-12,0.16539671418017615,
SR_Pu_UN_G1_C1_P_D1.0m_Lw_50.0cm_Epw1.0cm_w_concrete.o,C1,P,1.0,50.0,1.0,concrete,0,C1_H_0,1.03114e-05,0.0023,1.92993e-06,0.007,1.0322365646287527e-05,0.0022622253003730937,1.0242164780040454e-05,0.0022171090553334337,8.874589842031497e-06,0.0021864702411445087,
SR_Pu_UN_G1_C1_P_D50.0m_Lw_2500.0cm_Epw10.0cm_w_concrete.o,C1,P,50.0,2500.0,10.0,concrete,0,C1_H_0,5.32872e-09,0.024,1.27408e-09,0.0206,5.348848512093213e-09,0.023848484085604648,5.270918679385259e-09,0.024077169885695176,4.528730438495482e-09,0.02436747862606945,
SR_Pu_UN_G1_C1_P_D100.0m_Lw_5000.0cm_Epw10.0cm_w_concrete.o,C1,P,100.0,5000.0,10.0,concrete,0,C1_H_0,1.57124e-09,0.0541,3.54061e-10,0.0373,1.5758398715120386e-09,0.05366672644197233,1.5548386992881608e-09,0.05428911831425881,1.3369986274518374e-09,0.0551032618555062,
SR_Pu_UN_G1_C1_P_D1000.0m_Lw_50000.0cm_Epw40.0cm_w_concrete.o,C1,P,1000.0,50000.0,40.0,concrete,0,C1_H_0,1.63352e-13,0.179,4.89848e-14,0.079,1.639669133539276e-13,0.17901398126739954,1.611469707505022e-13,0.1787564359649603,1.3689222780409937e-13,0.17764861038650312,
SR_Pu_UN_G1_C1_P_D1200.0m_Lw_60000.0cm_Epw40.0cm_w_concrete.o,C1,P,1200.0,60000.0,40.0,concrete,0,C1_H_0,4.61785e-14,0.1588,1.51528e-14,0.0722,4.633328448757137e-14,0.1583782500411122,4.542410216184218e-14,0.15932609402582065,3.8693246410775076e-14,0.16125031019002276,
SR_Pu_UN_G1_C1_N_D5.0m_Lw_250.0cm_Epw1.0cm_w_steel.o,C1,N,5.0,250.0,1.0,steel,0,C1_H_0,8.82876e-06,0.0251,3.45366e-07,0.0322,8.391864202917564e-06,0.024682225666860996,0.0001037323297951657,0.028714014618717202,8.662544244686226e-05,0.026191086443323696,-4.948552198524319
SR_Pu_UN_G1_C1_N_D10.0m_Lw_500.0cm_Epw1.0cm_w_steel.o,C1,N,10.0,500.0,1.0,steel,0,C1_H_0,2.17869e-06,0.0205,8.62752e-08,0.0313,2.072844024508028e-06,0.02042491368978543,2.5708143866523843e-05,0.02257833932463294,2.1343451148696884e-05,0.020834517723422086,-4.858239377422778
SR_Pu_UN_G1_C1_N_D20.0m_Lw_1000.0cm_Epw1.0cm_w_steel.o,C1,N,20.0,1000.0,1.0,steel,0,C1_H_0,5.57505e-07,0.0121,2.56921e-08,0.0155,5.302732877478074e-07,0.012065356987622218,6.536043109753636e-06,0.012492662590446794,5.329413189241702e-06,0.012535962456135133,-4.884568255386517
SR_Pu_UN_G1_C1_N_D50.0m_Lw_2500.0cm_Epw1.0cm_w_steel.o,C1,N,50.0,2500.0,1.0,steel,0,C1_H_0,9.54984e-08,0.0215,5.53433e-09,0.0157,9.101586091924655e-08,0.021491556237767686,1.094075466304605e-06,0.020796601790207703,8.745509209701588e-07,0.023308699639595074,-4.693836839940192
SR_Pu_UN_G1_C1_N_D100.0m_Lw_5000.0cm_Epw1.0cm_w_steel.o,C1,N,100.0,5000.0,1.0,steel,0,C1_H_0,2.22051e-08,0.0376,1.59205e-09,0.0217,2.1160894201989587e-08,0.03759604302299328,2.5510686911306814e-07,0.036256356681958896,1.939815872402434e-07,0.04353889066931766,-4.702549405363697
SR_Pu_UN_G1_C1_N_D200.0m_Lw_10000.0cm_Epw1.0cm_w_steel.o,C1,N,200.0,10000.0,1.0,steel,0,C1_H_0,4.89353e-09,0.0668,3.97057e-10,0.0298,4.660228202936626e-09,0.06711749686512493,5.47148920101588e-08,0.06489461796078894,4.076379414672272e-08,0.07641882691005751,-4.767556284795919
SR_Pu_UN_G1_C1_N_D300.0m_Lw_15000.0cm_Epw1.0cm_w_steel.o,C1,N,300.0,15000.0,1.0,steel,0,C1_H_0,1.55944e-09,0.0637,1.44167e-10,0.0265,1.4899471829250567e-09,0.06305942904838459,1.712382716005061e-08,0.05994530309203299,1.2561529601057738e-08,0.07739243135487522,-4.456267446964502
SR_Pu_UN_G1_C1_N_D500.0m_Lw_25000.0cm_Epw1.0cm_w_steel.o,C1,N,500.0,25000.0,1.0,steel,0,C1_H_0,2.55729e-10,0.1276,2.48909e-11,0.0307,2.4398377795627463e-10,0.12514966373170713,2.7133805300558645e-09,0.0911139483688666,1.97120292201601e-09,0.14041860508443116,-4.59283931182047
SR_Pu_UN_G1_C1_N_D700.0m_Lw_35000.0cm_Epw1.0cm_w_steel.o,C1,N,700.0,35000.0,1.0,steel,0,C1_H_0,4.52296e-11,0.0477,5.11014e-12,0.0189,4.33211924720149e-11,0.0475567270847028,4.825166610496574e-10,0.05519630740213465,3.365860836007253e-10,0.06450479974293576,-4.219377416526114
SR_Pu_UN_G1_C1_N_D1000.0m_Lw_50000.0cm_Epw1.0cm_w_steel.o,C1,N,1000.0,50000.0,1.0,steel,0,C1_H_0,4.40739e-12,0.0316,5.47435e-13,0.015,4.230981883475511e-12,0.03197141690514514,4.549988968798701e-11,0.037366694693573836,3.126075578204288e-11,0.04474556798352973,-4.002552906016693
SR_Pu_UN_G1_C1_N_D1200.0m_Lw_60000.0cm_Epw1.0cm_w_steel.o,C1,N,1200.0,60000.0,1.0,steel,0,C1_H_0,1.27548e-12,0.1223,1.34959e-13,0.0282,1.2153522420384195e-12,0.11923950459019889,1.3054698576119418e-11,0.103608040005105,9.466301673724325e-12,0.14203707304333046,-4.7141278547355085
SR_Pu_UN_G1_C1_N_D1.0m_Lw_50.0cm_Epw5.0cm_w_steel.o,C1,N,1.0,50.0,5.0,steel,0,C1_H_0,0.000145819,0.0078,5.51982e-06,0.0096,0.00013853116242951133,0.007480013055944771,0.0018195793030986972,0.008203404029015914,0.0014405354629774794,0.0076082384443572825,-4.9978655528351315
SR_Pu_UN_G1_C1_N_D2.0m_Lw_100.0cm_Epw5.0cm_w_steel.o,C1,N,2.0,100.0,5.0,steel,0,C1_H_0,4.11469e-05,0.0113,1.68581e-06,0.0131,3.909857479326154e-05,0.011171363883205639,0.0005124795597595581,0.011979670241050976,0.0004018180029446396,0.011475646821960539,-4.978079045416437
SR_Pu_UN_G1_C1_N_D5.0m_Lw_250.0cm_Epw5.0cm_w_steel.o,C1,N,5.0,250.0,5.0,steel,0,C1_H_0,6.95036e-06,0.0194,3.05226e-07,0.0236,6.599661160840397e-06,0.01913978496235819,8.658930204084797e-05,0.020952908056672104,6.703815444830566e-05,0.01984654560363891,-5.045765099356054
SR_Pu_UN_G1_C1_N_D10.0m_Lw_500.0cm_Epw5.0cm_w_steel.o,C1,N,10.0,500.0,5.0,steel,0,C1_H_0,1.7652e-06,0.0197,8.36794e-08,0.026,1.6762137918874977e-06,0.01955090954136677,2.212411723417497e-05,0.021325639228581165,1.6823339143528603e-05,0.020072440956911453,-5.041140273765145
SR_Pu_UN_G1_C1_N_D20.0m_Lw_1000.0cm_Epw5.0cm_w_steel.o,C1,N,20.0,1000.0,5.0,steel,0,C1_H_0,4.21309e-07,0.0096,2.21606e-08,0.0125,4.002559808547576e-07,0.009570600541445626,5.2128843895670256e-06,0.010012996211746093,3.939807031260733e-06,0.009981842682502387,-4.997049468499929
SR_Pu_UN_G1_C1_N_D50.0m_Lw_2500.0cm_Epw5.0cm_w_steel.o,C1,N,50.0,2500.0,5.0,steel,0,C1_H_0,6.92131e-08,0.0155,4.50606e-09,0.0138,6.57722589951514e-08,0.015458275673316804,8.468523599340185e-07,0.015575022175232702,6.185422873282013e-07,0.01714721402957505,-4.971372478401639
SR_Pu_UN_G1_C1_N_D100.0m_Lw_5000.0cm_Epw5.0cm_w_steel.o,C1,N,100.0,5000.0,5.0,steel,0,C1_H_0,1.71229e-08,0.0258,1.38355e-09,0.0193,1.6304176524597172e-08,0.025567379443861227,2.0473983354785122e-07,0.02705356129173592,1.4434631367793882e-07,0.03004855856667298,-4.781453348456318
SR_Pu_UN_G1_C1_N_D200.0m_Lw_10000.0cm_Epw5.0cm_w_steel.o,C1,N,200.0,10000.0,5.0,steel,0,C1_H_0,3.75727e-09,0.0463,3.42717e-10,0.0262,3.5809433478664866e-09,0.04607960691290703,4.3749378869042356e-08,0.05202343862411527,3.027489109013744e-08,0.056399548145508994,-4.6929459989171285
SR_Pu_UN_G1_C1_N_D300.0m_Lw_15000.0cm_Epw5.0cm_w_steel.o,C1,N,300.0,15000.0,5.0,steel,0,C1_H_0,1.09369e-09,0.0554,1.17681e-10,0.0285,1.044428398706909e-09,0.05492736573870568,1.2454034670084565e-08,0.07056272714909172,8.294543810823868e-09,0.07351227031679113,-4.5041649181295345
SR_Pu_UN_G1_C1_N_D500.0m_Lw_25000.0cm_Epw5.0cm_w_steel.o,C1,N,500.0,25000.0,5.0,steel,0,C1_H_0,1.581e-10,0.0688,1.93433e-11,0.0245,1.511039794798154e-10,0.06773471811120838,1.635425738837901e-09,0.07087058180077906,1.114133859902671e-09,0.09298023808171675,-4.42506041757407
SR_Pu_UN_G1_C1_N_D700.0m_Lw_35000.0cm_Epw5.0cm_w_steel.o,C1,N,700.0,35000.0,5.0,steel,0,C1_H_0,3.00912e-11,0.0427,3.80822e-12,0.0177,2.8838068651979513e-11,0.04252577402206386,3.142108168773293e-10,0.04965340381726171,2.0892044313047085e-10,0.05982229317051476,-4.164444581872722
SR_Pu_UN_G1_C1_N_D1000.0m_Lw_50000.0cm_Epw5.0cm_w_steel.o,C1,N,1000.0,50000.0,5.0,steel,0,C1_H_0,2.87669e-12,0.0494,3.96182e-13,0.017,2.769594574770152e-12,0.04919745936962844,2.8708054368216892e-11,0.057570985163703216,1.920311517628549e-11,0.07437554413988107,-3.7228698688370305
SR_Pu_UN_G1_C1_N_D1200.0m_Lw_60000.0cm_Epw5.0cm_w_steel.o,C1,N,1200.0,60000.0,5.0,steel,0,C1_H_0,6.72811e-13,0.0389,8.79223e-14,0.0166,6.454549828144906e-13,0.03842504902922071,6.8270370790977416e-12,0.04895310155952152,4.68759318591468e-12,0.05807497508215129,-4.06592894371664
SR_Pu_UN_G1_C1_N_D1.0m_Lw_50.0cm_Epw10.0cm_w_steel.o,C1,N,1.0,50.0,10.0,steel,0,C1_H_0,0.000110674,0.0065,4.82361e-06,0.0096,0.00010499310633254614,0.0062403988333754705,0.0014700727626147598,0.006670788545393312,0.001067044678085506,0.006179184463331537,-5.132997512924326
SR_Pu_UN_G1_C1_N_D2.0m_Lw_100.0cm_Epw10.0cm_w_steel.o,C1,N,2.0,100.0,10.0,steel,0,C1_H_0,3.12108e-05,0.0108,1.47361e-06,0.0176,2.960784072765361e-05,0.010656271003608069,0.0004122202569047356,0.011123956593725224,0.00029774156889863113,0.011025928091923383,-5.135912159721617
SR_Pu_UN_G1_C1_N_D5.0m_Lw_250.0cm_Epw10.0cm_w_steel.o,C1,N,5.0,250.0,10.0,steel,0,C1_H_0,5.1504e-06,0.015,2.60247e-07,0.0172,4.88791695652953e-06,0.014797269957973773,6.748503972217113e-05,0.015597121535077618,4.8377502541946385e-05,0.015343013825089097,-5.096362291675794
SR_Pu_UN_G1_C1_N_D10.0m_Lw_500.0cm_Epw10.0cm_w_steel.o,C1,N,10.0,500.0,10.0,steel,0,C1_H_0,1.23926e-06,0.0154,6.98635e-08,0.0205,1.1749466487639432e-06,0.015237049551980722,1.61415590711382e-05,0.016379457705105707,1.1385635035040568e-05,0.01600022743160509,-5.189657637304267
SR_Pu_UN_G1_C1_N_D20.0m_Lw_1000.0cm_Epw10.0cm_w_steel.o,C1,N,20.0,1000.0,10.0,steel,0,C1_H_0,3.09989e-07,0.0084,1.8686e-08,0.0118,2.943637451150368e-07,0.008306042014630106,4.035734104412529e-06,0.00862637811782815,2.805410274340023e-06,0.00845336119518691,-5.040583661021268
SR_Pu_UN_G1_C1_N_D200.0m_Lw_10000.0cm_Epw10.0cm_w_steel.o,C1,N,200.0,10000.0,10.0,steel,0,C1_H_0,2.40888e-09,0.0379,2.6423e-10,0.0207,2.3004663546872434e-09,0.03819125852037581,2.7821444296908428e-08,0.04706271768638647,1.7977345554170012e-08,0.0506628051260377,-4.500583064027956
SR_Pu_UN_G1_C1_N_D2.0m_Lw_100.0cm_Epw1.0cm_w_steel.o,C1,N,2.0,100.0,1.0,steel,0,C1_H_0,5.07025e-05,0.0093,1.93824e-06,0.0163,4.8168454930964424e-05,0.009172692275060375,0.0005953609064971498,0.010493912330162105,0.0004972837773965846,0.00918373677202167,-4.997870063676493
SR_Pu_UN_G1_C1_N_D300.0m_Lw_15000.0cm_Epw10.0cm_w_steel.o,C1,N,300.0,15000.0,10.0,steel,0,C1_H_0,7.10262e-10,0.0288,9.01648e-11,0.0184,6.801753050920949e-10,0.028560340288082284,7.715327923303468e-09,0.0362259910138944,4.918122194854722e-09,0.04007005045268768,-4.235999519600532
SR_Pu_UN_G1_C1_N_D500.0m_Lw_25000.0cm_Epw10.0cm_w_steel.o,C1,N,500.0,25000.0,10.0,steel,0,C1_H_0,1.10671e-10,0.0402,1.48058e-11,0.02,1.0612355186002172e-10,0.0399826046554902,1.1403085254188835e-09,0.051993915921305915,7.397375245019084e-10,0.056638375504287984,-4.1089789917668424
SR_Pu_UN_G1_C1_N_D700.0m_Lw_35000.0cm_Epw10.0cm_w_steel.o,C1,N,700.0,35000.0,10.0,steel,0,C1_H_0,1.83763e-11,0.0224,2.75707e-12,0.0121,1.765861180390715e-11,0.022277596678346306,1.8048289000666807e-10,0.029138094730270486,1.139197267127903e-10,0.03475159422350375,-3.9055097930097444
SR_Pu_UN_G1_C1_N_D1000.0m_Lw_50000.0cm_Epw10.0cm_w_steel.o,C1,N,1000.0,50000.0,10.0,steel,0,C1_H_0,1.78242e-12,0.0322,2.67639e-13,0.0121,1.7132228887435165e-12,0.03225312944831975,1.6884674770559105e-11,0.03557739170488323,1.112149974808556e-11,0.050806278563964746,-3.882200113131781
SR_Pu_UN_G1_C1_N_D1200.0m_Lw_60000.0cm_Epw10.0cm_w_steel.o,C1,N,1200.0,60000.0,10.0,steel,0,C1_H_0,4.31755e-13,0.1614,5.99413e-14,0.0444,4.109975925118368e-13,0.15150757091899567,4.4136634376779104e-12,0.23056269759541845,2.8522850013798238e-12,0.24157756464958388,-4.8076820159959315
SR_Pu_UN_G1_C1_N_D1.0m_Lw_50.0cm_Epw20.0cm_w_steel.o,C1,N,1.0,50.0,20.0,steel,0,C1_H_0,6.32751e-05,0.0044,3.5823e-06,0.0063,5.9909832152359355e-05,0.0038294194674432583,0.0008998479379971954,0.003978232972179668,0.000568806310217909,0.00382860631928413,-5.31847100619461
SR_Pu_UN_G1_C1_N_D2.0m_Lw_100.0cm_Epw20.0cm_w_steel.o,C1,N,2.0,100.0,20.0,steel,0,C1_H_0,1.71977e-05,0.0076,1.03854e-06,0.0089,1.6282481574850328e-05,0.00727984717508877,0.0002419404790429742,0.007602679848477565,0.00015224799427823732,0.0075768636677609,-5.321748984746053
SR_Pu_UN_G1_C1_N_D5.0m_Lw_250.0cm_Epw20.0cm_w_steel.o,C1,N,5.0,250.0,20.0,steel,0,C1_H_0,2.77925e-06,0.0094,1.84828e-07,0.0112,2.6314047220399536e-06,0.00914965162268538,3.847770196215833e-05,0.009603521991893996,2.3987715501697237e-05,0.009681645690120458,-5.319610612936819
SR_Pu_UN_G1_C1_N_D10.0m_Lw_500.0cm_Epw20.0cm_w_steel.o,C1,N,10.0,500.0,20.0,steel,0,C1_H_0,6.70574e-07,0.0111,4.77944e-08,0.0226,6.354971366520986e-07,0.009800583469425205,9.18310848113071e-06,0.01054976740172791,5.680322380693543e-06,0.010061928204055355,-5.2308713651142815
SR_Pu_UN_G1_C1_N_D20.0m_Lw_1000.0cm_Epw20.0cm_w_steel.o,C1,N,20.0,1000.0,20.0,steel,0,C1_H_0,1.64951e-07,0.0107,1.30568e-08,0.0216,1.5630031025882836e-07,0.009305931872111017,2.2057216127438575e-06,0.008427255053906504,1.3522542918658697e-06,0.007557002422758318,-5.244399695165014
SR_Pu_UN_G1_C1_N_D50.0m_Lw_2500.0cm_Epw20.0cm_w_steel.o,C1,N,50.0,2500.0,20.0,steel,0,C1_H_0,2.73116e-08,0.0092,2.65606e-09,0.0191,2.5956063994420202e-08,0.007083210580507869,3.461973281647262e-07,0.007957218612919707,2.0807887857385868e-07,0.008103554911172848,-4.963224437893788
SR_Pu_UN_G1_C1_N_D100.0m_Lw_5000.0cm_Epw20.0cm_w_steel.o,C1,N,100.0,5000.0,20.0,steel,0,C1_H_0,6.64109e-09,0.0118,7.64166e-10,0.014,6.327855641677299e-09,0.011003368706663973,7.924358202873121e-08,0.013349781500951136,4.700345300245573e-08,0.013840776997166564,-4.716610651605402
SR_Pu_UN_G1_C1_N_D200.0m_Lw_10000.0cm_Epw20.0cm_w_steel.o,C1,N,200.0,10000.0,20.0,steel,0,C1_H_0,1.2923e-09,0.0197,1.73939e-10,0.0149,1.2338203457716065e-09,0.0186861424662151,1.422397522723572e-08,0.02541695448136682,8.418677362391231e-09,0.027767966109477887,-4.525238275043993
SR_Pu_UN_G1_C1_N_D300.0m_Lw_15000.0cm_Epw20.0cm_w_steel.o,C1,N,300.0,15000.0,20.0,steel,0,C1_H_0,3.77285e-10,0.0174,5.79585e-11,0.02,3.614312461737817e-10,0.014619357121476625,3.828965326768073e-09,0.020581014201788744,2.232308095926222e-09,0.0217815299024335,-4.202063115739635
SR_Pu_UN_G1_C1_N_D500.0m_Lw_25000.0cm_Epw20.0cm_w_steel.o,C1,N,500.0,25000.0,20.0,steel,0,C1_H_0,5.1569e-11,0.022,8.76407e-12,0.0186,4.959620736406728e-11,0.019507048981809667,4.735923329715439e-10,0.023826339149967544,2.8297739282463965e-10,0.031705044123032045,-3.825539831939194
SR_Pu_UN_G1_C1_N_D700.0m_Lw_35000.0cm_Epw20.0cm_w_steel.o,C1,N,700.0,35000.0,20.0,steel,0,C1_H_0,8.30075e-12,0.0122,1.51347e-12,0.0101,8.004290422169067e-12,0.01107121788723992,7.209105715176327e-11,0.016968330553956988,4.281305797043649e-11,0.020181520606421286,-3.571479418497517
SR_Pu_UN_G1_C1_N_D1000.0m_Lw_50000.0cm_Epw20.0cm_w_steel.o,C1,N,1000.0,50000.0,20.0,steel,0,C1_H_0,6.95245e-13,0.0172,1.29552e-13,0.0072,6.708402479700854e-13,0.01670177855807241,5.8135371097227135e-12,0.023604722829558455,3.510461278819203e-12,0.03186024818365189,-3.5102376902983328
SR_Pu_UN_G1_C1_N_D1200.0m_Lw_60000.0cm_Epw20.0cm_w_steel.o,C1,N,1200.0,60000.0,20.0,steel,0,C1_H_0,1.39037e-13,0.0145,2.61816e-14,0.0068,1.3414422498664724e-13,0.0141915436918636,1.1649201299154706e-12,0.024922679740975194,6.99568766184537e-13,0.028053368493865857,-3.5190452997063777
SR_Pu_UN_G1_C1_N_D1.0m_Lw_50.0cm_Epw40.0cm_w_steel.o,C1,N,1.0,50.0,40.0,steel,0,C1_H_0,2.50011e-05,0.003,2.12148e-06,0.0044,2.364508024717162e-05,0.002001868861020868,0.0003481370880355841,0.002023982322958783,0.00019118522293547078,0.002009517290930809,-5.423840362337575
SR_Pu_UN_G1_C1_N_D2.0m_Lw_100.0cm_Epw40.0cm_w_steel.o,C1,N,2.0,100.0,40.0,steel,0,C1_H_0,6.05624e-06,0.0045,5.42119e-07,0.0065,5.7324163852471185e-06,0.003475252069289261,8.295634589781225e-05,0.003661599249016336,4.545468576781652e-05,0.0036848890080076564,-5.3469415801368765
SR_Pu_UN_G1_C1_N_D5.0m_Lw_250.0cm_Epw40.0cm_w_steel.o,C1,N,5.0,250.0,40.0,steel,0,C1_H_0,9.16747e-07,0.0079,9.01618e-08,0.0145,8.68563047572028e-07,0.005784419223648135,1.213169662312314e-05,0.0053743768379168584,6.647286348817922e-06,0.005264248657175201,-5.255970559813341
SR_Pu_UN_G1_C1_N_D10.0m_Lw_500.0cm_Epw40.0cm_w_steel.o,C1,N,10.0,500.0,40.0,steel,0,C1_H_0,2.05585e-07,0.0103,2.03882e-08,0.0204,1.9472226688372798e-07,0.004648925411417007,2.718334151477009e-06,0.004892735199131027,1.4814602673582002e-06,0.0046653463422436795,-5.283815996435547
SR_Pu_UN_G1_C1_N_D20.0m_Lw_1000.0cm_Epw40.0cm_w_steel.o,C1,N,20.0,1000.0,40.0,steel,0,C1_H_0,5.57567e-08,0.0491,6.86651e-09,0.113,5.3086807815080905e-08,0.010667110565179806,6.678951895073883e-07,0.006275991002928258,3.6589651413518976e-07,0.006342296056366093,-4.7884688027072855
SR_Pu_UN_G1_C1_N_D50.0m_Lw_2500.0cm_Epw40.0cm_w_steel.o,C1,N,50.0,2500.0,40.0,steel,0,C1_H_0,8.84487e-09,0.0215,1.2059e-09,0.0459,8.432599531810292e-09,0.005270522801927478,1.0049864011357089e-07,0.005091197802850672,5.4686353512117093e-08,0.004801297918361732,-4.661125241973124
SR_Pu_UN_G1_C1_N_D100.0m_Lw_5000.0cm_Epw40.0cm_w_steel.o,C1,N,100.0,5000.0,40.0,steel,0,C1_H_0,2.06765e-09,0.0099,3.16063e-10,0.0174,1.9761947401770067e-09,0.004118522828999632,2.177585840571552e-08,0.00563725547640609,1.1853025209527092e-08,0.005392281735339945,-4.423149944284249
SR_Pu_UN_G1_C1_N_D200.0m_Lw_10000.0cm_Epw40.0cm_w_steel.o,C1,N,200.0,10000.0,40.0,steel,0,C1_H_0,3.78099e-10,0.007,6.63288e-11,0.0105,3.6283087726098333e-10,0.003130703013662097,3.5514646096979555e-09,0.004552930771766314,1.943309806644113e-09,0.004693047488823832,-4.038128304760574
SR_Pu_UN_G1_C1_N_D300.0m_Lw_15000.0cm_Epw40.0cm_w_steel.o,C1,N,300.0,15000.0,40.0,steel,0,C1_H_0,1.08295e-10,0.0067,2.06717e-11,0.009,1.042647638640755e-10,0.00319722584106342,9.340948357947704e-10,0.005173053224413137,5.1318622259616e-10,0.005332841460988224,-3.721534822405923
SR_Pu_UN_G1_C1_N_D500.0m_Lw_25000.0cm_Epw40.0cm_w_steel.o,C1,N,500.0,25000.0,40.0,steel,0,C1_H_0,1.3541e-11,0.0085,2.86179e-12,0.0111,1.3097835444290886e-11,0.0031364280941640526,1.028813066347032e-10,0.0052130755194745694,5.727048882222804e-11,0.005608841612096848,-3.2727609165431906
SR_Pu_UN_G1_C1_N_D700.0m_Lw_35000.0cm_Epw40.0cm_w_steel.o,C1,N,700.0,35000.0,40.0,steel,0,C1_H_0,2.07654e-12,0.0054,4.61573e-13,0.0061,2.013329420270406e-12,0.0026560465190660107,1.464579426382175e-11,0.005248107009525084,8.207595162150039e-12,0.005798626973744323,-3.0440338124762247
SR_Pu_UN_G1_C1_N_D1.0m_Lw_50.0cm_Epw1.0cm_w_steel.o,C1,N,1.0,50.0,1.0,steel,0,C1_H_0,0.000174005,0.0065,6.20966e-06,0.0205,0.00016548769527437981,0.00652364846483159,0.002038806018906693,0.007565393020818206,0.0017213608875590793,0.0061589968063367724,-4.894862058917953
SR_Pu_UN_G1_C1_N_D50.0m_Lw_2500.0cm_Epw10.0cm_w_steel.o,C1,N,50.0,2500.0,10.0,steel,0,C1_H_0,5.02369e-08,0.0126,3.77838e-09,0.0122,4.774073823673284e-08,0.012523017431157928,6.376814310543747e-07,0.013533499399258707,4.2893583937121586e-07,0.014074323518047624,-4.968781440071273
SR_Pu_UN_G1_C1_N_D100.0m_Lw_5000.0cm_Epw10.0cm_w_steel.o,C1,N,100.0,5000.0,10.0,steel,0,C1_H_0,1.192e-08,0.0223,1.08136e-09,0.0167,1.1318724965264405e-08,0.02197527709686245,1.448881648727369e-07,0.024445858226973254,9.513595013426138e-08,0.026620086048955577,-5.044253647110698
SR_Pu_UN_G1_C1_N_D1000.0m_Lw_50000.0cm_Epw40.0cm_w_steel.o,C1,N,1000.0,50000.0,40.0,steel,0,C1_H_0,1.46377e-13,0.0126,3.41038e-14,0.0158,1.4211009228355104e-13,0.0036884362320172373,9.565187368251559e-13,0.005043047216058265,5.372254906765741e-13,0.005478120512646589,-2.9150124107263786
SR_Pu_UN_G1_C1_N_D1200.0m_Lw_60000.0cm_Epw40.0cm_w_steel.o,C1,N,1200.0,60000.0,40.0,steel,0,C1_H_0,2.57424e-14,0.0057,5.96158e-15,0.006,2.4985290587524346e-14,0.002889567506315227,1.7028613913220407e-13,0.006084841422929735,9.575515472855e-14,0.006770778975031035,-2.9410987805163984
SR_Pu_UN_G1_C1_P_D5.0m_Lw_250.0cm_Epw1.0cm_w_steel.o,C1,P,5.0,250.0,1.0,steel,0,C1_H_0,5.75011e-07,0.0042,1.18164e-07,0.0086,5.769295261214148e-07,0.0041456554234208165,5.70256926662302e-07,0.004115936910096189,4.916080543349504e-07,0.004081120760445909,
SR_Pu_UN_G1_C1_P_D10.0m_Lw_500.0cm_Epw1.0cm_w_steel.o,C1,P,10.0,500.0,1.0,steel,0,C1_H_0,1.41789e-07,0.0039,2.89898e-08,0.0062,1.4227343733529412e-07,0.0038839120885698054,1.4061117511816275e-07,0.0038742233541538,1.2119161181657386e-07,0.003867561678342823,
SR_Pu_UN_G1_C1_P_D20.0m_Lw_1000.0cm_Epw1.0cm_w_steel.o,C1,P,20.0,1000.0,1.0,steel,0,C1_H_0,3.61491e-08,0.0098,7.59504e-09,0.0188,3.62687966173371e-08,0.009731617660328816,3.58047024308369e-08,0.00969265633273153,3.082248172049716e-08,0.009674850977699346,
SR_Pu_UN_G1_C1_P_D50.0m_Lw_2500.0cm_Epw1.0cm_w_steel.o,C1,P,50.0,2500.0,1.0,steel,0,C1_H_0,6.20994e-09,0.0324,1.37484e-09,0.0225,6.229633991598713e-09,0.03148318870718596,6.138015451297651e-09,0.031828713532886896,5.266778575925093e-09,0.032251980724013744,
SR_Pu_UN_G1_C1_P_D100.0m_Lw_5000.0cm_Epw1.0cm_w_steel.o,C1,P,100.0,5000.0,1.0,steel,0,C1_H_0,1.75489e-09,0.0516,4.17892e-10,0.0322,1.762604202214989e-09,0.05126911106546083,1.7321063993388416e-09,0.051508630717816355,1.4814356880212459e-09,0.051693191353812284,
SR_Pu_UN_G1_C1_P_D200.0m_Lw_10000.0cm_Epw1.0cm_w_steel.o,C1,P,200.0,10000.0,1.0,steel,0,C1_H_0,4.66316e-10,0.1054,1.06186e-10,0.0507,4.671995741522674e-10,0.10386548144879287,4.596348094958705e-10,0.10459698855300961,3.9385071586567514e-10,0.1064405371495362,
SR_Pu_UN_G1_C1_P_D300.0m_Lw_15000.0cm_Epw1.0cm_w_steel.o,C1,P,300.0,15000.0,1.0,steel,0,C1_H_0,1.38188e-10,0.0694,3.68264e-11,0.0416,1.3918562063381093e-10,0.06933614883453787,1.364793587270975e-10,0.0699396285760502,1.1618660213812243e-10,0.07126179047606437,
SR_Pu_UN_G1_C1_P_D500.0m_Lw_25000.0cm_Epw1.0cm_w_steel.o,C1,P,500.0,25000.0,1.0,steel,0,C1_H_0,2.52184e-11,0.0435,7.28813e-12,0.0512,2.5392331860717766e-11,0.04335627673928094,2.48715007038836e-11,0.0434143142561509,2.114362723669813e-11,0.04323551829557604,
SR_Pu_UN_G1_C1_P_D700.0m_Lw_35000.0cm_Epw1.0cm_w_steel.o,C1,P,700.0,35000.0,1.0,steel,0,C1_H_0,7.76341e-12,0.0749,1.88794e-12,0.0403,7.793227049588402e-12,0.07391868737956665,7.655135631620629e-12,0.0744987825588979,6.517180825297686e-12,0.07473596008871077,
SR_Pu_UN_G1_C1_P_D1000.0m_Lw_50000.0cm_Epw1.0cm_w_steel.o,C1,P,1000.0,50000.0,1.0,steel,0,C1_H_0,1.12984e-12,0.0892,2.86556e-13,0.0403,1.1338575982592826e-12,0.08894588640707314,1.1089973975365317e-12,0.08885289633192527,9.358354884145806e-13,0.0882552441448884,
SR_Pu_UN_G1_C1_P_D1200.0m_Lw_60000.0cm_Epw1.0cm_w_steel.o,C1,P,1200.0,60000.0,1.0,steel,0,C1_H_0,5.47975e-13,0.2645,9.58387e-14,0.0862,5.48281247698199e-13,0.2631336841130586,5.37545019934959e-13,0.26293128865753773,4.554083628300671e-13,0.26180676164254085,
SR_Pu_UN_G1_C1_P_D1.0m_Lw_50.0cm_Epw5.0cm_w_steel.o,C1,P,1.0,50.0,5.0,steel,0,C1_H_0,7.64508e-06,0.0075,1.66406e-06,0.0098,7.694926900277626e-06,0.0072720850691062044,7.607110820624854e-06,0.007268792668958338,6.554746711572481e-06,0.007245432682279946,
SR_Pu_UN_G1_C1_P_D2.0m_Lw_100.0cm_Epw5.0cm_w_steel.o,C1,P,2.0,100.0,5.0,steel,0,C1_H_0,2.36651e-06,0.0093,5.07278e-07,0.0188,2.3825991581509396e-06,0.009280201524802379,2.351728277983359e-06,0.009168160955426129,2.0232118811559644e-06,0.009071532912812397,
SR_Pu_UN_G1_C1_P_D5.0m_Lw_250.0cm_Epw5.0cm_w_steel.o,C1,P,5.0,250.0,5.0,steel,0,C1_H_0,4.20835e-07,0.0116,9.19883e-08,0.0227,4.23067405919636e-07,0.011438425704008267,4.1718820883775535e-07,0.01136824553297803,3.5843709919497813e-07,0.011307253915029791,
SR_Pu_UN_G1_C1_P_D10.0m_Lw_500.0cm_Epw5.0cm_w_steel.o,C1,P,10.0,500.0,5.0,steel,0,C1_H_0,1.03623e-07,0.0091,2.28131e-08,0.0193,1.0413046571566415e-07,0.009020349507893375,1.0261212056078915e-07,0.008951095740771096,8.812914857006731e-08,0.008884361985858851,
SR_Pu_UN_G1_C1_P_D20.0m_Lw_1000.0cm_Epw5.0cm_w_steel.o,C1,P,20.0,1000.0,5.0,steel,0,C1_H_0,2.7067e-08,0.0092,5.93634e-09,0.0168,2.721079833065087e-08,0.009188847137093416,2.6798841484516742e-08,0.009149117215540167,2.2986868051106193e-08,0.009111471138946229,
SR_Pu_UN_G1_C1_P_D50.0m_Lw_2500.0cm_Epw5.0cm_w_steel.o,C1,P,50.0,2500.0,5.0,steel,0,C1_H_0,4.90347e-09,0.0199,1.10628e-09,0.0201,4.925308906277067e-09,0.019432992905476502,4.840858563970332e-09,0.01951394555106448,4.144281936008411e-09,0.01971233774537587,
SR_Pu_UN_G1_C1_P_D100.0m_Lw_5000.0cm_Epw5.0cm_w_steel.o,C1,P,100.0,5000.0,5.0,steel,0,C1_H_0,1.30471e-09,0.027,2.98865e-10,0.0272,1.310436317216024e-09,0.026985265455599865,1.2872968990265366e-09,0.027124113107882698,1.0995037318596843e-09,0.027099086730542822,
SR_Pu_UN_G1_C1_P_D200.0m_Lw_10000.0cm_Epw5.0cm_w_steel.o,C1,P,200.0,10000.0,5.0,steel,0,C1_H_0,3.15716e-10,0.0333,7.22861e-11,0.0336,3.1705816003248986e-10,0.033048875159914164,3.112365510575095e-10,0.033109368941893993,2.655287602072759e-10,0.033215466969813354,
SR_Pu_UN_G1_C1_P_D300.0m_Lw_15000.0cm_Epw5.0cm_w_steel.o,C1,P,300.0,15000.0,5.0,steel,0,C1_H_0,1.11717e-10,0.0389,2.73386e-11,0.0422,1.1231379571565556e-10,0.03885012066555217,1.1023138373761574e-10,0.03890933728059927,9.384511106052853e-11,0.038965181132822095,
SR_Pu_UN_G1_C1_P_D500.0m_Lw_25000.0cm_Epw5.0cm_w_steel.o,C1,P,500.0,25000.0,5.0,steel,0,C1_H_0,2.44988e-11,0.082,5.29555e-12,0.047,2.457865132444422e-11,0.08045813844386646,2.4130270252850278e-11,0.08158137821482808,2.0499996501048033e-11,0.08263483004936573,
SR_Pu_UN_G1_C1_P_D700.0m_Lw_35000.0cm_Epw5.0cm_w_steel.o,C1,P,700.0,35000.0,5.0,steel,0,C1_H_0,6.01769e-12,0.0759,1.34347e-12,0.0357,6.046861710242885e-12,0.0756207574969301,5.934956241815592e-12,0.07562266950621122,5.0581568878891765e-12,0.07559370735248766,
SR_Pu_UN_G1_C1_P_D1000.0m_Lw_50000.0cm_Epw5.0cm_w_steel.o,C1,P,1000.0,50000.0,5.0,steel,0,C1_H_0,7.08131e-13,0.1097,1.91862e-13,0.0447,7.131191461724221e-13,0.10998770624515464,6.978139564310425e-13,0.1091785103160712,5.899449769155985e-13,0.10760789877499358,
SR_Pu_UN_G1_C1_P_D1200.0m_Lw_60000.0cm_Epw5.0cm_w_steel.o,C1,P,1200.0,60000.0,5.0,steel,0,C1_H_0,3.50652e-13,0.1702,6.67847e-14,0.0647,3.509296512816502e-13,0.16924593260811072,3.443551425660147e-13,0.16919687702653766,2.9330760350346423e-13,0.16847629789046487,
SR_Pu_UN_G1_C1_P_D1.0m_Lw_50.0cm_Epw10.0cm_w_steel.o,C1,P,1.0,50.0,10.0,steel,0,C1_H_0,3.88038e-06,0.0119,8.93046e-07,0.0382,3.909671349432421e-06,0.01144921856028175,3.857837232850431e-06,0.011075800625481805,3.3174665189767737e-06,0.010921749552464072,
SR_Pu_UN_G1_C1_P_D2.0m_Lw_100.0cm_Epw10.0cm_w_steel.o,C1,P,2.0,100.0,10.0,steel,0,C1_H_0,1.238e-06,0.0114,2.59041e-07,0.0157,1.246259588614638e-06,0.01126667804113529,1.2301892439866485e-06,0.011262187632858536,1.0573535615425602e-06,0.011242140319817262,
SR_Pu_UN_G1_C1_P_D5.0m_Lw_250.0cm_Epw10.0cm_w_steel.o,C1,P,5.0,250.0,10.0,steel,0,C1_H_0,2.28236e-07,0.0136,4.63948e-08,0.02,2.2958786227560634e-07,0.013532931438297873,2.2643304881555817e-07,0.01349727467361375,1.9439268053871705e-07,0.013447857265350695,
SR_Pu_UN_G1_C1_P_D10.0m_Lw_500.0cm_Epw10.0cm_w_steel.o,C1,P,10.0,500.0,10.0,steel,0,C1_H_0,5.68766e-08,0.0116,1.18678e-08,0.0185,5.7197637550314137e-08,0.01153986439153261,5.636077798430759e-08,0.011520555330850347,4.834335623153069e-08,0.01146925218341725,
SR_Pu_UN_G1_C1_P_D100.0m_Lw_5000.0cm_Epw10.0cm_w_steel.o,C1,P,100.0,5000.0,10.0,steel,0,C1_H_0,8.61746e-10,0.0245,1.89338e-10,0.0331,8.663057629666277e-10,0.024521747848181844,8.515031184806689e-10,0.02454698557036027,7.281449125194658e-10,0.02435833089221308,
SR_Pu_UN_G1_C1_P_D2.0m_Lw_100.0cm_Epw1.0cm_w_steel.o,C1,P,2.0,100.0,1.0,steel,0,C1_H_0,3.3872e-06,0.0061,6.67302e-07,0.0125,3.39928185151942e-06,0.006011356620053615,3.3633863763395755e-06,0.005948310126151907,2.903448035834497e-06,0.00588664991025905,
SR_Pu_UN_G1_C1_P_D200.0m_Lw_10000.0cm_Epw10.0cm_w_steel.o,C1,P,200.0,10000.0,10.0,steel,0,C1_H_0,2.12957e-10,0.0302,4.56778e-11,0.033,2.138780437436536e-10,0.029895327927972035,2.10326148232181e-10,0.03006089212030279,1.7976251194055837e-10,0.030254388985730726,
SR_Pu_UN_G1_C1_P_D300.0m_Lw_15000.0cm_Epw10.0cm_w_steel.o,C1,P,300.0,15000.0,10.0,steel,0,C1_H_0,8.16231e-11,0.039,1.72137e-11,0.0364,8.188421723757378e-11,0.03860559013476177,8.04193389021617e-11,0.03847847044580489,6.870404125784482e-11,0.03818392019637003,
SR_Pu_UN_G1_C1_P_D500.0m_Lw_25000.0cm_Epw10.0cm_w_steel.o,C1,P,500.0,25000.0,10.0,steel,0,C1_H_0,1.78659e-11,0.0542,3.66155e-12,0.0387,1.7932200397315715e-11,0.05391942378329177,1.7616520370918612e-11,0.05389101191342911,1.50367167258736e-11,0.05370535187291464,
SR_Pu_UN_G1_C1_P_D700.0m_Lw_35000.0cm_Epw10.0cm_w_steel.o,C1,P,700.0,35000.0,10.0,steel,0,C1_H_0,3.94446e-12,0.0571,8.96966e-13,0.0303,3.954337991332564e-12,0.05659837264235513,3.882555000826812e-12,0.05669220052768529,3.3062871731088656e-12,0.0566947778329614,
SR_Pu_UN_G1_C1_P_D1000.0m_Lw_50000.0cm_Epw10.0cm_w_steel.o,C1,P,1000.0,50000.0,10.0,steel,0,C1_H_0,6.24163e-13,0.13,1.29392e-13,0.0443,6.269883456449414e-13,0.12965970058406526,6.143976541405055e-13,0.1289538832160542,5.199432254716575e-13,0.12718798024694344,
SR_Pu_UN_G1_C1_P_D1200.0m_Lw_60000.0cm_Epw10.0cm_w_steel.o,C1,P,1200.0,60000.0,10.0,steel,0,C1_H_0,1.83355e-13,0.1319,3.73089e-14,0.0518,1.8448063599124354e-13,0.13212335904036837,1.8031625852737617e-13,0.1315256180809366,1.5229271942971356e-13,0.13024710629899025,
SR_Pu_UN_G1_C1_P_D1.0m_Lw_50.0cm_Epw20.0cm_w_steel.o,C1,P,1.0,50.0,20.0,steel,0,C1_H_0,1.22773e-06,0.0073,2.46322e-07,0.0164,1.2368158579749281e-06,0.007066464872194219,1.2178880571653182e-06,0.006989991139608173,1.042244652166299e-06,0.0069501636579602285,
SR_Pu_UN_G1_C1_P_D2.0m_Lw_100.0cm_Epw20.0cm_w_steel.o,C1,P,2.0,100.0,20.0,steel,0,C1_H_0,4.56117e-07,0.0107,8.46043e-08,0.0174,4.5874588640908786e-07,0.010487050943638221,4.5177676804454977e-07,0.010460610079136673,3.8673099136876804e-07,0.010422496246321526,
SR_Pu_UN_G1_C1_P_D5.0m_Lw_250.0cm_Epw20.0cm_w_steel.o,C1,P,5.0,250.0,20.0,steel,0,C1_H_0,9.47261e-08,0.0125,1.69489e-08,0.0236,9.514231771127439e-08,0.012364771897950317,9.367844838997358e-08,0.012305852408091327,8.018385201820436e-08,0.012207053647413016,
SR_Pu_UN_G1_C1_P_D10.0m_Lw_500.0cm_Epw20.0cm_w_steel.o,C1,P,10.0,500.0,20.0,steel,0,C1_H_0,2.44944e-08,0.0096,4.50039e-09,0.0204,2.462309031879019e-08,0.009543751106147675,2.423569852708291e-08,0.009481130639006309,2.0749659288216345e-08,0.009421654566326761,
SR_Pu_UN_G1_C1_P_D20.0m_Lw_1000.0cm_Epw20.0cm_w_steel.o,C1,P,20.0,1000.0,20.0,steel,0,C1_H_0,7.03539e-09,0.0089,1.27976e-09,0.0177,7.0735057880546804e-09,0.00888675294363758,6.961379394735618e-09,0.008840040252186812,5.960616472951786e-09,0.00877218511598121,
SR_Pu_UN_G1_C1_P_D50.0m_Lw_2500.0cm_Epw20.0cm_w_steel.o,C1,P,50.0,2500.0,20.0,steel,0,C1_H_0,1.57866e-09,0.0085,2.91375e-10,0.0148,1.5861217060836872e-09,0.008450432926843747,1.5605909021597303e-09,0.008422093663325886,1.3355484196838162e-09,0.008379838521747611,
SR_Pu_UN_G1_C1_P_D100.0m_Lw_5000.0cm_Epw20.0cm_w_steel.o,C1,P,100.0,5000.0,20.0,steel,0,C1_H_0,5.18767e-10,0.0123,9.85928e-11,0.0185,5.212898951978502e-10,0.012234792278191794,5.126878193032568e-10,0.012189550267459343,4.3859141462693806e-10,0.01209024001438778,
SR_Pu_UN_G1_C1_P_D200.0m_Lw_10000.0cm_Epw20.0cm_w_steel.o,C1,P,200.0,10000.0,20.0,steel,0,C1_H_0,1.34616e-10,0.0225,2.68843e-11,0.0328,1.3519830513898093e-10,0.02214313572311704,1.3290403871461446e-10,0.022084990374475286,1.1352214009942682e-10,0.021954741070808116,
SR_Pu_UN_G1_C1_P_D300.0m_Lw_15000.0cm_Epw20.0cm_w_steel.o,C1,P,300.0,15000.0,20.0,steel,0,C1_H_0,4.84415e-11,0.0217,1.01308e-11,0.0209,4.868583756992427e-11,0.021565873200478026,4.7841113017213334e-11,0.021443697803251265,4.082086243493237e-11,0.021168891751139427,
SR_Pu_UN_G1_C1_P_D500.0m_Lw_25000.0cm_Epw20.0cm_w_steel.o,C1,P,500.0,25000.0,20.0,steel,0,C1_H_0,9.24361e-12,0.0285,1.97326e-12,0.0209,9.290606079484776e-12,0.028427661042914346,9.122032718537964e-12,0.028351446847086743,7.763882069317878e-12,0.02819595356835174,
SR_Pu_UN_G1_C1_P_D700.0m_Lw_35000.0cm_Epw20.0cm_w_steel.o,C1,P,700.0,35000.0,20.0,steel,0,C1_H_0,2.19933e-12,0.0337,4.51393e-13,0.0178,2.2101247374608977e-12,0.0337117651477948,2.16716617412744e-12,0.033574172441837156,1.840498884992033e-12,0.03325261383193015,
SR_Pu_UN_G1_C1_P_D1000.0m_Lw_50000.0cm_Epw20.0cm_w_steel.o,C1,P,1000.0,50000.0,20.0,steel,0,C1_H_0,2.794e-13,0.0648,5.78378e-14,0.0221,2.8100929058881224e-13,0.06520079880877776,2.7519588046279176e-13,0.06459485678272443,2.3320042259138955e-13,0.06333698348765551,
SR_Pu_UN_G1_C1_P_D1200.0m_Lw_60000.0cm_Epw20.0cm_w_steel.o,C1,P,1200.0,60000.0,20.0,steel,0,C1_H_0,8.77862e-14,0.0601,1.67573e-14,0.0244,8.814886372619659e-14,0.05996677236241141,8.633282882967444e-14,0.05966846790715743,7.317869362810923e-14,0.0590149021713738,
SR_Pu_UN_G1_C1_P_D1.0m_Lw_50.0cm_Epw40.0cm_w_steel.o,C1,P,1.0,50.0,40.0,steel,0,C1_H_0,6.40915e-07,0.0045,9.06085e-08,0.0122,6.426588752957943e-07,0.004029448351071924,6.302206749478752e-07,0.004028851371123525,5.3511799270766e-07,0.0040476905340417185,
SR_Pu_UN_G1_C1_P_D2.0m_Lw_100.0cm_Epw40.0cm_w_steel.o,C1,P,2.0,100.0,40.0,steel,0,C1_H_0,2.22228e-07,0.0054,3.34164e-08,0.0149,2.2296926089179187e-07,0.005185402751148565,2.1889164668328571e-07,0.00514610892318509,1.8634418865535983e-07,0.005119387572578351,
SR_Pu_UN_G1_C1_P_D5.0m_Lw_250.0cm_Epw40.0cm_w_steel.o,C1,P,5.0,250.0,40.0,steel,0,C1_H_0,4.67569e-08,0.0069,7.0389e-09,0.0113,4.6931930694e-08,0.006870560117553273,4.614588328724484e-08,0.006831857849375132,3.93979578889783e-08,0.006769148477779903,
SR_Pu_UN_G1_C1_P_D10.0m_Lw_500.0cm_Epw40.0cm_w_steel.o,C1,P,10.0,500.0,40.0,steel,0,C1_H_0,1.20764e-08,0.0059,1.8784e-09,0.0105,1.21232346450238e-08,0.005794931024456116,1.1921836070252011e-08,0.005775051379287712,1.0183434873118925e-08,0.005754241838597907,
SR_Pu_UN_G1_C1_P_D20.0m_Lw_1000.0cm_Epw40.0cm_w_steel.o,C1,P,20.0,1000.0,40.0,steel,0,C1_H_0,3.41138e-09,0.0044,5.53713e-10,0.0097,3.425321681430471e-09,0.004383245530877251,3.3687508751813654e-09,0.004359257422831133,2.8787022310171218e-09,0.004324825471699747,
SR_Pu_UN_G1_C1_P_D50.0m_Lw_2500.0cm_Epw40.0cm_w_steel.o,C1,P,50.0,2500.0,40.0,steel,0,C1_H_0,7.49954e-10,0.0048,1.29379e-10,0.0159,7.53256048938987e-10,0.004595864501782429,7.408158756152887e-10,0.004583855949905809,6.32850715296644e-10,0.0043892520360694865,
SR_Pu_UN_G1_C1_P_D100.0m_Lw_5000.0cm_Epw40.0cm_w_steel.o,C1,P,100.0,5000.0,40.0,steel,0,C1_H_0,2.31185e-10,0.0071,4.20876e-11,0.0113,2.3222423976578463e-10,0.006865599859982686,2.2837290343012175e-10,0.0068482427267277865,1.9521637752443106e-10,0.006812067971190351,
SR_Pu_UN_G1_C1_P_D200.0m_Lw_10000.0cm_Epw40.0cm_w_steel.o,C1,P,200.0,10000.0,40.0,steel,0,C1_H_0,5.82107e-11,0.0111,1.13895e-11,0.013,5.851196378505268e-11,0.01100521577649712,5.7511059820059836e-11,0.010952964100760298,4.910940623288172e-11,0.010802633256111341,
SR_Pu_UN_G1_C1_P_D300.0m_Lw_15000.0cm_Epw40.0cm_w_steel.o,C1,P,300.0,15000.0,40.0,steel,0,C1_H_0,2.05038e-11,0.0173,3.98725e-12,0.0147,2.0596445395797165e-11,0.017121048997453883,2.0239507723150484e-11,0.017157274569726152,1.72641628116126e-11,0.017088083642551044,
SR_Pu_UN_G1_C1_P_D500.0m_Lw_25000.0cm_Epw40.0cm_w_steel.o,C1,P,500.0,25000.0,40.0,steel,0,C1_H_0,3.50136e-12,0.0221,7.3168e-13,0.0172,3.5200805352341346e-12,0.021995932749842767,3.454606828820377e-12,0.021952685888909088,2.9395972583300623e-12,0.021797408197220963,
SR_Pu_UN_G1_C1_P_D1200.0m_Lw_60000.0cm_Epw40.0cm_w_steel.o,C1,P,1200.0,60000.0,40.0,steel,0,C1_H_0,2.68805e-14,0.0516,5.33003e-15,0.0232,2.7015792556564862e-14,0.0515075449685137,2.6452730021655236e-14,0.051418986748977276,2.2363098886559798e-14,0.051152750254264044,
SR_Pu_UN_G1_C1_P_D1.0m_Lw_50.0cm_Epw1.0cm_w_steel.o,C1,P,1.0,50.0,1.0,steel,0,C1_H_0,1.10405e-05,0.004,2.14738e-06,0.0066,1.1082225244304297e-05,0.003903250590374383,1.0980802493422627e-05,0.0038948135155137853,9.493336857704803e-06,0.0038975848844039437,
SR_Pu_UN_G1_C1_P_D20.0m_Lw_1000.0cm_Epw10.0cm_w_steel.o,C1,P,20.0,1000.0,10.0,steel,0,C1_H_0,1.50699e-08,0.0101,3.13903e-09,0.018,1.5144437327608614e-08,0.010090062774956712,1.491552703886694e-08,0.010060287905937465,1.2788518448060223e-08,0.01002128444324376,
SR_Pu_UN_G1_C1_P_D50.0m_Lw_2500.0cm_Epw10.0cm_w_steel.o,C1,P,50.0,2500.0,10.0,steel,0,C1_H_0,3.06871e-09,0.0176,6.34476e-10,0.0234,3.083764507660584e-09,0.017514800752389238,3.032698806418959e-09,0.017514389894077213,2.594742418607859e-09,0.017463166462763646,
SR_Pu_UN_G1_C1_P_D700.0m_Lw_35000.0cm_Epw40.0cm_w_steel.o,C1,P,700.0,35000.0,40.0,steel,0,C1_H_0,7.41658e-13,0.0305,1.5764e-13,0.017,7.451727109925104e-13,0.030309596270300616,7.310017867028835e-13,0.030207267231887575,6.210511320717992e-13,0.029937627907377928,
SR_Pu_UN_G1_C1_P_D1000.0m_Lw_50000.0cm_Epw40.0cm_w_steel.o,C1,P,1000.0,50000.0,40.0,steel,0,C1_H_0,9.83066e-14,0.0485,1.9229e-14,0.0205,9.856472736531536e-14,0.04807325165735091,9.654271061734566e-14,0.047839111066121855,8.181275532996132e-14,0.04726275760742019,
SR_Pu_UN_G1_C1_N_D5.0m_Lw_250.0cm_Epw1.0cm_w_water.o,C1,N,5.0,250.0,1.0,water,0,C1_H_0,8.76271e-06,0.0293,3.55591e-07,0.0316,8.331649017902876e-06,0.028864403798290826,0.00010193633408974088,0.03384327172330446,8.54506673798201e-05,0.031249346387134284,-4.919265639250017
SR_Pu_UN_G1_C1_N_D10.0m_Lw_500.0cm_Epw1.0cm_w_water.o,C1,N,10.0,500.0,1.0,water,0,C1_H_0,2.16592e-06,0.0208,9.78313e-08,0.0431,2.062089400038078e-06,0.0207058993799146,2.469846024281565e-05,0.02236913000087975,2.077500455516793e-05,0.020741005162419435,-4.793833565502043
SR_Pu_UN_G1_C1_N_D20.0m_Lw_1000.0cm_Epw1.0cm_w_water.o,C1,N,20.0,1000.0,1.0,water,0,C1_H_0,5.44356e-07,0.0129,2.75188e-08,0.0156,5.183508129654988e-07,0.012806886933579302,6.1679033922856495e-06,0.01345114245772858,5.122995471489982e-06,0.013474780018526786,-4.777238982302235
SR_Pu_UN_G1_C1_N_D50.0m_Lw_2500.0cm_Epw1.0cm_w_water.o,C1,N,50.0,2500.0,1.0,water,0,C1_H_0,9.17449e-08,0.0225,5.66836e-09,0.0153,8.754357663823507e-08,0.022470959638957257,1.0202795066333814e-06,0.021641575043284903,8.291608510303716e-07,0.02466293347264859,-4.579353579070807
SR_Pu_UN_G1_C1_N_D100.0m_Lw_5000.0cm_Epw1.0cm_w_water.o,C1,N,100.0,5000.0,1.0,water,0,C1_H_0,2.19402e-08,0.0383,1.6574e-09,0.0216,2.0940448947316614e-08,0.03836246904369097,2.4481795352732717e-07,0.036977275891851576,1.8890612560696974e-07,0.044839305324167876,-4.5567089301072325
SR_Pu_UN_G1_C1_N_D200.0m_Lw_10000.0cm_Epw1.0cm_w_water.o,C1,N,200.0,10000.0,1.0,water,0,C1_H_0,4.38152e-09,0.0598,3.75293e-10,0.0264,4.179650086450965e-09,0.059541060080200776,4.802871040711912e-08,0.054806438141212395,3.5996021006607575e-08,0.06840888691459632,-4.607303254328055
SR_Pu_UN_G1_C1_N_D300.0m_Lw_15000.0cm_Epw1.0cm_w_water.o,C1,N,300.0,15000.0,1.0,water,0,C1_H_0,1.37923e-09,0.0677,1.23879e-10,0.029,1.318529917408186e-09,0.06766774857507336,1.49278612037743e-08,0.06291907985646586,1.1129532057071483e-08,0.0809669463991064,-4.401012346875725
SR_Pu_UN_G1_C1_N_D500.0m_Lw_25000.0cm_Epw1.0cm_w_water.o,C1,N,500.0,25000.0,1.0,water,0,C1_H_0,2.25507e-10,0.1217,2.15748e-11,0.0326,2.1515026800651911e-10,0.1196424346841153,2.4353688271788116e-09,0.0913626153187525,1.7499462213559366e-09,0.13470646580516296,-4.592643240999565
SR_Pu_UN_G1_C1_N_D700.0m_Lw_35000.0cm_Epw1.0cm_w_water.o,C1,N,700.0,35000.0,1.0,water,0,C1_H_0,4.81797e-11,0.1387,4.52809e-12,0.0322,4.6070808929661715e-11,0.13651745090955275,4.974339050226327e-10,0.10766614929143822,3.768125101333554e-10,0.15441670659135465,-4.377136159706864
SR_Pu_UN_G1_C1_N_D1000.0m_Lw_50000.0cm_Epw1.0cm_w_water.o,C1,N,1000.0,50000.0,1.0,water,0,C1_H_0,4.55692e-12,0.1579,4.79324e-13,0.0288,4.3515200955856845e-12,0.1546780033767416,4.536148607521091e-11,0.10837781757492712,3.341528141855415e-11,0.17870395726609303,-4.507428359820129
SR_Pu_UN_G1_C1_N_D1200.0m_Lw_60000.0cm_Epw1.0cm_w_water.o,C1,N,1200.0,60000.0,1.0,water,0,C1_H_0,1.15211e-12,0.142,1.21645e-13,0.0509,1.093727866413079e-12,0.1337709944656498,1.261069379906398e-11,0.1867766542735652,8.7635273770723e-12,0.18341271746670823,-5.067409673288224
SR_Pu_UN_G1_C1_N_D1.0m_Lw_50.0cm_Epw5.0cm_w_water.o,C1,N,1.0,50.0,5.0,water,0,C1_H_0,0.000120028,0.006,5.71264e-06,0.0116,0.00011450953153159483,0.005874004326706946,0.0013250790506724667,0.0064069330903690274,0.0011393754020669624,0.0061583217827162135,-4.597650938451999
SR_Pu_UN_G1_C1_N_D2.0m_Lw_100.0cm_Epw5.0cm_w_water.o,C1,N,2.0,100.0,5.0,water,0,C1_H_0,3.49823e-05,0.0144,1.82848e-06,0.0222,3.333699694026955e-05,0.013969884160905912,0.00038585536430487224,0.01588782390498961,0.0003273080651693444,0.014836423790629459,-4.70324438281774
SR_Pu_UN_G1_C1_N_D5.0m_Lw_250.0cm_Epw5.0cm_w_water.o,C1,N,5.0,250.0,5.0,water,0,C1_H_0,5.74573e-06,0.0191,3.1557e-07,0.0308,5.4868798979233686e-06,0.01906772418076458,6.294958854212526e-05,0.021553088581192148,5.340220931138317e-05,0.02004936187193164,-4.5050864220322175
SR_Pu_UN_G1_C1_N_D10.0m_Lw_500.0cm_Epw5.0cm_w_water.o,C1,N,10.0,500.0,5.0,water,0,C1_H_0,1.50827e-06,0.0214,9.37047e-08,0.0362,1.4410048502918398e-06,0.02113913300806315,1.635146127354379e-05,0.023990590794516906,1.3714687783158542e-05,0.022191930266793624,-4.459755196891821
SR_Pu_UN_G1_C1_N_D20.0m_Lw_1000.0cm_Epw5.0cm_w_water.o,C1,N,20.0,1000.0,5.0,water,0,C1_H_0,3.62253e-07,0.0114,2.40795e-08,0.0135,3.461434980548496e-07,0.01133495117535103,3.885875384492217e-06,0.012206314257711062,3.246228781303548e-06,0.012513930244636587,-4.4470306512714535
SR_Pu_UN_G1_C1_N_D50.0m_Lw_2500.0cm_Epw5.0cm_w_water.o,C1,N,50.0,2500.0,5.0,water,0,C1_H_0,5.81281e-08,0.022,4.59628e-09,0.0154,5.5603413583927455e-08,0.02201250169389629,6.030170336698369e-07,0.021597360103588228,4.979235349012772e-07,0.025479046441926678,-4.3433148788151446
SR_Pu_UN_G1_C1_N_D100.0m_Lw_5000.0cm_Epw5.0cm_w_water.o,C1,N,100.0,5000.0,5.0,water,0,C1_H_0,1.30578e-08,0.0386,1.12386e-09,0.0245,1.247345266669912e-08,0.038684144839920234,1.3749085588525923e-07,0.03838491263495157,1.0866442544610649e-07,0.04555423262241676,-4.475082581299139
SR_Pu_UN_G1_C1_N_D200.0m_Lw_10000.0cm_Epw5.0cm_w_water.o,C1,N,200.0,10000.0,5.0,water,0,C1_H_0,2.28138e-09,0.0661,2.02628e-10,0.0311,2.1684621812070885e-09,0.0642446937447234,2.3902699169250913e-08,0.06053561982412761,1.8473569554519842e-08,0.07607453440092153,-4.949540137675939
SR_Pu_UN_G1_C1_N_D300.0m_Lw_15000.0cm_Epw5.0cm_w_water.o,C1,N,300.0,15000.0,5.0,water,0,C1_H_0,7.65805e-10,0.0919,6.33831e-11,0.0363,7.354866282733684e-10,0.09176766003908512,7.980823350682179e-09,0.08229394792708952,6.397132172005477e-09,0.1056783453438803,-3.9590198192270374
SR_Pu_UN_G1_C1_N_D500.0m_Lw_25000.0cm_Epw5.0cm_w_water.o,C1,N,500.0,25000.0,5.0,water,0,C1_H_0,1.05718e-10,0.1158,9.87758e-12,0.0429,1.0172146728094269e-10,0.11794082491884712,1.1533793486850343e-09,0.120127345126638,8.802390163111148e-10,0.155900547490617,-3.7803710995831383
SR_Pu_UN_G1_C1_N_D700.0m_Lw_35000.0cm_Epw5.0cm_w_water.o,C1,N,700.0,35000.0,5.0,water,0,C1_H_0,2.58469e-11,0.2909,1.99874e-12,0.0656,2.4504871460981025e-11,0.286508693282744,2.456998360359177e-10,0.2066637958468897,2.0449331709475233e-10,0.3044494186550747,-5.192222429068767
SR_Pu_UN_G1_C1_N_D1000.0m_Lw_50000.0cm_Epw5.0cm_w_water.o,C1,N,1000.0,50000.0,5.0,water,0,C1_H_0,2.29e-12,0.0679,2.23872e-13,0.0233,2.2010499179092597e-12,0.06973317993456672,2.468568263200129e-11,0.05749107027892471,1.8095606235478647e-11,0.08297165826651003,-3.884283060731023
SR_Pu_UN_G1_C1_N_D1200.0m_Lw_60000.0cm_Epw5.0cm_w_water.o,C1,N,1200.0,60000.0,5.0,water,0,C1_H_0,6.30603e-13,0.1117,5.91929e-14,0.0373,6.010310171265273e-13,0.10713759991489152,6.779780149639739e-12,0.11599687271922085,4.9592363741825025e-12,0.12912822246103922,-4.689477036023091
SR_Pu_UN_G1_C1_N_D1.0m_Lw_50.0cm_Epw10.0cm_w_water.o,C1,N,1.0,50.0,10.0,water,0,C1_H_0,7.3806e-05,0.0074,4.50267e-06,0.0142,7.057010643686054e-05,0.007098527612978417,0.0007711875699691862,0.008384355476626042,0.000673712588266641,0.00752412892804556,-4.384323175811535
SR_Pu_UN_G1_C1_N_D2.0m_Lw_100.0cm_Epw10.0cm_w_water.o,C1,N,2.0,100.0,10.0,water,0,C1_H_0,2.07817e-05,0.0132,1.37925e-06,0.0251,1.9854167263225382e-05,0.012718580174731648,0.00021589553003755878,0.014341297332634574,0.00018622540919690521,0.013420828263792284,-4.4632187779374135
SR_Pu_UN_G1_C1_N_D5.0m_Lw_250.0cm_Epw10.0cm_w_water.o,C1,N,5.0,250.0,10.0,water,0,C1_H_0,3.44901e-06,0.0195,2.37082e-07,0.0324,3.3041451106994813e-06,0.019466575401403802,3.535325254576979e-05,0.021123604285528237,3.081899195159384e-05,0.021037544858832944,-4.200187569781442
SR_Pu_UN_G1_C1_N_D10.0m_Lw_500.0cm_Epw10.0cm_w_water.o,C1,N,10.0,500.0,10.0,water,0,C1_H_0,8.09292e-07,0.0206,6.03206e-08,0.0344,7.736781858894994e-07,0.02008565755601383,8.252160296138296e-06,0.0231149511147267,7.079885581856419e-06,0.02161836215191162,-4.400613636425491
SR_Pu_UN_G1_C1_N_D20.0m_Lw_1000.0cm_Epw10.0cm_w_water.o,C1,N,20.0,1000.0,10.0,water,0,C1_H_0,2.00227e-07,0.011,1.63247e-08,0.0177,1.9170577170430834e-07,0.01079691674550852,2.017943274212856e-06,0.01161394803493058,1.7180273610990814e-06,0.01211468124916713,-4.255783833195156
SR_Pu_UN_G1_C1_N_D200.0m_Lw_10000.0cm_Epw10.0cm_w_water.o,C1,N,200.0,10000.0,10.0,water,0,C1_H_0,1.09254e-09,0.0605,9.66329e-11,0.0322,1.0469586737387182e-09,0.060675293712144675,1.1211560819209849e-08,0.05761984952344482,9.024484715971155e-09,0.0706989076920596,-4.172051024336121
SR_Pu_UN_G1_C1_N_D2.0m_Lw_100.0cm_Epw1.0cm_w_water.o,C1,N,2.0,100.0,1.0,water,0,C1_H_0,4.91894e-05,0.01,2.03351e-06,0.0288,4.676360005177787e-05,0.009745200203398788,0.000564396381026863,0.011051622580210219,0.00047610435632331925,0.008850398189275542,-4.931550188093633
SR_Pu_UN_G1_C1_N_D300.0m_Lw_15000.0cm_Epw10.0cm_w_water.o,C1,N,300.0,15000.0,10.0,water,0,C1_H_0,3.66132e-10,0.0814,2.91226e-11,0.0358,3.5107142091232296e-10,0.08165737791185647,3.9262767079834505e-09,0.07335279335624861,3.104400176749181e-09,0.09179728044051677,-4.113428787343652
SR_Pu_UN_G1_C1_N_D500.0m_Lw_25000.0cm_Epw10.0cm_w_water.o,C1,N,500.0,25000.0,10.0,water,0,C1_H_0,4.93145e-11,0.1177,4.00197e-12,0.0413,4.7102820597941604e-11,0.11626948629684628,5.216686197217693e-10,0.09540780518941043,4.127772171101413e-10,0.129229875781515,-4.484846043371419
SR_Pu_UN_G1_C1_N_D700.0m_Lw_35000.0cm_Epw10.0cm_w_water.o,C1,N,700.0,35000.0,10.0,water,0,C1_H_0,1.12848e-11,0.0704,8.76254e-13,0.0284,1.0847574006011393e-11,0.07042321027359408,1.2165117074800633e-10,0.061605445367219354,9.61969361142334e-11,0.07825516445451614,-3.874468258087049
SR_Pu_UN_G1_C1_N_D1000.0m_Lw_50000.0cm_Epw10.0cm_w_water.o,C1,N,1000.0,50000.0,10.0,water,0,C1_H_0,1.04761e-12,0.0526,9.89553e-14,0.0237,1.0014461283674722e-12,0.051908312707454225,1.1454495512032273e-11,0.048976933301767875,8.350335277697838e-12,0.05954382776125062,-4.406589440013729
SR_Pu_UN_G1_C1_N_D1200.0m_Lw_60000.0cm_Epw10.0cm_w_water.o,C1,N,1200.0,60000.0,10.0,water,0,C1_H_0,2.8602e-13,0.1114,2.51436e-14,0.0283,2.736345434220902e-13,0.10908103177181795,2.991643115199171e-12,0.07869760122868664,2.3070277443023275e-12,0.11736505879577777,-4.330276406513453
SR_Pu_UN_G1_C1_N_D1.0m_Lw_50.0cm_Epw20.0cm_w_water.o,C1,N,1.0,50.0,20.0,water,0,C1_H_0,2.48213e-05,0.006,1.69846e-06,0.0155,2.3787479224642473e-05,0.00527459818025876,0.0002457467445185382,0.0053833829243931,0.00022230385598605114,0.005451598347091231,-4.1650549139550535
SR_Pu_UN_G1_C1_N_D2.0m_Lw_100.0cm_Epw20.0cm_w_water.o,C1,N,2.0,100.0,20.0,water,0,C1_H_0,6.6158e-06,0.0122,4.60783e-07,0.0233,6.345286905280462e-06,0.011959752327237588,6.557077826023769e-05,0.012496547150696926,5.904106429375726e-05,0.0125159300643639,-4.08889468725684
SR_Pu_UN_G1_C1_N_D5.0m_Lw_250.0cm_Epw20.0cm_w_water.o,C1,N,5.0,250.0,20.0,water,0,C1_H_0,1.34496e-06,0.1892,1.65887e-07,0.542,1.2880805759214718e-06,0.0834758148680683,1.1951978636418085e-05,0.04323929489010222,1.016020739425285e-05,0.028248022777152253,-4.2290792349607536
SR_Pu_UN_G1_C1_N_D10.0m_Lw_500.0cm_Epw20.0cm_w_water.o,C1,N,10.0,500.0,20.0,water,0,C1_H_0,2.49429e-07,0.0215,1.74292e-08,0.0427,2.394207186621482e-07,0.02084222425081126,2.4804652654106605e-06,0.02197095914963411,2.2297135769323996e-06,0.02277539633500504,-4.01247703268338
SR_Pu_UN_G1_C1_N_D20.0m_Lw_1000.0cm_Epw20.0cm_w_water.o,C1,N,20.0,1000.0,20.0,water,0,C1_H_0,5.92018e-08,0.0121,4.44606e-09,0.0245,5.68002393202446e-08,0.011462118708296266,5.86702030571127e-07,0.012092704717531337,5.205319963981163e-07,0.012717552126205605,-4.056566995860594
SR_Pu_UN_G1_C1_N_D50.0m_Lw_2500.0cm_Epw20.0cm_w_water.o,C1,N,50.0,2500.0,20.0,water,0,C1_H_0,8.8639e-09,0.0215,6.89684e-10,0.0178,8.501310655550208e-09,0.02143121242945366,8.783770599503835e-08,0.02090002346995316,7.710072187989042e-08,0.024241222550209416,-4.090629908390123
SR_Pu_UN_G1_C1_N_D100.0m_Lw_5000.0cm_Epw20.0cm_w_water.o,C1,N,100.0,5000.0,20.0,water,0,C1_H_0,1.736e-09,0.0568,1.59626e-10,0.1726,1.6636651828740146e-09,0.04139482810046339,1.71203505056563e-08,0.037056897886102044,1.4522326323285441e-08,0.04255148637287895,-4.166752138593631
SR_Pu_UN_G1_C1_N_D200.0m_Lw_10000.0cm_Epw20.0cm_w_water.o,C1,N,200.0,10000.0,20.0,water,0,C1_H_0,3.30134e-10,0.0739,2.16742e-11,0.0359,3.1576928545600534e-10,0.0732716543195898,3.3575681492191984e-09,0.06394067452273687,2.9395298670064517e-09,0.07875170589461729,-4.35117695965719
SR_Pu_UN_G1_C1_N_D300.0m_Lw_15000.0cm_Epw20.0cm_w_water.o,C1,N,300.0,15000.0,20.0,water,0,C1_H_0,8.41571e-11,0.0663,5.82089e-12,0.036,8.055872648943656e-11,0.06649235148951897,9.159832214619541e-10,0.06471599235016556,7.544150425689474e-10,0.07645156579825113,-4.2757812597670855
SR_Pu_UN_G1_C1_N_D500.0m_Lw_25000.0cm_Epw20.0cm_w_water.o,C1,N,500.0,25000.0,20.0,water,0,C1_H_0,1.48462e-11,0.0898,9.57221e-13,0.0397,1.416171406117334e-11,0.08849499490907632,1.6239093582311148e-10,0.07427887428693328,1.317279584071313e-10,0.09198797871673818,-4.610512715891341
SR_Pu_UN_G1_C1_N_D700.0m_Lw_35000.0cm_Epw20.0cm_w_water.o,C1,N,700.0,35000.0,20.0,water,0,C1_H_0,2.66052e-12,0.0506,1.96955e-13,0.0269,2.5488848344363483e-12,0.050756573068556944,2.974895445016986e-11,0.051219883820019615,2.354299028922854e-11,0.06120425204587213,-4.1959904666625985
SR_Pu_UN_G1_C1_N_D1000.0m_Lw_50000.0cm_Epw20.0cm_w_water.o,C1,N,1000.0,50000.0,20.0,water,0,C1_H_0,3.07799e-13,0.0771,2.53808e-14,0.0258,2.9366830381953114e-13,0.07584474534409091,3.2609528638060303e-12,0.06031720172352346,2.542681111015091e-12,0.08349782755170741,-4.590884369497251
SR_Pu_UN_G1_C1_N_D1200.0m_Lw_60000.0cm_Epw20.0cm_w_water.o,C1,N,1200.0,60000.0,20.0,water,0,C1_H_0,1.06663e-13,0.2769,7.38938e-15,0.0687,1.0145092171524319e-13,0.2715367903343539,1.0474291241692193e-12,0.190552725326583,8.820206213071911e-13,0.27719268380711065,-4.886491365100189
SR_Pu_UN_G1_C1_N_D1.0m_Lw_50.0cm_Epw40.0cm_w_water.o,C1,N,1.0,50.0,40.0,water,0,C1_H_0,3.0137e-06,0.0048,1.81511e-07,0.0171,2.895461102627928e-06,0.004117252487626294,2.941836674983288e-05,0.0031279222605238447,2.7507264841619087e-05,0.003409074426393427,-3.923379811264289
SR_Pu_UN_G1_C1_N_D2.0m_Lw_100.0cm_Epw40.0cm_w_water.o,C1,N,2.0,100.0,40.0,water,0,C1_H_0,7.46124e-07,0.0112,4.52487e-08,0.0289,7.166037308288589e-07,0.009207769806493354,7.256855703718865e-06,0.009584694247014853,6.8003370403022015e-06,0.009553372696171842,-3.9564829935963775
SR_Pu_UN_G1_C1_N_D5.0m_Lw_250.0cm_Epw40.0cm_w_water.o,C1,N,5.0,250.0,40.0,water,0,C1_H_0,1.16284e-07,0.0188,6.46455e-09,0.0322,1.1182015712045148e-07,0.01839648421558234,1.1483349218761724e-06,0.01935520072855001,1.0786928837220245e-06,0.019833081428215788,-3.838742113746104
SR_Pu_UN_G1_C1_N_D10.0m_Lw_500.0cm_Epw40.0cm_w_water.o,C1,N,10.0,500.0,40.0,water,0,C1_H_0,2.52778e-08,0.0193,1.43904e-09,0.0465,2.4309717960933236e-08,0.0182376329029371,2.4833915198309826e-07,0.018910337616106915,2.3328556776859717e-07,0.019765348650284082,-3.8297717327724845
SR_Pu_UN_G1_C1_N_D20.0m_Lw_1000.0cm_Epw40.0cm_w_water.o,C1,N,20.0,1000.0,40.0,water,0,C1_H_0,5.68439e-09,0.0118,3.28345e-10,0.018,5.462312191061106e-09,0.011698338987741811,5.606789623142703e-08,0.012003309559155951,5.23960413520703e-08,0.012914079047453056,-3.9068010628914354
SR_Pu_UN_G1_C1_N_D50.0m_Lw_2500.0cm_Epw40.0cm_w_water.o,C1,N,50.0,2500.0,40.0,water,0,C1_H_0,8.44594e-10,0.0267,5.25851e-11,0.0303,8.10827379824612e-10,0.02629843172900373,8.228142221921284e-09,0.024904463371522335,7.6524391188946e-09,0.028732081544566124,-3.997970643337278
SR_Pu_UN_G1_C1_N_D100.0m_Lw_5000.0cm_Epw40.0cm_w_water.o,C1,N,100.0,5000.0,40.0,water,0,C1_H_0,1.59236e-10,0.0443,1.01699e-11,0.0283,1.5292536483009378e-10,0.044880607183341775,1.5884778444109602e-09,0.036178092520977444,1.4238857198259075e-09,0.04428200076298099,-3.9630706435141674
SR_Pu_UN_G1_C1_N_D200.0m_Lw_10000.0cm_Epw40.0cm_w_water.o,C1,N,200.0,10000.0,40.0,water,0,C1_H_0,2.86865e-11,0.0587,1.65915e-12,0.0297,2.749290219348213e-11,0.05780724847908223,2.920882689117676e-10,0.04753495199089462,2.5782886987668367e-10,0.058258138619885096,-4.16083456161564
SR_Pu_UN_G1_C1_N_D300.0m_Lw_15000.0cm_Epw40.0cm_w_water.o,C1,N,300.0,15000.0,40.0,water,0,C1_H_0,9.4524e-12,0.1176,5.10185e-13,0.0454,9.055836097700765e-12,0.11558301397778521,9.601300716312883e-11,0.08659682315734346,8.619844206398219e-11,0.11217277376225294,-4.195377917769397
SR_Pu_UN_G1_C1_N_D500.0m_Lw_25000.0cm_Epw40.0cm_w_water.o,C1,N,500.0,25000.0,40.0,water,0,C1_H_0,1.34782e-12,0.0813,8.23926e-14,0.0411,1.2947480276561876e-12,0.08272843244415758,1.4905437086402142e-11,0.08065051629544896,1.2558662538019704e-11,0.09658266078762284,-3.9376157308700277
SR_Pu_UN_G1_C1_N_D700.0m_Lw_35000.0cm_Epw40.0cm_w_water.o,C1,N,700.0,35000.0,40.0,water,0,C1_H_0,3.25464e-13,0.1097,1.91255e-14,0.038,3.1208223107655167e-13,0.10815520627495005,3.443173047523219e-12,0.07905745381219337,2.9301246414195193e-12,0.10735310232747615,-4.111597265273064
SR_Pu_UN_G1_C1_N_D1.0m_Lw_50.0cm_Epw1.0cm_w_water.o,C1,N,1.0,50.0,1.0,water,0,C1_H_0,0.000167147,0.0051,6.07359e-06,0.0094,0.00015902004090487913,0.004876438823299072,0.001920750711756792,0.005930725138038265,0.0016435997148710182,0.004739074029101774,-4.86216270415914
SR_Pu_UN_G1_C1_N_D50.0m_Lw_2500.0cm_Epw10.0cm_w_water.o,C1,N,50.0,2500.0,10.0,water,0,C1_H_0,3.0944e-08,0.0225,2.75765e-09,0.0166,2.9613887457479596e-08,0.022572437896490553,3.054929791247986e-07,0.022387502191455758,2.5617148043456604e-07,0.0265531808498729,-4.298450563987867
SR_Pu_UN_G1_C1_N_D100.0m_Lw_5000.0cm_Epw10.0cm_w_water.o,C1,N,100.0,5000.0,10.0,water,0,C1_H_0,6.32928e-09,0.0435,5.7435e-10,0.0253,6.059045727787358e-09,0.043575666092477476,6.320264827396634e-08,0.04105581514899162,5.2120302964074845e-08,0.050924885732717584,-4.269589466932131
SR_Pu_UN_G1_C1_N_D1000.0m_Lw_50000.0cm_Epw40.0cm_w_water.o,C1,N,1000.0,50000.0,40.0,water,0,C1_H_0,4.00986e-14,0.1668,2.56526e-15,0.0491,3.8354979125848496e-14,0.16371036607914924,4.135285231339548e-13,0.11925931544481834,3.488813022048133e-13,0.1630474495595175,-4.3483335431947845
SR_Pu_UN_G1_C1_N_D1200.0m_Lw_60000.0cm_Epw40.0cm_w_water.o,C1,N,1200.0,60000.0,40.0,water,0,C1_H_0,9.98173e-15,0.1633,6.91103e-16,0.0422,9.503979988976661e-15,0.1599842482624735,1.020398128379963e-13,0.10905227463565208,8.38192791343085e-14,0.16137436525408425,-4.786244579079361
SR_Pu_UN_G1_C1_P_D5.0m_Lw_250.0cm_Epw1.0cm_w_water.o,C1,P,5.0,250.0,1.0,water,0,C1_H_0,5.37272e-07,0.0039,1.09144e-07,0.0073,5.381147284987214e-07,0.0038924009203537314,5.329713113051914e-07,0.0038611034324910745,4.608105124304661e-07,0.003833806901033535,
SR_Pu_UN_G1_C1_P_D10.0m_Lw_500.0cm_Epw1.0cm_w_water.o,C1,P,10.0,500.0,1.0,water,0,C1_H_0,1.3243e-07,0.0043,2.74799e-08,0.008,1.326888591959656e-07,0.004271310471429404,1.3142375055542112e-07,0.004259012318092734,1.136151360763504e-07,0.004251357215666476,
SR_Pu_UN_G1_C1_P_D20.0m_Lw_1000.0cm_Epw1.0cm_w_water.o,C1,P,20.0,1000.0,1.0,water,0,C1_H_0,3.38959e-08,0.0098,7.25479e-09,0.0142,3.3983978591968445e-08,0.009825756024506293,3.36346490844267e-08,0.009821501035981665,2.905172936922115e-08,0.009898846134076498,
SR_Pu_UN_G1_C1_P_D50.0m_Lw_2500.0cm_Epw1.0cm_w_water.o,C1,P,50.0,2500.0,1.0,water,0,C1_H_0,6.02063e-09,0.0436,1.48484e-09,0.03,6.0388861442846944e-09,0.04257753716734103,5.956447029578601e-09,0.04291666055554971,5.123293152170508e-09,0.04340693006692794,
SR_Pu_UN_G1_C1_P_D100.0m_Lw_5000.0cm_Epw1.0cm_w_water.o,C1,P,100.0,5000.0,1.0,water,0,C1_H_0,1.50253e-09,0.0596,4.19162e-10,0.0378,1.5103409054527782e-09,0.05948798530424255,1.4849982010200103e-09,0.059939761691411665,1.2699645834614648e-09,0.06023810063886938,
SR_Pu_UN_G1_C1_P_D200.0m_Lw_10000.0cm_Epw1.0cm_w_water.o,C1,P,200.0,10000.0,1.0,water,0,C1_H_0,4.77563e-10,0.1291,1.16624e-10,0.0585,4.783386965836235e-10,0.12787572808018918,4.711497756803612e-10,0.12902999558459066,4.0464096829627474e-10,0.1313273953525717,
SR_Pu_UN_G1_C1_P_D300.0m_Lw_15000.0cm_Epw1.0cm_w_water.o,C1,P,300.0,15000.0,1.0,water,0,C1_H_0,1.18653e-10,0.0379,3.56096e-11,0.044,1.1928959579953638e-10,0.037900278682158846,1.1699733768377858e-10,0.03805311477455186,9.934777678508691e-11,0.038063310344989366,
SR_Pu_UN_G1_C1_P_D500.0m_Lw_25000.0cm_Epw1.0cm_w_water.o,C1,P,500.0,25000.0,1.0,water,0,C1_H_0,2.37117e-11,0.066,7.11767e-12,0.0484,2.3798736720028533e-11,0.06466403015906706,2.337266071831021e-11,0.0652571636737935,1.995070178583707e-11,0.06658334032662087,
SR_Pu_UN_G1_C1_P_D700.0m_Lw_35000.0cm_Epw1.0cm_w_water.o,C1,P,700.0,35000.0,1.0,water,0,C1_H_0,7.76135e-12,0.1067,1.86388e-12,0.0459,7.78460386670085e-12,0.1054207242564853,7.648884725255055e-12,0.10610709490421649,6.524617197712629e-12,0.10733651568608726,
SR_Pu_UN_G1_C1_P_D1000.0m_Lw_50000.0cm_Epw1.0cm_w_water.o,C1,P,1000.0,50000.0,1.0,water,0,C1_H_0,1.13127e-12,0.1907,2.81554e-13,0.08,1.1340223089315087e-12,0.18866145324837338,1.1148001248643665e-12,0.19104107561238448,9.497524162304376e-13,0.1952510672503702,
SR_Pu_UN_G1_C1_P_D1200.0m_Lw_60000.0cm_Epw1.0cm_w_water.o,C1,P,1200.0,60000.0,1.0,water,0,C1_H_0,5.6277e-13,0.3108,9.96265e-14,0.1059,5.672103779649941e-13,0.31200274041010956,5.576811754956037e-13,0.3126191342817734,4.7487657344233e-13,0.312941072118009,
SR_Pu_UN_G1_C1_P_D1.0m_Lw_50.0cm_Epw5.0cm_w_water.o,C1,P,1.0,50.0,5.0,water,0,C1_H_0,8.90165e-06,0.0018,1.9138e-06,0.004,8.92355231942697e-06,0.0017283898416983175,8.837688611234236e-06,0.0017124849327851972,7.638662959369836e-06,0.0017054451332736567,
SR_Pu_UN_G1_C1_P_D2.0m_Lw_100.0cm_Epw5.0cm_w_water.o,C1,P,2.0,100.0,5.0,water,0,C1_H_0,2.81459e-06,0.0033,6.3017e-07,0.0073,2.82265321077664e-06,0.003297015422793429,2.79224126389506e-06,0.003276499634788886,2.410646324430245e-06,0.0032602363907811758,
SR_Pu_UN_G1_C1_P_D5.0m_Lw_250.0cm_Epw5.0cm_w_water.o,C1,P,5.0,250.0,5.0,water,0,C1_H_0,5.0746e-07,0.004,1.15701e-07,0.0087,5.091516433821527e-07,0.003988396028144864,5.034703270160159e-07,0.003957896789047893,4.343208807755458e-07,0.0039279269177923785,
SR_Pu_UN_G1_C1_P_D10.0m_Lw_500.0cm_Epw5.0cm_w_water.o,C1,P,10.0,500.0,5.0,water,0,C1_H_0,1.28651e-07,0.0047,2.94606e-08,0.0079,1.291295672665503e-07,0.004642377831650861,1.2769670992850265e-07,0.0046429119148282145,1.1012725620534946e-07,0.004631205036674696,
SR_Pu_UN_G1_C1_P_D20.0m_Lw_1000.0cm_Epw5.0cm_w_water.o,C1,P,20.0,1000.0,5.0,water,0,C1_H_0,3.35861e-08,0.0072,7.95009e-09,0.011,3.372198604043264e-08,0.007154608485081888,3.332620332932775e-08,0.007173456296617763,2.8705508888018358e-08,0.007186522764850013,
SR_Pu_UN_G1_C1_P_D50.0m_Lw_2500.0cm_Epw5.0cm_w_water.o,C1,P,50.0,2500.0,5.0,water,0,C1_H_0,5.59891e-09,0.0335,1.43121e-09,0.0231,5.633573795742689e-09,0.033242279624118264,5.556556331819713e-09,0.033467156744040404,4.7630009996033864e-09,0.033797252358813264,
SR_Pu_UN_G1_C1_P_D100.0m_Lw_5000.0cm_Epw5.0cm_w_water.o,C1,P,100.0,5000.0,5.0,water,0,C1_H_0,1.65452e-09,0.0677,4.24593e-10,0.0406,1.6599378951477518e-09,0.06685382258356211,1.6349024237089948e-09,0.06728314747826104,1.4007158733881979e-09,0.06786986317582747,
SR_Pu_UN_G1_C1_P_D200.0m_Lw_10000.0cm_Epw5.0cm_w_water.o,C1,P,200.0,10000.0,5.0,water,0,C1_H_0,3.31041e-10,0.1327,8.90397e-11,0.0576,3.31704543146389e-10,0.12986170364802685,3.2672400923649483e-10,0.13110221109589412,2.799216033629511e-10,0.13383489797689224,
SR_Pu_UN_G1_C1_P_D300.0m_Lw_15000.0cm_Epw5.0cm_w_water.o,C1,P,300.0,15000.0,5.0,water,0,C1_H_0,1.08896e-10,0.0944,2.96349e-11,0.0706,1.0955581550051267e-10,0.09343448180231027,1.0775169561800724e-10,0.09414850124281472,9.182350194807746e-11,0.0963602911370634,
SR_Pu_UN_G1_C1_P_D500.0m_Lw_25000.0cm_Epw5.0cm_w_water.o,C1,P,500.0,25000.0,5.0,water,0,C1_H_0,1.60529e-11,0.0734,5.15325e-12,0.0481,1.613475694713259e-11,0.07328662868000971,1.58299819726148e-11,0.07393831237909307,1.3471322157370388e-11,0.0748132188746054,
SR_Pu_UN_G1_C1_P_D700.0m_Lw_35000.0cm_Epw5.0cm_w_water.o,C1,P,700.0,35000.0,5.0,water,0,C1_H_0,5.10342e-12,0.1712,1.27853e-12,0.0827,5.114634624973066e-12,0.1671473270977737,5.053070209169242e-12,0.1701806603936657,4.3277585702676445e-12,0.17305497830332256,
SR_Pu_UN_G1_C1_P_D1000.0m_Lw_50000.0cm_Epw5.0cm_w_water.o,C1,P,1000.0,50000.0,5.0,water,0,C1_H_0,9.30308e-13,0.1964,2.12373e-13,0.0883,9.349130379942875e-13,0.1959951234005131,9.230818800556282e-13,0.1984784059255063,7.906156471361164e-13,0.20213770892137264,
SR_Pu_UN_G1_C1_P_D1200.0m_Lw_60000.0cm_Epw5.0cm_w_water.o,C1,P,1200.0,60000.0,5.0,water,0,C1_H_0,4.07231e-13,0.2354,7.68449e-14,0.0909,4.101624889409934e-13,0.2361855331413144,4.0376144280865843e-13,0.23652231691702674,3.443452874768374e-13,0.23639524232829925,
SR_Pu_UN_G1_C1_P_D1.0m_Lw_50.0cm_Epw10.0cm_w_water.o,C1,P,1.0,50.0,10.0,water,0,C1_H_0,9.00199e-06,0.003,2.06922e-06,0.0052,9.073040793182752e-06,0.00282970439578536,8.994548732489257e-06,0.0028175801038770334,7.766953387922543e-06,0.0028056792744412472,
SR_Pu_UN_G1_C1_P_D2.0m_Lw_100.0cm_Epw10.0cm_w_water.o,C1,P,2.0,100.0,10.0,water,0,C1_H_0,2.75692e-06,0.0038,6.41388e-07,0.0075,2.7777482776569962e-06,0.0037338592297031046,2.7514057788218024e-06,0.003713582773520883,2.372687142616984e-06,0.0036580658591609952,
SR_Pu_UN_G1_C1_P_D5.0m_Lw_250.0cm_Epw10.0cm_w_water.o,C1,P,5.0,250.0,10.0,water,0,C1_H_0,5.00467e-07,0.0054,1.20033e-07,0.0097,5.042157404106669e-07,0.005388877436665897,4.989484931031655e-07,0.0053673936419655855,4.3025842690011295e-07,0.005376216779709855,
SR_Pu_UN_G1_C1_P_D10.0m_Lw_500.0cm_Epw10.0cm_w_water.o,C1,P,10.0,500.0,10.0,water,0,C1_H_0,1.25114e-07,0.0048,3.02547e-08,0.0095,1.2607015610258506e-07,0.004742209973109932,1.247527531708902e-07,0.00472205019096175,1.0748642310578467e-07,0.004676629193257338,
SR_Pu_UN_G1_C1_P_D20.0m_Lw_1000.0cm_Epw10.0cm_w_water.o,C1,P,20.0,1000.0,10.0,water,0,C1_H_0,3.20901e-08,0.0065,7.92284e-09,0.011,3.23489330731433e-08,0.006457078205899522,3.198744719884754e-08,0.006449684543720632,2.7557306639377746e-08,0.006447626192458654,
SR_Pu_UN_G1_C1_P_D200.0m_Lw_10000.0cm_Epw10.0cm_w_water.o,C1,P,200.0,10000.0,10.0,water,0,C1_H_0,2.68933e-10,0.1016,7.77166e-11,0.052,2.7101195950629557e-10,0.10006837038252392,2.6722829408201064e-10,0.10104241652448508,2.2865761259640268e-10,0.1028879245877363,
SR_Pu_UN_G1_C1_P_D2.0m_Lw_100.0cm_Epw1.0cm_w_water.o,C1,P,2.0,100.0,1.0,water,0,C1_H_0,3.1558e-06,0.0031,6.17326e-07,0.006,3.1611599285897118e-06,0.0031061770618052297,3.132334456975453e-06,0.003074140175397224,2.7104671861462287e-06,0.0030472222305911174,
SR_Pu_UN_G1_C1_P_D300.0m_Lw_15000.0cm_Epw10.0cm_w_water.o,C1,P,300.0,15000.0,10.0,water,0,C1_H_0,8.15482e-11,0.0848,2.59089e-11,0.0558,8.253303055007008e-11,0.08560314942605038,8.115202814532522e-11,0.08630714936149185,6.902420268314671e-11,0.08868015673773964,
SR_Pu_UN_G1_C1_P_D500.0m_Lw_25000.0cm_Epw10.0cm_w_water.o,C1,P,500.0,25000.0,10.0,water,0,C1_H_0,2.48082e-11,0.2554,5.27977e-12,0.094,2.496760773270344e-11,0.25320405216430064,2.4599986710185055e-11,0.2537742470927299,2.107886978557268e-11,0.2572248227585142,
SR_Pu_UN_G1_C1_P_D700.0m_Lw_35000.0cm_Epw10.0cm_w_water.o,C1,P,700.0,35000.0,10.0,water,0,C1_H_0,3.39614e-12,0.0783,1.12446e-12,0.0464,3.4214753585042433e-12,0.07833974234265037,3.3578409973730217e-12,0.07907563603750321,2.842171923027982e-12,0.08017141287487559,
SR_Pu_UN_G1_C1_P_D1000.0m_Lw_50000.0cm_Epw10.0cm_w_water.o,C1,P,1000.0,50000.0,10.0,water,0,C1_H_0,7.2352e-13,0.1772,1.72484e-13,0.0546,7.289540805691856e-13,0.17599408460741642,7.128409156293455e-13,0.17528079185403053,6.024943593034342e-13,0.17334301735544355,
SR_Pu_UN_G1_C1_P_D1200.0m_Lw_60000.0cm_Epw10.0cm_w_water.o,C1,P,1200.0,60000.0,10.0,water,0,C1_H_0,2.88833e-13,0.1704,6.53111e-14,0.071,2.889506807557707e-13,0.1701221135806919,2.851077507927494e-13,0.17088586889958454,2.443093843912387e-13,0.1726451001557076,
SR_Pu_UN_G1_C1_P_D1.0m_Lw_50.0cm_Epw20.0cm_w_water.o,C1,P,1.0,50.0,20.0,water,0,C1_H_0,9.55468e-06,0.0045,2.29897e-06,0.0081,9.691598129482183e-06,0.004179236873133203,9.627337644299533e-06,0.004152358216924249,8.308750726540192e-06,0.0040757883562506985,
SR_Pu_UN_G1_C1_P_D2.0m_Lw_100.0cm_Epw20.0cm_w_water.o,C1,P,2.0,100.0,20.0,water,0,C1_H_0,2.70775e-06,0.0065,6.64732e-07,0.0131,2.743886592240743e-06,0.006427544246241127,2.723090137166615e-06,0.006423069992168102,2.3486503956146065e-06,0.006352448049474644,
SR_Pu_UN_G1_C1_P_D5.0m_Lw_250.0cm_Epw20.0cm_w_water.o,C1,P,5.0,250.0,20.0,water,0,C1_H_0,4.37312e-07,0.0078,1.11021e-07,0.0139,4.426269213251241e-07,0.0077859321670013465,4.3868397724059164e-07,0.0077344207321240425,3.781993523415652e-07,0.007638395888334627,
SR_Pu_UN_G1_C1_P_D10.0m_Lw_500.0cm_Epw20.0cm_w_water.o,C1,P,10.0,500.0,20.0,water,0,C1_H_0,1.04186e-07,0.0074,2.69688e-08,0.0177,1.0545759222143423e-07,0.007350515772697871,1.045264875155575e-07,0.007345837441501044,9.001701911561361e-08,0.007144865846598123,
SR_Pu_UN_G1_C1_P_D20.0m_Lw_1000.0cm_Epw20.0cm_w_water.o,C1,P,20.0,1000.0,20.0,water,0,C1_H_0,2.5658e-08,0.008,6.88697e-09,0.0142,2.59591062281418e-08,0.00798167718941652,2.5707673457698547e-08,0.007986885009018917,2.2119276714901058e-08,0.007938012637458011,
SR_Pu_UN_G1_C1_P_D50.0m_Lw_2500.0cm_Epw20.0cm_w_water.o,C1,P,50.0,2500.0,20.0,water,0,C1_H_0,4.0414e-09,0.0231,1.15404e-09,0.0205,4.091485720873283e-09,0.02292702194525208,4.046940631766881e-09,0.023019029778129946,3.4734964477893314e-09,0.023239621159865147,
SR_Pu_UN_G1_C1_P_D100.0m_Lw_5000.0cm_Epw20.0cm_w_water.o,C1,P,100.0,5000.0,20.0,water,0,C1_H_0,9.72399e-10,0.0495,2.74025e-10,0.0353,9.840580439922129e-10,0.04914136060961502,9.727634447030182e-10,0.04943357751721526,8.347157363482763e-10,0.049832454802236026,
SR_Pu_UN_G1_C1_P_D200.0m_Lw_10000.0cm_Epw20.0cm_w_water.o,C1,P,200.0,10000.0,20.0,water,0,C1_H_0,1.72293e-10,0.0465,5.3723e-11,0.0409,1.740428004560829e-10,0.04635579704754429,1.716573981298357e-10,0.04673486632763895,1.4706822342986946e-10,0.04717162318706415,
SR_Pu_UN_G1_C1_P_D300.0m_Lw_15000.0cm_Epw20.0cm_w_water.o,C1,P,300.0,15000.0,20.0,water,0,C1_H_0,6.26226e-11,0.0841,1.84194e-11,0.0548,6.327136246137339e-11,0.08381349558881052,6.2506120118344e-11,0.0847891650816571,5.359759350581799e-11,0.08598184722112764,
SR_Pu_UN_G1_C1_P_D500.0m_Lw_25000.0cm_Epw20.0cm_w_water.o,C1,P,500.0,25000.0,20.0,water,0,C1_H_0,1.18173e-11,0.1577,3.4385e-12,0.0736,1.1894205265319855e-11,0.15695250648137357,1.1767639496549184e-11,0.15964604525685158,1.0061724267972233e-11,0.16238606615447918,
SR_Pu_UN_G1_C1_P_D700.0m_Lw_35000.0cm_Epw20.0cm_w_water.o,C1,P,700.0,35000.0,20.0,water,0,C1_H_0,1.97492e-12,0.086,7.04727e-13,0.0452,1.9891382560756104e-12,0.08599238307079755,1.951389643895596e-12,0.08669712640940015,1.6558049946836538e-12,0.08790413312476127,
SR_Pu_UN_G1_C1_P_D1000.0m_Lw_50000.0cm_Epw20.0cm_w_water.o,C1,P,1000.0,50000.0,20.0,water,0,C1_H_0,4.08511e-13,0.2023,1.11662e-13,0.0668,4.1142875340727663e-13,0.20262677876313975,4.0334682174227616e-13,0.2013091692393599,3.418611176573652e-13,0.1975345744588168,
SR_Pu_UN_G1_C1_P_D1200.0m_Lw_60000.0cm_Epw20.0cm_w_water.o,C1,P,1200.0,60000.0,20.0,water,0,C1_H_0,1.51992e-13,0.2377,3.75538e-14,0.0858,1.5300177344829345e-13,0.2391426839785892,1.5003352331443326e-13,0.23916787477131368,1.26591391470601e-13,0.2366088208881753,
SR_Pu_UN_G1_C1_P_D1.0m_Lw_50.0cm_Epw40.0cm_w_water.o,C1,P,1.0,50.0,40.0,water,0,C1_H_0,4.30438e-06,0.004,1.11853e-06,0.0091,4.359472492986358e-06,0.00318162312406633,4.327113892606642e-06,0.0031520676797428984,3.7313831473037963e-06,0.003153080004132905,
SR_Pu_UN_G1_C1_P_D2.0m_Lw_100.0cm_Epw40.0cm_w_water.o,C1,P,2.0,100.0,40.0,water,0,C1_H_0,1.1323e-06,0.0079,2.87304e-07,0.0139,1.1460268567021549e-06,0.0074048146213805625,1.1372035068413935e-06,0.007403984648410822,9.800632989416872e-07,0.007317419487178211,
SR_Pu_UN_G1_C1_P_D5.0m_Lw_250.0cm_Epw40.0cm_w_water.o,C1,P,5.0,250.0,40.0,water,0,C1_H_0,1.78617e-07,0.0118,4.48154e-08,0.0162,1.8071436391281374e-07,0.011800414044745494,1.7930643337754894e-07,0.0118522328301845,1.5467317170569455e-07,0.011896221136549154,
SR_Pu_UN_G1_C1_P_D10.0m_Lw_500.0cm_Epw40.0cm_w_water.o,C1,P,10.0,500.0,40.0,water,0,C1_H_0,3.76871e-08,0.0107,9.98264e-09,0.0156,3.810673919303595e-08,0.010701477798260554,3.777410225076154e-08,0.010756026524928878,3.254631900965812e-08,0.01074669398325176,
SR_Pu_UN_G1_C1_P_D20.0m_Lw_1000.0cm_Epw40.0cm_w_water.o,C1,P,20.0,1000.0,40.0,water,0,C1_H_0,8.79446e-09,0.01,2.44109e-09,0.0147,8.891560835273071e-09,0.009989660378428756,8.808893225856426e-09,0.01003169599878843,7.583300446733133e-09,0.010034986082842926,
SR_Pu_UN_G1_C1_P_D50.0m_Lw_2500.0cm_Epw40.0cm_w_water.o,C1,P,50.0,2500.0,40.0,water,0,C1_H_0,1.36529e-09,0.0217,3.96842e-10,0.0197,1.37872309145071e-09,0.021513553848951244,1.3648285952558753e-09,0.021638333636476846,1.1740395205507366e-09,0.021889482249152773,
SR_Pu_UN_G1_C1_P_D100.0m_Lw_5000.0cm_Epw40.0cm_w_water.o,C1,P,100.0,5000.0,40.0,water,0,C1_H_0,2.80357e-10,0.0425,9.13716e-11,0.0309,2.8303028713682014e-10,0.04226958553504807,2.794090974185634e-10,0.04283362183336636,2.3957068420256856e-10,0.04341740887120499,
SR_Pu_UN_G1_C1_P_D200.0m_Lw_10000.0cm_Epw40.0cm_w_water.o,C1,P,200.0,10000.0,40.0,water,0,C1_H_0,5.95331e-11,0.1243,1.84872e-11,0.0508,5.995122809992724e-11,0.12256503481865222,5.916009055657346e-11,0.12356544725389812,5.072090898389919e-11,0.1258730801834086,
SR_Pu_UN_G1_C1_P_D300.0m_Lw_15000.0cm_Epw40.0cm_w_water.o,C1,P,300.0,15000.0,40.0,water,0,C1_H_0,2.04621e-11,0.2026,5.98419e-12,0.0742,2.057993557185284e-11,0.2005108654021089,2.0317720588503395e-11,0.2022318021993952,1.7428638173982734e-11,0.2059976640268406,
SR_Pu_UN_G1_C1_P_D500.0m_Lw_25000.0cm_Epw40.0cm_w_water.o,C1,P,500.0,25000.0,40.0,water,0,C1_H_0,2.98214e-12,0.1178,1.12276e-12,0.0829,2.997959085381874e-12,0.1176817150378587,2.946551336976e-12,0.11880078461328282,2.4942111896657867e-12,0.12055637037639053,
SR_Pu_UN_G1_C1_P_D700.0m_Lw_35000.0cm_Epw40.0cm_w_water.o,C1,P,700.0,35000.0,40.0,water,0,C1_H_0,9.82745e-13,0.2699,2.59205e-13,0.0738,9.888961208670568e-13,0.27022857086314717,9.685109010496995e-13,0.27100133133556564,8.209579392930253e-13,0.27329309770327725,
SR_Pu_UN_G1_C1_P_D1.0m_Lw_50.0cm_Epw1.0cm_w_water.o,C1,P,1.0,50.0,1.0,water,0,C1_H_0,1.02178e-05,0.0016,1.88484e-06,0.0035,1.023114289626769e-05,0.0016125909429577005,1.0153555601888155e-05,0.001598161372399998,8.798060245856797e-06,0.001589548599950849,
SR_Pu_UN_G1_C1_P_D50.0m_Lw_2500.0cm_Epw10.0cm_w_water.o,C1,P,50.0,2500.0,10.0,water,0,C1_H_0,5.62872e-09,0.0299,1.4363e-09,0.0222,5.67957272761457e-09,0.02971506453795038,5.611357942689276e-09,0.029947786993480142,4.8185156358891444e-09,0.030282026727328836,
SR_Pu_UN_G1_C1_P_D100.0m_Lw_5000.0cm_Epw10.0cm_w_water.o,C1,P,100.0,5000.0,10.0,water,0,C1_H_0,1.35709e-09,0.0622,3.79185e-10,0.0414,1.3662945718668392e-09,0.0609927944225244,1.3478519480182058e-09,0.06166322736847497,1.1559707538094822e-09,0.06277494127651875,
SR_Pu_UN_G1_C1_P_D1000.0m_Lw_50000.0cm_Epw40.0cm_w_water.o,C1,P,1000.0,50000.0,40.0,water,0,C1_H_0,1.89162e-13,0.1628,4.54405e-14,0.0647,1.9037890423083442e-13,0.16302385269086372,1.8790333085468314e-13,0.1635429678218467,1.609151610765097e-13,0.1638934900563726,
SR_Pu_UN_G1_C1_P_D1200.0m_Lw_60000.0cm_Epw40.0cm_w_water.o,C1,P,1200.0,60000.0,40.0,water,0,C1_H_0,4.05407e-14,0.2379,1.33733e-14,0.1186,4.08421146016434e-14,0.2398770474685019,4.0196224110333955e-14,0.2418303940636861,3.454734928360459e-14,0.2468020598179873,
SR_Pu_UN_G1_C1_N_D1.0m_Lw_50.0cm_Epw1.0cm_w_lead.o,C1,N,1.0,50.0,1.0,lead,0,C1_H_0,0.000178082,0.0069,6.19294e-06,0.0119,0.00016934638355600837,0.006922961284467387,0.002071813625952421,0.008249935193474231,0.0017661071638140993,0.006820426405572427,-4.905389901276738
SR_Pu_UN_G1_C1_N_D20.0m_Lw_1000.0cm_Epw1.0cm_w_lead.o,C1,N,20.0,1000.0,1.0,lead,0,C1_H_0,5.71111e-07,0.0137,2.59216e-08,0.0195,5.434179963228837e-07,0.0135974383065659,6.6399483254672535e-06,0.014314452136744198,5.474697776141158e-06,0.014069995157314987,-4.848970458827852
SR_Pu_UN_G1_C1_N_D50.0m_Lw_2500.0cm_Epw1.0cm_w_lead.o,C1,N,50.0,2500.0,1.0,lead,0,C1_H_0,9.76787e-08,0.0216,5.62698e-09,0.0155,9.305702812050561e-08,0.021583835255788098,1.1130720607483081e-06,0.020966371147426777,8.978337718032482e-07,0.023395860886116986,-4.731504288544365
SR_Pu_UN_G1_C1_N_D100.0m_Lw_5000.0cm_Epw1.0cm_w_lead.o,C1,N,100.0,5000.0,1.0,lead,0,C1_H_0,2.285e-08,0.0363,1.64486e-09,0.0218,2.17620379612172e-08,0.03621131784766509,2.621271813454918e-07,0.0357260906657017,2.0011006306848243e-07,0.041485072226392535,-4.761321832747486
SR_Pu_UN_G1_C1_N_D200.0m_Lw_10000.0cm_Epw1.0cm_w_lead.o,C1,N,200.0,10000.0,1.0,lead,0,C1_H_0,4.78007e-09,0.0591,4.05462e-10,0.0268,4.553678438379772e-09,0.05970227532228285,5.299048045198968e-08,0.05405568587002024,3.936211511394329e-08,0.06919006584331991,-4.7361557805686365
SR_Pu_UN_G1_C1_N_D300.0m_Lw_15000.0cm_Epw1.0cm_w_lead.o,C1,N,300.0,15000.0,1.0,lead,0,C1_H_0,1.58839e-09,0.0605,1.45419e-10,0.0257,1.5149336347386358e-09,0.05971145533319965,1.7403100793942718e-08,0.05636848872601092,1.2772281746238416e-08,0.0728809002627774,-4.62457993700314
SR_Pu_UN_G1_C1_N_D500.0m_Lw_25000.0cm_Epw1.0cm_w_lead.o,C1,N,500.0,25000.0,1.0,lead,0,C1_H_0,2.22866e-10,0.0416,2.48503e-11,0.0233,2.1369812838861387e-10,0.04148336215259921,2.4193673338173525e-09,0.04961848840922002,1.6865919699501487e-09,0.05597781120244009,-4.113625053344216
SR_Pu_UN_G1_C1_N_D700.0m_Lw_35000.0cm_Epw1.0cm_w_lead.o,C1,N,700.0,35000.0,1.0,lead,0,C1_H_0,5.61885e-11,0.1926,5.49162e-12,0.0431,5.3594254364909505e-11,0.18960087173770976,5.693261537316518e-10,0.15618433323108596,4.25694979859948e-10,0.2207647821417298,-4.617040204117385
SR_Pu_UN_G1_C1_N_D1000.0m_Lw_50000.0cm_Epw1.0cm_w_lead.o,C1,N,1000.0,50000.0,1.0,lead,0,C1_H_0,4.85198e-12,0.0923,5.56109e-13,0.0223,4.6418132863477954e-12,0.09034423039655334,4.892563902233143e-11,0.06824082344452213,3.484488937417648e-11,0.10837346770478537,-4.331565951471446
SR_Pu_UN_G1_C1_N_D1200.0m_Lw_60000.0cm_Epw1.0cm_w_lead.o,C1,N,1200.0,60000.0,1.0,lead,0,C1_H_0,1.55756e-12,0.2126,1.51587e-13,0.0818,1.4736476450606297e-12,0.20136275477436172,1.777687022166106e-11,0.2697599918581587,1.2448166165730755e-11,0.26392356959494745,-5.387423594556256
SR_Pu_UN_G1_C1_N_D10.0m_Lw_500.0cm_Epw5.0cm_w_lead.o,C1,N,10.0,500.0,5.0,lead,0,C1_H_0,2.10421e-06,0.0207,9.72207e-08,0.0314,1.999884167956264e-06,0.02067128944021868,2.539545953255714e-05,0.02316300045595196,2.0192563501612267e-05,0.02114228943903337,-4.957957240186855
SR_Pu_UN_G1_C1_N_D1.0m_Lw_50.0cm_Epw10.0cm_w_lead.o,C1,N,1.0,50.0,10.0,lead,0,C1_H_0,0.000146265,0.0075,5.49976e-06,0.0115,0.0001389559222588122,0.00746517567264634,0.001832087632577883,0.0076646283432975125,0.0014547032630611344,0.007492532309194735,-4.9971474660293325
SR_Pu_UN_G1_C1_N_D1.0m_Lw_50.0cm_Epw20.0cm_w_lead.o,C1,N,1.0,50.0,20.0,lead,0,C1_H_0,0.000106793,0.0049,4.44582e-06,0.0061,0.00010128029441089343,0.00446163253753037,0.0014293423901603263,0.004795879454792504,0.001047769245182521,0.004486849562222824,-5.162047689555097
SR_Pu_UN_G1_C1_N_D1.0m_Lw_50.0cm_Epw40.0cm_w_lead.o,C1,N,1.0,50.0,40.0,lead,0,C1_H_0,6.38304e-05,0.0036,3.3817e-06,0.0073,6.036412985820861e-05,0.003002625875965696,0.000913460332116273,0.003023285072313331,0.0005869939207966396,0.0027649657226205522,-5.430437756604052
SR_Pu_UN_G1_C1_N_D20.0m_Lw_1000.0cm_Epw5.0cm_w_lead.o,C1,N,20.0,1000.0,5.0,lead,0,C1_H_0,4.96621e-07,0.0101,2.54481e-08,0.0139,4.72246914061687e-07,0.01008084837110839,5.942418699734594e-06,0.01063446199759843,4.688996580200641e-06,0.010500840392240517,-4.907985352675978
SR_Pu_UN_G1_C1_N_D50.0m_Lw_2500.0cm_Epw5.0cm_w_lead.o,C1,N,50.0,2500.0,5.0,lead,0,C1_H_0,8.2605e-08,0.0162,5.24307e-09,0.0137,7.862957473177667e-08,0.016218723355346187,9.766808434599854e-07,0.016153836510067097,7.468272303444602e-07,0.017877468864890892,-4.812572202921534
SR_Pu_UN_G1_C1_N_D100.0m_Lw_5000.0cm_Epw5.0cm_w_lead.o,C1,N,100.0,5000.0,5.0,lead,0,C1_H_0,2.05177e-08,0.0274,1.61349e-09,0.0195,1.9564946232222413e-08,0.02733676265736068,2.400212364571819e-07,0.027966059204326182,1.7567581730075367e-07,0.03128804110273826,-4.643570028695155
SR_Pu_UN_G1_C1_N_D200.0m_Lw_10000.0cm_Epw5.0cm_w_lead.o,C1,N,200.0,10000.0,5.0,lead,0,C1_H_0,4.0782e-09,0.0482,3.72601e-10,0.0259,3.885317621395056e-09,0.048302487468046856,4.548691099289308e-08,0.05128977848448843,3.2896466963404423e-08,0.05778095490904246,-4.729595865944384
SR_Pu_UN_G1_C1_N_D300.0m_Lw_15000.0cm_Epw5.0cm_w_lead.o,C1,N,300.0,15000.0,5.0,lead,0,C1_H_0,1.36205e-09,0.072,1.27397e-10,0.0256,1.3041764441115064e-09,0.07111702510248245,1.4773212388959108e-08,0.058772429915073816,1.0789685946610122e-08,0.08066015480805773,-4.249003772878651
SR_Pu_UN_G1_C1_N_D500.0m_Lw_25000.0cm_Epw5.0cm_w_lead.o,C1,N,500.0,25000.0,5.0,lead,0,C1_H_0,2.25882e-10,0.1114,2.2078e-11,0.0284,2.156084509628939e-10,0.10935549517435725,2.4079108092268383e-09,0.07957718290464781,1.739857942564172e-09,0.12343345040883193,-4.54819287818688
SR_Pu_UN_G1_C1_N_D700.0m_Lw_35000.0cm_Epw5.0cm_w_lead.o,C1,N,700.0,35000.0,5.0,lead,0,C1_H_0,3.75708e-11,0.0626,4.4033e-12,0.0221,3.5977871856111856e-11,0.06154851283534272,4.0053247795247957e-10,0.05559284118233295,2.702921903533995e-10,0.07705903508945988,-4.239803634439902
SR_Pu_UN_G1_C1_N_D1000.0m_Lw_50000.0cm_Epw5.0cm_w_lead.o,C1,N,1000.0,50000.0,5.0,lead,0,C1_H_0,4.95336e-12,0.1798,4.93869e-13,0.0395,4.740347046421189e-12,0.17793344790560392,4.817351139300737e-11,0.15025515727778907,3.7570748998379726e-11,0.21626769704732404,-4.30037295045809
SR_Pu_UN_G1_C1_N_D1200.0m_Lw_60000.0cm_Epw5.0cm_w_lead.o,C1,N,1200.0,60000.0,5.0,lead,0,C1_H_0,8.29589e-13,0.0318,1.11132e-13,0.0187,7.977392247070366e-13,0.03183415206365466,8.353803637581165e-12,0.03818261011262669,5.6525232445844555e-12,0.047203023299538106,-3.8392234338887548
SR_Pu_UN_G1_C1_N_D10.0m_Lw_500.0cm_Epw10.0cm_w_lead.o,C1,N,10.0,500.0,10.0,lead,0,C1_H_0,1.69668e-06,0.0163,8.26228e-08,0.0219,1.613075697886626e-06,0.016209589627217896,2.112909269694386e-05,0.017375629811238816,1.6191768204004144e-05,0.016714475673267535,-4.927523287442191
SR_Pu_UN_G1_C1_N_D1.0m_Lw_50.0cm_Epw5.0cm_w_lead.o,C1,N,1.0,50.0,5.0,lead,0,C1_H_0,0.000167354,0.008,6.01548e-06,0.0114,0.0001590143958494455,0.007921885565144856,0.002024325654319896,0.009044308003995576,0.0016654090379354832,0.007915551004985281,-4.983211725178072
SR_Pu_UN_G1_C1_N_D2.0m_Lw_100.0cm_Epw1.0cm_w_lead.o,C1,N,2.0,100.0,1.0,lead,0,C1_H_0,5.15256e-05,0.0105,1.97589e-06,0.0226,4.8960657043495267e-05,0.010172325665232887,0.0006011702585221165,0.011932138927216424,0.0005047903287224396,0.009525921177809496,-4.977997260594217
SR_Pu_UN_G1_C1_N_D2.0m_Lw_100.0cm_Epw5.0cm_w_lead.o,C1,N,2.0,100.0,5.0,lead,0,C1_H_0,4.80373e-05,0.0123,1.8647e-06,0.0169,4.5649245835837347e-05,0.01216739635050687,0.0005785214950150995,0.01305740240028351,0.0004745846028875182,0.012625507046270187,-4.971249766666018
SR_Pu_UN_G1_C1_N_D20.0m_Lw_1000.0cm_Epw10.0cm_w_lead.o,C1,N,20.0,1000.0,10.0,lead,0,C1_H_0,4.08604e-07,0.0085,2.22645e-08,0.0114,3.883106086135455e-07,0.008423733446669952,5.074804488601567e-06,0.008874323802247765,3.82582677070655e-06,0.008808479755404252,-4.966518043497981
SR_Pu_UN_G1_C1_N_D200.0m_Lw_10000.0cm_Epw10.0cm_w_lead.o,C1,N,200.0,10000.0,10.0,lead,0,C1_H_0,3.30125e-09,0.0311,3.16696e-10,0.0202,3.151215031592172e-09,0.03099928936524051,3.833778362408729e-08,0.03470859904971419,2.6238946292830288e-08,0.038118134329137,-4.544792681797138
SR_Pu_UN_G1_C1_N_D2.0m_Lw_100.0cm_Epw10.0cm_w_lead.o,C1,N,2.0,100.0,10.0,lead,0,C1_H_0,4.14442e-05,0.0113,1.67048e-06,0.0139,3.9357783781140226e-05,0.011160329551468126,0.0005195182940539873,0.012034091915557444,0.00040873802599031354,0.011538082194541457,-5.034277942051657
SR_Pu_UN_G1_C1_N_D2.0m_Lw_100.0cm_Epw20.0cm_w_lead.o,C1,N,2.0,100.0,20.0,lead,0,C1_H_0,2.88423e-05,0.0084,1.32548e-06,0.015,2.7356962721999665e-05,0.008062721664007599,0.0003818499414231466,0.008256446275372118,0.00027871751937348426,0.008258481237564412,-5.14985725132994
SR_Pu_UN_G1_C1_N_D300.0m_Lw_15000.0cm_Epw10.0cm_w_lead.o,C1,N,300.0,15000.0,10.0,lead,0,C1_H_0,9.65181e-10,0.0308,1.07347e-10,0.0198,9.207801396697866e-10,0.030652016525915374,1.0859949845981796e-08,0.03510160059327258,7.181691000661053e-09,0.040687546895773107,-4.600262575642649
SR_Pu_UN_G1_C1_N_D500.0m_Lw_25000.0cm_Epw10.0cm_w_lead.o,C1,N,500.0,25000.0,10.0,lead,0,C1_H_0,1.55615e-10,0.0401,1.85859e-11,0.0185,1.4885515664876547e-10,0.039586490685465686,1.650836398986187e-09,0.04323248053268518,1.1207653415881913e-09,0.05378561333394947,-4.343953572107149
SR_Pu_UN_G1_C1_N_D700.0m_Lw_35000.0cm_Epw10.0cm_w_lead.o,C1,N,700.0,35000.0,10.0,lead,0,C1_H_0,2.77397e-11,0.0597,3.62449e-12,0.0185,2.658177873002772e-11,0.058477545454940105,2.792437693975014e-10,0.05116180535618335,1.8634500484938012e-10,0.07699241952016539,-4.17423861819804
SR_Pu_UN_G1_C1_N_D1000.0m_Lw_50000.0cm_Epw10.0cm_w_lead.o,C1,N,1000.0,50000.0,10.0,lead,0,C1_H_0,2.82449e-12,0.031,3.83602e-13,0.0154,2.7084525096429255e-12,0.030633347738202695,2.845765603617448e-11,0.03714170887217253,1.8925150201338874e-11,0.04470816210605573,-4.1082634513513705
SR_Pu_UN_G1_C1_N_D1200.0m_Lw_60000.0cm_Epw10.0cm_w_lead.o,C1,N,1200.0,60000.0,10.0,lead,0,C1_H_0,6.72881e-13,0.0863,8.6305e-14,0.0278,6.427479738975812e-13,0.08139536104026522,6.976125208952529e-12,0.11824321579258949,4.662055273928525e-12,0.122834403583273,-4.478210278254078
SR_Pu_UN_G1_C1_N_D10.0m_Lw_500.0cm_Epw20.0cm_w_lead.o,C1,N,10.0,500.0,20.0,lead,0,C1_H_0,1.1451e-06,0.0103,6.34258e-08,0.0132,1.0856913905001293e-06,0.010158317665427765,1.4984116410007762e-05,0.010630512886370257,1.0664574985771017e-05,0.010668802957623793,-5.1880717404480645
SR_Pu_UN_G1_C1_N_D2.0m_Lw_100.0cm_Epw40.0cm_w_lead.o,C1,N,2.0,100.0,40.0,lead,0,C1_H_0,1.60162e-05,0.0055,9.13446e-07,0.0076,1.515433368535757e-05,0.0049985855537391394,0.00022714727041739873,0.005136111760292756,0.0001450585942726104,0.005169859328046409,-5.381215985330046
SR_Pu_UN_G1_C1_N_D5.0m_Lw_250.0cm_Epw1.0cm_w_lead.o,C1,N,5.0,250.0,1.0,lead,0,C1_H_0,9.20908e-06,0.0288,3.58293e-07,0.0347,8.75592811946595e-06,0.028457620644053192,0.00010836275669648206,0.032914674824567995,9.05125528801241e-05,0.030324255532326396,-4.920707394593697
SR_Pu_UN_G1_C1_N_D5.0m_Lw_250.0cm_Epw10.0cm_w_lead.o,C1,N,5.0,250.0,10.0,lead,0,C1_H_0,6.89015e-06,0.0157,3.04308e-07,0.021,6.546538478444344e-06,0.015558056595055643,8.595036843385522e-05,0.016350640124685772,6.697348227546313e-05,0.016020451860239652,-4.986996241818473
SR_Pu_UN_G1_C1_N_D20.0m_Lw_1000.0cm_Epw20.0cm_w_lead.o,C1,N,20.0,1000.0,20.0,lead,0,C1_H_0,2.78811e-07,0.0061,1.68081e-08,0.0081,2.6466361203959944e-07,0.006021870219819808,3.627932812249862e-06,0.006308032531421535,2.5459172576574253e-06,0.006373933888234836,-5.0741857245232715
SR_Pu_UN_G1_C1_N_D50.0m_Lw_2500.0cm_Epw20.0cm_w_lead.o,C1,N,50.0,2500.0,20.0,lead,0,C1_H_0,4.55567e-08,0.008,3.43879e-09,0.0088,4.329337623933851e-08,0.007938852977754778,5.775905649786711e-07,0.008490732024316834,3.927358148872184e-07,0.00882528992474748,-4.968146860201653
SR_Pu_UN_G1_C1_N_D100.0m_Lw_5000.0cm_Epw20.0cm_w_lead.o,C1,N,100.0,5000.0,20.0,lead,0,C1_H_0,1.10086e-08,0.013,1.03101e-09,0.0123,1.0483816756978083e-08,0.01279377026521289,1.3370559993717183e-07,0.014291868118455136,8.812885847257213e-08,0.01528679953327967,-4.767029804170529
SR_Pu_UN_G1_C1_N_D200.0m_Lw_10000.0cm_Epw20.0cm_w_lead.o,C1,N,200.0,10000.0,20.0,lead,0,C1_H_0,2.25635e-09,0.0187,2.45652e-10,0.0141,2.1520002850389515e-09,0.01843909202311641,2.603695374086198e-08,0.021272841168877454,1.684555971783496e-08,0.02367220698133564,-4.624713141181489
SR_Pu_UN_G1_C1_N_D300.0m_Lw_15000.0cm_Epw20.0cm_w_lead.o,C1,N,300.0,15000.0,20.0,lead,0,C1_H_0,6.70487e-10,0.0211,8.26158e-11,0.0174,6.40862489386772e-10,0.0202877049355304,7.421136006198464e-09,0.025098910004460386,4.715996189809072e-09,0.028306542949108383,-4.418357196072116
SR_Pu_UN_G1_C1_N_D500.0m_Lw_25000.0cm_Epw20.0cm_w_lead.o,C1,N,500.0,25000.0,20.0,lead,0,C1_H_0,9.1655e-11,0.022,1.29662e-11,0.0163,8.794574293310629e-11,0.021195286113089323,9.421945731124568e-10,0.026865332405374635,5.937971064492843e-10,0.031880929258054753,-4.046977324634464
SR_Pu_UN_G1_C1_N_D700.0m_Lw_35000.0cm_Epw20.0cm_w_lead.o,C1,N,700.0,35000.0,20.0,lead,0,C1_H_0,1.69564e-11,0.026,2.46413e-12,0.0124,1.6285153593033055e-11,0.02563495676223872,1.7412338190180786e-10,0.037236434888804834,1.0862545796410748e-10,0.040492022967951256,-3.95866107762819
SR_Pu_UN_G1_C1_N_D1000.0m_Lw_50000.0cm_Epw20.0cm_w_lead.o,C1,N,1000.0,50000.0,20.0,lead,0,C1_H_0,1.55374e-12,0.0186,2.45127e-13,0.0111,1.4933007118558704e-12,0.018251835479213867,1.5063994041972604e-11,0.027369717262051882,9.351258828008256e-12,0.029714255981952858,-3.889922904998882
SR_Pu_UN_G1_C1_N_D1200.0m_Lw_60000.0cm_Epw20.0cm_w_lead.o,C1,N,1200.0,60000.0,20.0,lead,0,C1_H_0,3.52334e-13,0.0404,5.31874e-14,0.0126,3.3827652049016446e-13,0.03887118934501684,3.379885211889821e-12,0.0542543287214087,2.203187137245842e-12,0.06590983526403506,-3.9898163418334733
SR_Pu_UN_G1_C1_N_D10.0m_Lw_500.0cm_Epw40.0cm_w_lead.o,C1,N,10.0,500.0,40.0,lead,0,C1_H_0,5.64981e-07,0.0068,3.95079e-08,0.0172,5.348248478959789e-07,0.005222701928427477,7.753483574485551e-06,0.005297784114269824,4.8553079599944485e-06,0.005346854333182239,-5.337551546692909
SR_Pu_UN_G1_C1_N_D5.0m_Lw_250.0cm_Epw5.0cm_w_lead.o,C1,N,5.0,250.0,5.0,lead,0,C1_H_0,8.29933e-06,0.0208,3.49609e-07,0.0268,7.888125612108527e-06,0.020819885149919778,0.00010014585658020246,0.02235536511343777,8.093270849156517e-05,0.02180864304722765,-4.9546696888962565
SR_Pu_UN_G1_C1_N_D5.0m_Lw_250.0cm_Epw20.0cm_w_lead.o,C1,N,5.0,250.0,20.0,lead,0,C1_H_0,4.7889e-06,0.011,2.44872e-07,0.0135,4.541824633362172e-06,0.010800787868866285,6.314089213122528e-05,0.01133617766580325,4.531201314876115e-05,0.011185981380320875,-5.159334432496565
SR_Pu_UN_G1_C1_N_D5.0m_Lw_250.0cm_Epw40.0cm_w_lead.o,C1,N,5.0,250.0,40.0,lead,0,C1_H_0,2.43252e-06,0.0066,1.57293e-07,0.0107,2.3020455957054163e-06,0.00613341295179236,3.377722465112502e-05,0.006325608171826275,2.134336426290302e-05,0.006443277014027026,-5.363754636943739
SR_Pu_UN_G1_C1_N_D20.0m_Lw_1000.0cm_Epw40.0cm_w_lead.o,C1,N,20.0,1000.0,40.0,lead,0,C1_H_0,1.40224e-07,0.0057,1.0989e-08,0.0181,1.3282957488152132e-07,0.0027973430800924586,1.879908700427594e-06,0.0026667279649220353,1.1656651612455028e-06,0.002704220250790304,-5.273294955555882
SR_Pu_UN_G1_C1_N_D50.0m_Lw_2500.0cm_Epw40.0cm_w_lead.o,C1,N,50.0,2500.0,40.0,lead,0,C1_H_0,2.33942e-08,0.0069,2.27915e-09,0.0189,2.221888337778216e-08,0.0032065676703190073,2.959801970884075e-07,0.0032840699303961682,1.8001659492667276e-07,0.0033889125312777497,-5.023965864264805
SR_Pu_UN_G1_C1_N_D100.0m_Lw_5000.0cm_Epw40.0cm_w_lead.o,C1,N,100.0,5000.0,40.0,lead,0,C1_H_0,5.7065e-09,0.0118,6.59433e-10,0.0281,5.435829653113536e-09,0.0050255286507857756,6.788212415026383e-08,0.005425897009752578,4.074011509341451e-08,0.005692207896244764,-4.743193671891065
SR_Pu_UN_G1_C1_N_D200.0m_Lw_10000.0cm_Epw40.0cm_w_lead.o,C1,N,200.0,10000.0,40.0,lead,0,C1_H_0,1.15188e-09,0.0595,1.67122e-10,0.1202,1.102736861711216e-09,0.014080363151953271,1.2201586367173176e-08,0.008649584278180677,7.177876065526487e-09,0.008994716977023483,-4.266341831508837
SR_Pu_UN_G1_C1_N_D300.0m_Lw_15000.0cm_Epw40.0cm_w_lead.o,C1,N,300.0,15000.0,40.0,lead,0,C1_H_0,3.29199e-10,0.0164,4.94406e-11,0.03,3.1531465196348436e-10,0.0074387698965354574,3.405901169621965e-09,0.009134165576223962,2.0035740599694016e-09,0.010175794131295192,-4.217615495950972
SR_Pu_UN_G1_C1_N_D500.0m_Lw_25000.0cm_Epw40.0cm_w_lead.o,C1,N,500.0,25000.0,40.0,lead,0,C1_H_0,4.37761e-11,0.0221,7.47684e-12,0.0377,4.208112423863044e-11,0.008397715710225555,4.1200003523967623e-10,0.009692252980629073,2.3986573329402554e-10,0.010882340558169602,-3.871920434596868
SR_Pu_UN_G1_C1_N_D700.0m_Lw_35000.0cm_Epw40.0cm_w_lead.o,C1,N,700.0,35000.0,40.0,lead,0,C1_H_0,7.5279e-12,0.0173,1.37847e-12,0.0262,7.25425271838247e-12,0.007257713171454314,6.621873579257957e-11,0.010347299566318774,3.8756228089931946e-11,0.011928211461459406,-3.6351078204748934
SR_Pu_UN_G1_C1_N_D50.0m_Lw_2500.0cm_Epw10.0cm_w_lead.o,C1,N,50.0,2500.0,10.0,lead,0,C1_H_0,6.67438e-08,0.0128,4.58202e-09,0.0126,6.34750314751856e-08,0.012805717091645717,8.137768178298686e-07,0.01342340843794361,5.935440643852596e-07,0.014059234947373708,-4.8974863954620425
SR_Pu_UN_G1_C1_N_D10.0m_Lw_500.0cm_Epw1.0cm_w_lead.o,C1,N,10.0,500.0,1.0,lead,0,C1_H_0,2.25251e-06,0.0211,9.23608e-08,0.0449,2.141379391884162e-06,0.020864460578085803,2.6143127662000854e-05,0.022448653691281135,2.1959451766693876e-05,0.02109556094727877,-4.933634395223011
SR_Pu_UN_G1_C1_N_D100.0m_Lw_5000.0cm_Epw10.0cm_w_lead.o,C1,N,100.0,5000.0,10.0,lead,0,C1_H_0,1.62229e-08,0.022,1.31441e-09,0.0172,1.544489237640433e-08,0.021781705386784415,1.9347012285811893e-07,0.02328182756320486,1.3759195143834078e-07,0.025526868960033165,-4.795737035891666
SR_Pu_UN_G1_C1_N_D1000.0m_Lw_50000.0cm_Epw40.0cm_w_lead.o,C1,N,1000.0,50000.0,40.0,lead,0,C1_H_0,5.93057e-13,0.0078,1.11557e-13,0.0059,5.71951216689031e-13,0.0068993490700938655,5.042423405935238e-12,0.010518022308353598,2.9653489578544724e-12,0.012847011244417887,-3.558811937295901
SR_Pu_UN_G1_C1_N_D1200.0m_Lw_60000.0cm_Epw40.0cm_w_lead.o,C1,N,1200.0,60000.0,40.0,lead,0,C1_H_0,1.20575e-13,0.008,2.29147e-14,0.0062,1.162744288540923e-13,0.006982866294563354,1.012970282277466e-12,0.01121852955854709,5.987563119318452e-13,0.01374903366098698,-3.566718760860613
SR_Pu_UN_G1_C1_P_D5.0m_Lw_250.0cm_Epw1.0cm_w_lead.o,C1,P,5.0,250.0,1.0,lead,0,C1_H_0,3.88489e-07,0.0039,6.84435e-08,0.0081,3.894530319296323e-07,0.0038721405400093875,3.865196161394807e-07,0.003849812762676068,3.3482130420628153e-07,0.0038298441258349646,
SR_Pu_UN_G1_C1_P_D10.0m_Lw_500.0cm_Epw1.0cm_w_lead.o,C1,P,10.0,500.0,1.0,lead,0,C1_H_0,9.40357e-08,0.0043,1.64212e-08,0.0063,9.426711833559395e-08,0.004295683698771653,9.355858027820985e-08,0.00428896418179723,8.105618424798263e-08,0.004292210063828448,
SR_Pu_UN_G1_C1_P_D20.0m_Lw_1000.0cm_Epw1.0cm_w_lead.o,C1,P,20.0,1000.0,1.0,lead,0,C1_H_0,2.43159e-08,0.0109,4.30782e-09,0.0197,2.4391912780011726e-08,0.010872912743431586,2.4187696503718808e-08,0.010815055045388398,2.0929720319366013e-08,0.010753016454741094,
SR_Pu_UN_G1_C1_P_D50.0m_Lw_2500.0cm_Epw1.0cm_w_lead.o,C1,P,50.0,2500.0,1.0,lead,0,C1_H_0,4.47304e-09,0.0378,8.14195e-10,0.0286,4.491281485582243e-09,0.03710810314941078,4.445429173274386e-09,0.037372116834679926,3.837963122988286e-09,0.03774118465332244,
SR_Pu_UN_G1_C1_P_D100.0m_Lw_5000.0cm_Epw1.0cm_w_lead.o,C1,P,100.0,5000.0,1.0,lead,0,C1_H_0,1.23574e-09,0.0501,2.55475e-10,0.0435,1.24391703744086e-09,0.05038028229250306,1.2286998028585785e-09,0.051148780555059475,1.057082352459916e-09,0.05180332132121438,
SR_Pu_UN_G1_C1_P_D200.0m_Lw_10000.0cm_Epw1.0cm_w_lead.o,C1,P,200.0,10000.0,1.0,lead,0,C1_H_0,4.02147e-10,0.1375,7.45418e-11,0.0681,4.0259963160804567e-10,0.1350274074117024,3.974310784056009e-10,0.13567219905527797,3.425864621815411e-10,0.13750276967027017,
SR_Pu_UN_G1_C1_P_D300.0m_Lw_15000.0cm_Epw1.0cm_w_lead.o,C1,P,300.0,15000.0,1.0,lead,0,C1_H_0,1.18779e-10,0.0758,2.61572e-11,0.0436,1.1941425398058942e-10,0.07580013014608776,1.1758472324725691e-10,0.07636494760592334,1.0087581221373352e-10,0.07772561103067538,
SR_Pu_UN_G1_C1_P_D500.0m_Lw_25000.0cm_Epw1.0cm_w_lead.o,C1,P,500.0,25000.0,1.0,lead,0,C1_H_0,2.24198e-11,0.0441,5.32041e-12,0.0426,2.2509811554564975e-11,0.04356224978392488,2.2154778159119314e-11,0.043939426116768744,1.8967057731738298e-11,0.04432757969369868,
SR_Pu_UN_G1_C1_P_D700.0m_Lw_35000.0cm_Epw1.0cm_w_lead.o,C1,P,700.0,35000.0,1.0,lead,0,C1_H_0,6.42362e-12,0.0751,1.48408e-12,0.0416,6.456234664121802e-12,0.07437717651291009,6.349380486255915e-12,0.0750320674215165,5.4153353205208715e-12,0.07515406929198351,
SR_Pu_UN_G1_C1_P_D1000.0m_Lw_50000.0cm_Epw1.0cm_w_lead.o,C1,P,1000.0,50000.0,1.0,lead,0,C1_H_0,8.7202e-13,0.1262,2.20263e-13,0.0558,8.784578228362807e-13,0.12387657794980664,8.641876723683685e-13,0.1253625059643531,7.35993198536332e-13,0.1281437279127834,
SR_Pu_UN_G1_C1_P_D1200.0m_Lw_60000.0cm_Epw1.0cm_w_lead.o,C1,P,1200.0,60000.0,1.0,lead,0,C1_H_0,4.15496e-13,0.2294,7.46861e-14,0.0832,4.1882409549029144e-13,0.2302109186426613,4.1234090923200434e-13,0.23051218808564808,3.519485701400316e-13,0.2307316373077103,
SR_Pu_UN_G1_C1_P_D1.0m_Lw_50.0cm_Epw5.0cm_w_lead.o,C1,P,1.0,50.0,5.0,lead,0,C1_H_0,2.55596e-06,0.0076,4.3483e-07,0.017,2.5727819940808072e-06,0.007513941483113243,2.556790536104189e-06,0.007469074439729617,2.217058351797596e-06,0.007451292453946277,
SR_Pu_UN_G1_C1_P_D2.0m_Lw_100.0cm_Epw5.0cm_w_lead.o,C1,P,2.0,100.0,5.0,lead,0,C1_H_0,9.04271e-07,0.0084,1.51982e-07,0.0133,9.095955836348173e-07,0.008413830451420853,9.027033167120342e-07,0.008406452603184773,7.815613999820964e-07,0.00838229176921757,
SR_Pu_UN_G1_C1_P_D5.0m_Lw_250.0cm_Epw5.0cm_w_lead.o,C1,P,5.0,250.0,5.0,lead,0,C1_H_0,1.7391e-07,0.0104,3.01004e-08,0.0232,1.7477625321928984e-07,0.010336976213954845,1.7330431579123468e-07,0.010316704873479469,1.4994426248113547e-07,0.010262763773974865,
SR_Pu_UN_G1_C1_P_D10.0m_Lw_500.0cm_Epw5.0cm_w_lead.o,C1,P,10.0,500.0,5.0,lead,0,C1_H_0,4.38095e-08,0.0092,7.29301e-09,0.015,4.4021474498302184e-08,0.009117709147276455,4.363625307463435e-08,0.00909672093682991,3.7725886132314434e-08,0.009031051351215827,
SR_Pu_UN_G1_C1_P_D20.0m_Lw_1000.0cm_Epw5.0cm_w_lead.o,C1,P,20.0,1000.0,5.0,lead,0,C1_H_0,1.22538e-08,0.0089,2.07008e-09,0.0185,1.231307889031674e-08,0.008897774687686382,1.2191933669262309e-08,0.008896182346851396,1.0525849966187458e-08,0.008848575331191908,
SR_Pu_UN_G1_C1_P_D50.0m_Lw_2500.0cm_Epw5.0cm_w_lead.o,C1,P,50.0,2500.0,5.0,lead,0,C1_H_0,2.72881e-09,0.019,4.79242e-10,0.0234,2.7444793700090406e-09,0.01895459422683171,2.7129406056228757e-09,0.019135509714106835,2.338073410057351e-09,0.01935209371853063,
SR_Pu_UN_G1_C1_P_D100.0m_Lw_5000.0cm_Epw5.0cm_w_lead.o,C1,P,100.0,5000.0,5.0,lead,0,C1_H_0,8.93537e-10,0.0533,1.59866e-10,0.0378,8.965608445019211e-10,0.052299256901944084,8.856338886576318e-10,0.05272429962809477,7.633345407911919e-10,0.05364920637200597,
SR_Pu_UN_G1_C1_P_D200.0m_Lw_10000.0cm_Epw5.0cm_w_lead.o,C1,P,200.0,10000.0,5.0,lead,0,C1_H_0,2.21227e-10,0.0201,4.54959e-11,0.0356,2.2261907822570993e-10,0.020089976104397132,2.1941701044630051e-10,0.020172460214259304,1.8828604047247455e-10,0.02020142018361199,
SR_Pu_UN_G1_C1_P_D300.0m_Lw_15000.0cm_Epw5.0cm_w_lead.o,C1,P,300.0,15000.0,5.0,lead,0,C1_H_0,8.41986e-11,0.0246,1.82074e-11,0.0666,8.476126393651839e-11,0.024716289878018667,8.338009225629422e-11,0.024435332555143435,7.127375601176622e-11,0.02385234011855084,
SR_Pu_UN_G1_C1_P_D500.0m_Lw_25000.0cm_Epw5.0cm_w_lead.o,C1,P,500.0,25000.0,5.0,lead,0,C1_H_0,1.80056e-11,0.0463,3.91077e-12,0.1087,1.8141824102711454e-11,0.04656245850184517,1.7856334724672485e-11,0.04649642208948278,1.521181705584971e-11,0.045223609352771026,
SR_Pu_UN_G1_C1_P_D700.0m_Lw_35000.0cm_Epw5.0cm_w_lead.o,C1,P,700.0,35000.0,5.0,lead,0,C1_H_0,4.24963e-12,0.0423,9.48052e-13,0.0392,4.26886459400813e-12,0.0420589102566837,4.199891397180081e-12,0.04229669540780552,3.5957360192771016e-12,0.04261294963945962,
SR_Pu_UN_G1_C1_P_D1000.0m_Lw_50000.0cm_Epw5.0cm_w_lead.o,C1,P,1000.0,50000.0,5.0,lead,0,C1_H_0,5.69337e-13,0.1002,1.22589e-13,0.0463,5.728135360898766e-13,0.09975807696796443,5.628330703527222e-13,0.10009708153067827,4.795711562490552e-13,0.10098030495925064,
SR_Pu_UN_G1_C1_P_D1200.0m_Lw_60000.0cm_Epw5.0cm_w_lead.o,C1,P,1200.0,60000.0,5.0,lead,0,C1_H_0,1.2541e-13,0.0486,3.41343e-14,0.0432,1.2630009534963617e-13,0.04878016512086747,1.2389433257980304e-13,0.0487957437003829,1.0519733598955779e-13,0.048714120114885115,
SR_Pu_UN_G1_C1_P_D1.0m_Lw_50.0cm_Epw10.0cm_w_lead.o,C1,P,1.0,50.0,10.0,lead,0,C1_H_0,1.21099e-06,0.0115,2.18478e-07,0.0328,1.2222989927640255e-06,0.010966627310180803,1.2134312633354972e-06,0.010874382815642583,1.0495290096258358e-06,0.010728719791204013,
SR_Pu_UN_G1_C1_P_D2.0m_Lw_100.0cm_Epw10.0cm_w_lead.o,C1,P,2.0,100.0,10.0,lead,0,C1_H_0,5.12942e-07,0.0125,8.83356e-08,0.0199,5.167077447961373e-07,0.01246249910092983,5.122255652684375e-07,0.012478199785430017,4.42708195213262e-07,0.012455555006124268,
SR_Pu_UN_G1_C1_P_D5.0m_Lw_250.0cm_Epw10.0cm_w_lead.o,C1,P,5.0,250.0,10.0,lead,0,C1_H_0,1.09468e-07,0.0107,1.83966e-08,0.0169,1.1013860494636696e-07,0.010706539887343824,1.0907017146396769e-07,0.010704377373995289,9.418672184659699e-08,0.010699416389896825,
SR_Pu_UN_G1_C1_P_D10.0m_Lw_500.0cm_Epw10.0cm_w_lead.o,C1,P,10.0,500.0,10.0,lead,0,C1_H_0,2.95042e-08,0.0084,4.89684e-09,0.0138,2.9681644373489242e-08,0.00835430414443953,2.938713159876718e-08,0.008376932189699348,2.5366495285198454e-08,0.0083779997195686,
SR_Pu_UN_G1_C1_P_D20.0m_Lw_1000.0cm_Epw10.0cm_w_lead.o,C1,P,20.0,1000.0,10.0,lead,0,C1_H_0,8.93629e-09,0.0085,1.53854e-09,0.0197,8.990869078271632e-09,0.008639608172540322,8.889504890754127e-09,0.008567783009709246,7.663210611445855e-09,0.008512581782988169,
SR_Pu_UN_G1_C1_P_D200.0m_Lw_10000.0cm_Epw10.0cm_w_lead.o,C1,P,200.0,10000.0,10.0,lead,0,C1_H_0,1.96995e-10,0.0399,3.73893e-11,0.0296,1.9845980050720024e-10,0.040175217946111216,1.9555485093314954e-10,0.040006106684020416,1.6777309767113935e-10,0.03965096881192769,
SR_Pu_UN_G1_C1_P_D2.0m_Lw_100.0cm_Epw1.0cm_w_lead.o,C1,P,2.0,100.0,1.0,lead,0,C1_H_0,2.28945e-06,0.0048,3.84909e-07,0.0075,2.29572568012596e-06,0.004773700612379761,2.280077080320579e-06,0.004761724212846193,1.9763604373262527e-06,0.004737969017046165,
SR_Pu_UN_G1_C1_P_D300.0m_Lw_15000.0cm_Epw10.0cm_w_lead.o,C1,P,300.0,15000.0,10.0,lead,0,C1_H_0,7.19579e-11,0.0209,1.44835e-11,0.036,7.234551699564025e-11,0.02079372047259615,7.128098588925182e-11,0.020836935591297748,6.106406202502229e-11,0.0208386082225984,
SR_Pu_UN_G1_C1_P_D500.0m_Lw_25000.0cm_Epw10.0cm_w_lead.o,C1,P,500.0,25000.0,10.0,lead,0,C1_H_0,1.37096e-11,0.024,2.89145e-12,0.0355,1.3799976161959577e-11,0.024032847338528427,1.3589663548633085e-11,0.024162449703107075,1.1638145395107862e-11,0.024302497095293776,
SR_Pu_UN_G1_C1_P_D700.0m_Lw_35000.0cm_Epw10.0cm_w_lead.o,C1,P,700.0,35000.0,10.0,lead,0,C1_H_0,3.15776e-12,0.026,6.70512e-13,0.0217,3.1804481304288085e-12,0.026162274352129963,3.126647054319022e-12,0.02610939113129138,2.669908873897654e-12,0.026018586589080704,
SR_Pu_UN_G1_C1_P_D1000.0m_Lw_50000.0cm_Epw10.0cm_w_lead.o,C1,P,1000.0,50000.0,10.0,lead,0,C1_H_0,3.8455e-13,0.0334,8.76284e-14,0.0253,3.8694472306791805e-13,0.03329821041380055,3.8019215804316066e-13,0.033340566299177386,3.2461307620157377e-13,0.03346206674512631,
SR_Pu_UN_G1_C1_P_D1200.0m_Lw_60000.0cm_Epw10.0cm_w_lead.o,C1,P,1200.0,60000.0,10.0,lead,0,C1_H_0,1.08164e-13,0.0552,2.44244e-14,0.0329,1.0876459713053593e-13,0.05519067573964095,1.067911475255484e-13,0.055286146376551125,9.105484759889896e-14,0.055547128637378,
SR_Pu_UN_G1_C1_P_D1.0m_Lw_50.0cm_Epw20.0cm_w_lead.o,C1,P,1.0,50.0,20.0,lead,0,C1_H_0,5.41824e-07,0.0082,9.89661e-08,0.0193,5.476063607653735e-07,0.008028226451315063,5.429584970659957e-07,0.007966161272398334,4.688013016849963e-07,0.007940213204302236,
SR_Pu_UN_G1_C1_P_D2.0m_Lw_100.0cm_Epw20.0cm_w_lead.o,C1,P,2.0,100.0,20.0,lead,0,C1_H_0,2.70413e-07,0.0095,4.75229e-08,0.0228,2.722776443420871e-07,0.009317157291771018,2.6950162196263063e-07,0.009288654410632253,2.3250506594776759e-07,0.00924865207087045,
SR_Pu_UN_G1_C1_P_D5.0m_Lw_250.0cm_Epw20.0cm_w_lead.o,C1,P,5.0,250.0,20.0,lead,0,C1_H_0,6.77037e-08,0.0075,1.12612e-08,0.0178,6.8112998042643e-08,0.0074834172418593746,6.73767297069229e-08,0.007455650759524855,5.809091045218678e-08,0.007409595241959948,
SR_Pu_UN_G1_C1_P_D10.0m_Lw_500.0cm_Epw20.0cm_w_lead.o,C1,P,10.0,500.0,20.0,lead,0,C1_H_0,1.93526e-08,0.0061,3.14111e-09,0.0116,1.9468742948999115e-08,0.006091614243383968,1.9255512400470163e-08,0.006088627861495554,1.660069689744785e-08,0.006066193937281461,
SR_Pu_UN_G1_C1_P_D20.0m_Lw_1000.0cm_Epw20.0cm_w_lead.o,C1,P,20.0,1000.0,20.0,lead,0,C1_H_0,6.05047e-09,0.0059,1.00556e-09,0.0125,6.085846787627171e-09,0.00582954972289265,6.015417689532597e-09,0.005823269530528185,5.182267746349116e-09,0.005810786250702829,
SR_Pu_UN_G1_C1_P_D50.0m_Lw_2500.0cm_Epw20.0cm_w_lead.o,C1,P,50.0,2500.0,20.0,lead,0,C1_H_0,1.48853e-09,0.0066,2.53622e-10,0.0145,1.4973374790628636e-09,0.006494248290558177,1.4786797569105076e-09,0.006483415470024958,1.272140085643862e-09,0.006460691635000269,
SR_Pu_UN_G1_C1_P_D100.0m_Lw_5000.0cm_Epw20.0cm_w_lead.o,C1,P,100.0,5000.0,20.0,lead,0,C1_H_0,5.06472e-10,0.0078,9.11603e-11,0.0192,5.094204717620524e-10,0.0077228446757308085,5.02642483278464e-10,0.00770869354074899,4.3163926781375614e-10,0.007649651830902804,
SR_Pu_UN_G1_C1_P_D200.0m_Lw_10000.0cm_Epw20.0cm_w_lead.o,C1,P,200.0,10000.0,20.0,lead,0,C1_H_0,1.41152e-10,0.0123,2.71377e-11,0.0291,1.4197556449848195e-10,0.012111649502269867,1.3992147429570898e-10,0.012066216727176216,1.1995565926622203e-10,0.011834425030064731,
SR_Pu_UN_G1_C1_P_D300.0m_Lw_15000.0cm_Epw20.0cm_w_lead.o,C1,P,300.0,15000.0,20.0,lead,0,C1_H_0,5.08824e-11,0.0118,1.02685e-11,0.0218,5.122582614225661e-11,0.011719927125664081,5.0456113753255415e-11,0.011723422754661724,4.32465938497086e-11,0.011728463072161494,
SR_Pu_UN_G1_C1_P_D500.0m_Lw_25000.0cm_Epw20.0cm_w_lead.o,C1,P,500.0,25000.0,20.0,lead,0,C1_H_0,1.03652e-11,0.0157,2.17846e-12,0.0224,1.0441965098110909e-11,0.015877076169675923,1.0277190172212277e-11,0.01585051710327636,8.77694732902687e-12,0.01563657497017782,
SR_Pu_UN_G1_C1_P_D700.0m_Lw_35000.0cm_Epw20.0cm_w_lead.o,C1,P,700.0,35000.0,20.0,lead,0,C1_H_0,2.28582e-12,0.0179,4.832e-13,0.0155,2.2999562683911412e-12,0.017827686939592764,2.262092800669033e-12,0.01783135668161916,1.93277955430675e-12,0.01782560563896166,
SR_Pu_UN_G1_C1_P_D1000.0m_Lw_50000.0cm_Epw20.0cm_w_lead.o,C1,P,1000.0,50000.0,20.0,lead,0,C1_H_0,2.73828e-13,0.0216,6.00071e-14,0.0162,2.755721415158064e-13,0.02164118797641324,2.708118647414037e-13,0.021672097509213645,2.3090265557687524e-13,0.021666061042695455,
SR_Pu_UN_G1_C1_P_D1200.0m_Lw_60000.0cm_Epw20.0cm_w_lead.o,C1,P,1200.0,60000.0,20.0,lead,0,C1_H_0,7.30989e-14,0.0268,1.65644e-14,0.0193,7.357214521713171e-14,0.026847266793869513,7.221766373107554e-14,0.026869844214963027,6.14809285968668e-14,0.02682340800805477,
SR_Pu_UN_G1_C1_P_D1.0m_Lw_50.0cm_Epw40.0cm_w_lead.o,C1,P,1.0,50.0,40.0,lead,0,C1_H_0,1.78195e-07,0.0119,3.40795e-08,0.0235,1.800715726982519e-07,0.011729471627223756,1.7825454921272704e-07,0.011670169378860805,1.5363255657686865e-07,0.011639097343241301,
SR_Pu_UN_G1_C1_P_D2.0m_Lw_100.0cm_Epw40.0cm_w_lead.o,C1,P,2.0,100.0,40.0,lead,0,C1_H_0,1.25478e-07,0.0501,3.12299e-08,0.3459,1.2628469686007824e-07,0.0496777325900257,1.2440046914363012e-07,0.046114629708094705,1.0693216647860171e-07,0.04380941786598855,
SR_Pu_UN_G1_C1_P_D5.0m_Lw_250.0cm_Epw40.0cm_w_lead.o,C1,P,5.0,250.0,40.0,lead,0,C1_H_0,3.78979e-08,0.0047,5.96702e-09,0.0102,3.8115368110314096e-08,0.004606765480077679,3.768668211657734e-08,0.0045903895608823434,3.247884005369129e-08,0.00456552085482674,
SR_Pu_UN_G1_C1_P_D10.0m_Lw_500.0cm_Epw40.0cm_w_lead.o,C1,P,10.0,500.0,40.0,lead,0,C1_H_0,1.11607e-08,0.0039,1.76738e-09,0.0089,1.1223013328185365e-08,0.003804288972018882,1.1093959494771119e-08,0.003800556665627276,9.55879606819394e-09,0.0037904820143047344,
SR_Pu_UN_G1_C1_P_D20.0m_Lw_1000.0cm_Epw40.0cm_w_lead.o,C1,P,20.0,1000.0,40.0,lead,0,C1_H_0,3.55828e-09,0.0037,5.72441e-10,0.007,3.5785785674019315e-09,0.002967406824494964,3.535761775282321e-09,0.0029581677298793603,3.0450187885916262e-09,0.002952231200377332,
SR_Pu_UN_G1_C1_P_D50.0m_Lw_2500.0cm_Epw40.0cm_w_lead.o,C1,P,50.0,2500.0,40.0,lead,0,C1_H_0,9.30396e-10,0.0038,1.55907e-10,0.0085,9.357022860732788e-10,0.0033428075466481813,9.238458182103773e-10,0.003331386803744479,7.946214846718036e-10,0.003305556398951343,
SR_Pu_UN_G1_C1_P_D100.0m_Lw_5000.0cm_Epw40.0cm_w_lead.o,C1,P,100.0,5000.0,40.0,lead,0,C1_H_0,3.32849e-10,0.0067,5.8776e-11,0.0111,3.347938783469718e-10,0.005902672065070375,3.303310536158725e-10,0.005923149166980872,2.8386584806414786e-10,0.005945832823786104,
SR_Pu_UN_G1_C1_P_D200.0m_Lw_10000.0cm_Epw40.0cm_w_lead.o,C1,P,200.0,10000.0,40.0,lead,0,C1_H_0,9.22897e-11,0.0071,1.74057e-11,0.0136,9.285735509220124e-11,0.006181912962970463,9.152701255857768e-11,0.006170776684860849,7.851041677346291e-11,0.006151347558060002,
SR_Pu_UN_G1_C1_P_D300.0m_Lw_15000.0cm_Epw40.0cm_w_lead.o,C1,P,300.0,15000.0,40.0,lead,0,C1_H_0,3.42386e-11,0.0158,6.67505e-12,0.0154,3.445312205629978e-11,0.015332572332150055,3.3950205527537575e-11,0.015633918837410568,2.91132903690246e-11,0.01585324735230174,
SR_Pu_UN_G1_C1_P_D500.0m_Lw_25000.0cm_Epw40.0cm_w_lead.o,C1,P,500.0,25000.0,40.0,lead,0,C1_H_0,6.32159e-12,0.0173,1.39941e-12,0.0826,6.3666246220002655e-12,0.01660180802859439,6.263272455836431e-12,0.01662141458870657,5.336986983630157e-12,0.014428224070295679,
SR_Pu_UN_G1_C1_P_D700.0m_Lw_35000.0cm_Epw40.0cm_w_lead.o,C1,P,700.0,35000.0,40.0,lead,0,C1_H_0,1.34001e-12,0.0176,2.84503e-13,0.0199,1.3494323075402991e-12,0.01682214741378257,1.3263559989045008e-12,0.016778934449997517,1.1310851744461842e-12,0.01658370808114213,
SR_Pu_UN_G1_C1_P_D1.0m_Lw_50.0cm_Epw1.0cm_w_lead.o,C1,P,1.0,50.0,1.0,lead,0,C1_H_0,7.4535e-06,0.003,1.23406e-06,0.0057,7.473858367150401e-06,0.0028670276918015395,7.429696590010444e-06,0.0028555279515389215,6.446580633636661e-06,0.0028385986366878265,
SR_Pu_UN_G1_C1_P_D50.0m_Lw_2500.0cm_Epw10.0cm_w_lead.o,C1,P,50.0,2500.0,10.0,lead,0,C1_H_0,2.06081e-09,0.0094,3.54385e-10,0.0186,2.0722122316835363e-09,0.009331490070591536,2.0473314147419817e-09,0.009341154457398266,1.762782732233208e-09,0.00936474303724476,
SR_Pu_UN_G1_C1_P_D100.0m_Lw_5000.0cm_Epw10.0cm_w_lead.o,C1,P,100.0,5000.0,10.0,lead,0,C1_H_0,6.80767e-10,0.0118,1.24342e-10,0.0234,6.847538130346387e-10,0.011688233814010542,6.757837092227277e-10,0.011687057079466845,5.809244517308962e-10,0.011670001944279782,
SR_Pu_UN_G1_C1_P_D1000.0m_Lw_50000.0cm_Epw40.0cm_w_lead.o,C1,P,1000.0,50000.0,40.0,lead,0,C1_H_0,1.54126e-13,0.0231,3.32908e-14,0.0169,1.5515040970877423e-13,0.022385657832958674,1.5234482087863002e-13,0.02236106235189169,1.298023528256026e-13,0.022262972629069802,
SR_Pu_UN_G1_C1_P_D1200.0m_Lw_60000.0cm_Epw40.0cm_w_lead.o,C1,P,1200.0,60000.0,40.0,lead,0,C1_H_0,3.80615e-14,0.0294,8.4891e-15,0.0177,3.833229027922855e-14,0.028904881938631284,3.7610155347873656e-14,0.02893721952084107,3.201505082100352e-14,0.028925388741314575,
