file,D_m,rfis_cm,wall_thk_cm,config,particle,material,tally_14_value,tally_14_error,tally_24_value,tally_24_error,tally_34_value,tally_34_error,error,dose_14_calc,dose_14_calc_error,dose_24_calc,dose_24_calc_error,dose_34_calc,dose_34_calc_error,diff_14_pct,diff_24_pct,diff_34_pct
SR-U-UN-G1-C1-N_concrete_20cm_D1m.i,1.0,25.5476,20.0,C1,N,concrete,9.2306e-06,0.0148,9.76637e-05,0.0171,8.37419e-05,0.0142,,9.23264961003675e-06,0.012073795140353292,9.766278978605219e-05,0.015508096652766873,8.374277129282964e-05,0.012984913873460851,0.02220451581425418,-0.000931987983054198,0.0010404502759468071
SR-U-UN-G1-C1-N_concrete_20cm_D2m.i,2.0,25.5476,20.0,C1,N,concrete,3.35311e-06,0.0435,3.40651e-05,0.0355,2.86636e-05,0.031,,3.353856545728114e-06,0.04244198771731759,3.405820510450051e-05,0.033771353140295245,2.865736288802148e-05,0.030176072748405728,0.022264277882747575,-0.02024035009289072,-0.021759695148280817
SR-U-UN-G1-C1-N_concrete_20cm_D5m.i,5.0,25.5476,20.0,C1,N,concrete,5.63154e-07,0.0472,5.79573e-06,0.0435,4.96659e-06,0.0441,,5.635573640674907e-07,0.044014643818755,5.797579338279354e-06,0.04262611902386783,4.968238788888634e-06,0.04382595265305229,0.0716258905185241,0.03190863410398006,0.03319760416369719
SR-U-UN-G1-C1-N_concrete_20cm_D10m.i,10.0,25.5476,20.0,C1,N,concrete,1.38985e-07,0.0399,1.45534e-06,0.0394,1.23226e-06,0.0402,,1.3905384602269174e-07,0.03964962981216773,1.4558475725964883e-06,0.03923634599234795,1.2325621922801213e-06,0.040000373852200476,0.049534858216170104,0.03487656468511914,0.024523418768875573
SR-U-UN-G1-C1-N_concrete_20cm_D20m.i,20.0,25.5476,20.0,C1,N,concrete,3.34987e-08,0.0309,3.30683e-07,0.0267,2.75274e-07,0.0268,,3.3502687819871296e-08,0.02676427798310969,3.30534924415945e-07,0.025743228891024986,2.751947190957248e-07,0.026551478378942815,0.011904401876185156,-0.04477871074564312,-0.02880072374259434
SR-U-UN-G1-C1-N_concrete_20cm_D50m.i,50.0,25.5476,20.0,C1,N,concrete,4.83178e-09,0.0349,4.91395e-08,0.0348,3.97155e-08,0.0407,,4.832874850455372e-09,0.034442238696375575,4.915590716365891e-08,0.03461784267826713,3.9717346725011084e-08,0.04055315036616882,0.0226593606367004,0.033388951167405874,0.004649884833581487
SR-U-UN-G1-C1-N_concrete_20cm_D100m.i,100.0,25.5476,20.0,C1,N,concrete,1.02438e-09,0.0285,1.05254e-08,0.0287,8.60406e-09,0.0341,,1.0244329751975056e-09,0.028107048513278818,1.0526354644261649e-08,0.02861211332085589,8.60356539189585e-09,0.03402255203201378,0.0051714400423317295,0.009069909567794599,-0.005748543177875912
SR-U-UN-G1-C1-N_concrete_20cm_D200m.i,200.0,25.5476,20.0,C1,N,concrete,1.72713e-10,0.0236,1.8615e-09,0.0221,1.48496e-09,0.0274,,1.727329008000614e-10,0.023375853275786042,1.8613864361064271e-09,0.02197707067091648,1.4849298296171544e-09,0.027307718483020722,0.011522467944742562,-0.006100665784201062,-0.0020317303392440164
SR-U-UN-G1-C1-N_concrete_20cm_D300m.i,300.0,25.5476,20.0,C1,N,concrete,5.01079e-11,0.0234,5.54787e-10,0.0227,4.36533e-10,0.0272,,5.0108125136885394e-11,0.023206331593850684,5.54782272696482e-10,0.022470476454402172,4.3653031159452937e-10,0.026997431933973443,0.0004493041723884504,-0.0008520934192664951,-0.0006158538920655278
SR-U-UN-G1-C1-N_concrete_20cm_D500m.i,500.0,25.5476,20.0,C1,N,concrete,7.2266e-12,0.0262,8.1293e-11,0.0255,6.32095e-11,0.0318,,7.227186102460773e-12,0.025953962923782062,8.130394697923555e-11,0.02527659273827668,6.320576374780743e-11,0.03151963230721086,0.008110348722405207,0.01346607854987414,-0.005910902937957471
SR-U-UN-G1-C1-N_concrete_20cm_D700m.i,700.0,25.5476,20.0,C1,N,concrete,1.38991e-12,0.0251,1.61531e-11,0.0255,1.20606e-11,0.0302,,1.3900479724883787e-12,0.024786549378233262,1.6152403555068918e-11,0.025248547520683753,1.2061043950273923e-11,0.02999010990571227,0.009926721037954668,-0.004311524915231119,0.0036809965832727814
SR-U-UN-G1-C1-N_concrete_20cm_D1000m.i,1000.0,25.5476,20.0,C1,N,concrete,1.54725e-13,0.0192,1.7661e-12,0.0194,1.31083e-12,0.024,,1.5476185747972788e-13,0.018901828254628016,1.7663700059220343e-12,0.0190857019193103,1.3110456038884864e-12,0.023640153976100756,0.023821282745433135,0.015288257858239016,0.016447890915408762
SR-U-UN-G1-C1-N_concrete_20cm_D1200m.i,1200.0,25.5476,20.0,C1,N,concrete,3.91594e-14,0.0258,4.43379e-13,0.0251,3.28002e-13,0.0334,,3.9175357858512205e-14,0.025661215325614006,4.434474981785884e-13,0.024940767939414254,3.2808813569108096e-13,0.03324552616320102,0.04075102915826993,0.01544912559872912,0.0262607213007696
SR-U-UN-G1-C1-N_concrete_40cm_D1m.i,1.0,25.5476,40.0,C1,N,concrete,5.94788e-07,0.5169,6.20795e-06,0.6307,4.71023e-06,0.6958,,5.976683153030737e-07,0.5169476454507638,6.241068282525064e-06,0.6302483250471514,4.76088658843602e-06,0.6946117473813741,0.4842591483139791,0.533481785856259,1.075458914660648
SR-U-UN-G1-C1-N_concrete_40cm_D2m.i,2.0,25.5476,40.0,C1,N,concrete,5.19409e-07,0.0237,5.29925e-06,0.0216,4.56653e-06,0.0203,,5.198764768687071e-07,0.020631330544293443,5.300482084256391e-06,0.019445513224033702,4.567410524293595e-06,0.0184542858847047,0.09000168820855053,0.02325016287948203,0.019282130930827777
SR-U-UN-G1-C1-N_concrete_40cm_D5m.i,5.0,25.5476,40.0,C1,N,concrete,8.73436e-08,0.0458,8.79159e-07,0.0316,7.63897e-07,0.0293,,8.736106092086332e-08,0.030894339166531403,8.79085080429518e-07,0.027523027016571694,7.638909117996491e-07,0.02786316188094448,0.019991070740528076,-0.008407986551015085,-0.000796992310597099
SR-U-UN-G1-C1-N_concrete_40cm_D10m.i,10.0,25.5476,40.0,C1,N,concrete,2.0028e-08,0.0297,2.01876e-07,0.0269,1.74528e-07,0.0278,,2.0032787293336215e-08,0.026463411473909716,2.0187644293718189e-07,0.025993258151743467,1.745342483302834e-07,0.02729307760969891,0.02390300247760895,0.0002194105202623901,0.003580130571242599
SR-U-UN-G1-C1-N_concrete_40cm_D20m.i,20.0,25.5476,40.0,C1,N,concrete,4.75196e-09,0.0208,4.8438e-08,0.0203,4.16999e-08,0.0217,,4.753470952401946e-09,0.019955901938565068,4.844168353222551e-08,0.019992696947475658,4.170389134088966e-08,0.021526691903660168,0.03179640405109916,0.007604633191933392,0.009571583839925984
SR-U-UN-G1-C1-N_concrete_40cm_D50m.i,50.0,25.5476,40.0,C1,N,concrete,6.98278e-10,0.0264,7.09972e-09,0.025,6.00347e-09,0.0297,,6.985646551992001e-10,0.02595162147438901,7.099557607092138e-09,0.024834928931274133,6.003498613549859e-09,0.02962952044195637,0.04105172999866511,-0.002287314258340778,0.00047661685423079126
SR-U-UN-G1-C1-N_concrete_40cm_D100m.i,100.0,25.5476,40.0,C1,N,concrete,1.48701e-10,0.0267,1.53345e-09,0.0246,1.2964e-09,0.0304,,1.487497852121598e-10,0.026373973556580596,1.5336527686171671e-09,0.024420774571537077,1.2965548454308468e-09,0.03036242756241014,0.0328075884895277,0.013223034149611314,0.011944263409962992
SR-U-UN-G1-C1-N_concrete_40cm_D200m.i,200.0,25.5476,40.0,C1,N,concrete,2.30619e-11,0.0143,2.48905e-10,0.0139,2.038e-10,0.016,,2.3064634784601722e-11,0.013693358566993327,2.4889972752018514e-10,0.013694770699314882,2.0378759399304628e-10,0.015888783743474216,0.011858453127111666,-0.0021182699483114124,-0.0060873439419695105
SR-U-UN-G1-C1-N_concrete_40cm_D300m.i,300.0,25.5476,40.0,C1,N,concrete,6.82646e-12,0.0195,7.66853e-11,0.0193,6.21284e-11,0.0232,,6.826375383481585e-12,0.01935711170752283,7.668042476942923e-11,0.019101737058207727,6.211970686519854e-11,0.023009769971511784,-0.0012395373065265942,-0.006357451259589201,-0.013992207752750105
SR-U-UN-G1-C1-N_concrete_40cm_D500m.i,500.0,25.5476,40.0,C1,N,concrete,9.67344e-13,0.0198,1.10536e-11,0.0189,8.73706e-12,0.0235,,9.673952107769183e-13,0.019630146933725803,1.1054723102243019e-11,0.01870359656422651,8.737270054530108e-12,0.023245264925992964,0.005293957156734243,0.010160510992062721,0.0024041786379860566
SR-U-UN-G1-C1-N_concrete_40cm_D700m.i,700.0,25.5476,40.0,C1,N,concrete,1.94336e-13,0.0193,2.24442e-12,0.0185,1.74229e-12,0.0224,,1.9435338952362301e-13,0.019033970853200365,2.2444849181270615e-12,0.018242293642381037,1.7422882910631557e-12,0.022121671120434373,0.008948174102079196,0.002892423301415239,-9.808567140748387e-05
SR-U-UN-G1-C1-N_concrete_40cm_D1000m.i,1000.0,25.5476,40.0,C1,N,concrete,2.1654e-14,0.0154,2.49548e-13,0.0145,1.8801e-13,0.0183,,2.165516427713516e-14,0.015250925432851451,2.4956823341665987e-13,0.014289630100311517,1.8800873936104526e-13,0.018110961007936292,0.005376730096789303,0.008108025974915677,-0.0006705169697040544
SR-U-UN-G1-C1-N_concrete_40cm_D1200m.i,1200.0,25.5476,40.0,C1,N,concrete,5.48863e-15,0.0171,6.32242e-14,0.0168,4.67389e-14,0.0217,,5.489308002243792e-15,0.01696337796179994,6.322709799230075e-14,0.016618084437076783,4.673960839715602e-14,0.021539748281139786,0.012352850233883283,0.004583675713968961,0.0015156478993221356
SR-U-UN-G1-C1-N_steel_1cm_D1m.i,1.0,25.5476,1.0,C1,N,steel,3.35753e-05,0.0207,0.000384662,0.0189,0.00032937,0.0187,,3.358652181690188e-05,0.02078981077857537,0.0003848237471719811,0.01895504273029019,0.0003294661238323162,0.018686716950094207,0.03342283435110427,0.0420491683558723,0.02918414922919327
SR-U-UN-G1-C1-N_steel_1cm_D2m.i,2.0,25.5476,1.0,C1,N,steel,1.17518e-05,0.0291,0.000135445,0.0309,0.000114156,0.0277,,1.175788931738176e-05,0.029057449294099456,0.0001355386719415816,0.030836818256092472,0.0001142062729712606,0.02767547843003657,0.051816039940769686,0.06915865597224978,0.04403883392953532
SR-U-UN-G1-C1-N_steel_1cm_D5m.i,5.0,25.5476,1.0,C1,N,steel,2.27615e-06,0.0489,2.64241e-05,0.0562,2.18384e-05,0.0517,,2.276671806578953e-06,0.04869397453962445,2.6430302277736336e-05,0.0561319300321368,2.1845184529474883e-05,0.051664710622283685,0.022924964477442758,0.023472049138232264,0.031066971366409672
SR-U-UN-G1-C1-N_steel_1cm_D10m.i,10.0,25.5476,1.0,C1,N,steel,5.86809e-07,0.0491,6.54879e-06,0.0449,5.41868e-06,0.0414,,5.866280929881428e-07,0.04884413189880299,6.546741245734676e-06,0.04481904527557011,5.417681359218936e-06,0.04131140895026885,-0.030828942953702303,-0.03128447034222145,-0.018429595050162173
SR-U-UN-G1-C1-N_steel_1cm_D20m.i,20.0,25.5476,1.0,C1,N,steel,1.44718e-07,0.037,1.65355e-06,0.0379,1.33445e-06,0.0378,,1.4475099716208615e-07,0.03682600628040852,1.653922279830706e-06,0.03775893645475042,1.3346514459311205e-06,0.03773939204654966,0.02280100753612801,0.022513974824221537,0.015095802099780262
SR-U-UN-G1-C1-N_steel_1cm_D50m.i,50.0,25.5476,1.0,C1,N,steel,2.46686e-08,0.0571,2.86077e-07,0.0631,2.183e-07,0.0648,,2.4690428233970953e-08,0.05706418747198943,2.863322941425754e-07,0.06320881202755507,2.1854963165984332e-07,0.06480115466437614,0.08848590504104185,0.08923966015282499,0.11435256978622461
SR-U-UN-G1-C1-N_steel_1cm_D100m.i,100.0,25.5476,1.0,C1,N,steel,6.20737e-09,0.0417,6.90913e-08,0.0445,5.33947e-08,0.0478,,6.209317466019796e-09,0.04155434852470233,6.909333472489098e-08,0.04421749617166016,5.3395638082668114e-08,0.0476639794862732,0.031373448333119676,0.002944979890359622,0.0017568834886496293
SR-U-UN-G1-C1-N_steel_1cm_D200m.i,200.0,25.5476,1.0,C1,N,steel,1.19948e-09,0.0321,1.39307e-08,0.0375,1.01109e-08,0.0391,,1.2000566442246186e-09,0.03194649785410658,1.3938588562070266e-08,0.03732483779984699,1.0115810472699208e-08,0.03891878044039007,0.04807451767587046,0.056627176453923074,0.04856612862562765
SR-U-UN-G1-C1-N_steel_1cm_D300m.i,300.0,25.5476,1.0,C1,N,steel,3.7112e-10,0.0329,4.19981e-09,0.0318,3.0797e-09,0.0424,,3.711942698366115e-10,0.03266757738370251,4.200505871588997e-09,0.03154234196180542,3.0799242162808483e-09,0.04215487073975239,0.020012350886906612,0.016569120722042044,0.007280458513761753
SR-U-UN-G1-C1-N_steel_1cm_D500m.i,500.0,25.5476,1.0,C1,N,steel,5.5799e-11,0.0306,6.39588e-10,0.032,4.45947e-10,0.0414,,5.582006613387602e-11,0.030404753139286575,6.398330469407862e-10,0.03174284284456466,4.4611940525802254e-10,0.041231122776540605,0.03775360468112436,0.0383132486516614,0.03866048163179095
SR-U-UN-G1-C1-N_steel_1cm_D700m.i,700.0,25.5476,1.0,C1,N,steel,1.15801e-11,0.0354,1.26953e-10,0.028,8.94736e-11,0.0427,,1.1582786495699627e-11,0.035245781264282516,1.2698865513160102e-10,0.02775120940523962,8.949612042410815e-11,0.04248511974435622,0.023199244390176208,0.028085300545091663,0.025169909457260133
SR-U-UN-G1-C1-N_steel_1cm_D1000m.i,1000.0,25.5476,1.0,C1,N,steel,1.23948e-12,0.0247,1.34391e-11,0.0228,9.45474e-12,0.0314,,1.2397271554725108e-12,0.02449105750462664,1.3444232132238727e-11,0.02260237721867761,9.456868368357195e-12,0.031183325674842784,0.019940254986825594,0.0381880649651199,0.02251112518371961
SR-U-UN-G1-C1-N_steel_1cm_D1200m.i,1200.0,25.5476,1.0,C1,N,steel,2.9803e-13,0.0193,3.23811e-12,0.019,2.27027e-12,0.0251,,2.9808038088353677e-13,0.018978537628723625,3.238746971861657e-12,0.01870711263704535,2.2703565842048627e-12,0.024793784367770164,0.016904634948420323,0.019671100168219192,0.0038138285253524404
SR-U-UN-G1-C1-N_steel_5cm_D1m.i,1.0,25.5476,5.0,C1,N,steel,2.75343e-05,0.0308,0.00034268,0.0282,0.000275188,0.0303,,2.7536612657786172e-05,0.030439824733338262,0.00034269527815247703,0.027765355853771437,0.00027520397306050377,0.030024527560968284,0.008399188598114693,0.004458431328655388,0.005804417526844977
SR-U-UN-G1-C1-N_steel_5cm_D2m.i,2.0,25.5476,5.0,C1,N,steel,9.29331e-06,0.0354,0.000116656,0.0367,9.25322e-05,0.0356,,9.293256044183343e-06,0.03516422745706312,0.00011666916233487456,0.03650515101198338,9.254122122586073e-05,0.035524227746569215,-0.000580587720164445,0.011283032912633394,0.009749282801802083
SR-U-UN-G1-C1-N_steel_5cm_D5m.i,5.0,25.5476,5.0,C1,N,steel,1.77597e-06,0.0387,2.25012e-05,0.0404,1.74029e-05,0.0383,,1.776862489438928e-06,0.03860302121421801,2.2514994158908294e-05,0.04025955062110713,1.74109414687192e-05,0.03817619469788149,0.050253632602355824,0.061304103373569944,0.0462076361939643
SR-U-UN-G1-C1-N_steel_5cm_D10m.i,10.0,25.5476,5.0,C1,N,steel,4.33569e-07,0.0381,5.39889e-06,0.0403,4.20498e-06,0.0384,,4.334934377075343e-07,0.038006125407455384,5.3988018313144765e-06,0.04025222133096074,4.205310347463447e-06,0.038363004737142,-0.017427973970852665,-0.0016330891261674791,0.007856100705525039
SR-U-UN-G1-C1-N_steel_5cm_D20m.i,20.0,25.5476,5.0,C1,N,steel,1.19246e-07,0.0306,1.46658e-06,0.0328,1.10084e-06,0.0295,,1.1918646639903197e-07,0.029902626728880354,1.4651470265986304e-06,0.032389054143702856,1.1001169347967208e-06,0.029208557483026868,-0.049925029743587465,-0.09770850559597785,-0.06568304233850475
SR-U-UN-G1-C1-N_steel_5cm_D50m.i,50.0,25.5476,5.0,C1,N,steel,1.88437e-08,0.0442,2.34626e-07,0.051,1.71179e-07,0.0488,,1.883966103466057e-08,0.0440465610245287,2.3456634909601977e-07,0.050875344000617544,1.7109127734816678e-07,0.04860283254147208,-0.021434035457095827,-0.02542382514309258,-0.05124615276010287
SR-U-UN-G1-C1-N_steel_5cm_D100m.i,100.0,25.5476,5.0,C1,N,steel,4.3693e-09,0.0253,5.20796e-08,0.0262,3.6788e-08,0.0292,,4.370076683137199e-09,0.025132440674405673,5.209527294052324e-08,0.026117891930949676,3.6792824542465285e-08,0.02914765314454835,0.017775916901994954,0.03009420295709313,0.013114446192471582
SR-U-UN-G1-C1-N_steel_5cm_D200m.i,200.0,25.5476,5.0,C1,N,steel,9.00494e-10,0.0244,1.05901e-08,0.0296,7.2786e-09,0.0276,,9.008276722251508e-10,0.024166277878804914,1.0595834291748087e-08,0.029804078251061714,7.281952709197148e-09,0.027676894170324668,0.03705435296080231,0.0541476638378054,0.04606255594686187
SR-U-UN-G1-C1-N_steel_5cm_D300m.i,300.0,25.5476,5.0,C1,N,steel,2.70607e-10,0.0221,3.05582e-09,0.0227,2.13338e-09,0.0282,,2.7061171095285295e-10,0.021573700073483606,3.0556945800241636e-09,0.022476733692888596,2.1332432700650266e-09,0.027962446666988498,0.0017408835887341254,-0.004104298546260732,-0.006409075503348676
SR-U-UN-G1-C1-N_steel_5cm_D500m.i,500.0,25.5476,5.0,C1,N,steel,3.97714e-11,0.0257,4.29148e-10,0.0225,2.86986e-10,0.028,,3.979037663184506e-11,0.021112778112678313,4.293464056305954e-10,0.021686514057020056,2.8713503018219753e-10,0.027625444879032943,0.04771426664653134,0.04623244908408954,0.05192942589448884
SR-U-UN-G1-C1-N_steel_5cm_D700m.i,700.0,25.5476,5.0,C1,N,steel,7.46804e-12,0.0171,8.01279e-11,0.0184,5.34519e-11,0.0234,,7.470004922144918e-12,0.016581372955786263,8.013791076850851e-11,0.018129322251815516,5.34564675566074e-11,0.02317662970337211,0.026311082223951582,0.012493486673820034,0.008545171654149013
SR-U-UN-G1-C1-N_steel_5cm_D1000m.i,1000.0,25.5476,5.0,C1,N,steel,7.75956e-13,0.0189,8.12755e-12,0.0204,5.48433e-12,0.0269,,7.760807427726373e-13,0.018408772446224016,8.128754226522115e-12,0.020183645606727495,5.484315717666421e-12,0.026681682332818046,0.016076011093071173,0.014816599370232993,-0.00026042075475220575
SR-U-UN-G1-C1-N_steel_5cm_D1200m.i,1200.0,25.5476,5.0,C1,N,steel,1.78815e-13,0.0144,1.8709e-12,0.0162,1.26322e-12,0.0203,,1.788561270139114e-13,0.014133636163697151,1.8712427793732183e-12,0.01600623990490561,1.263583065028345e-12,0.020041023885121627,0.02299975612302647,0.01832162986895265,0.02874123496660565
SR-U-UN-G1-C1-N_steel_10cm_D1m.i,1.0,25.5476,10.0,C1,N,steel,2.00236e-05,0.017,0.000270861,0.0181,0.00019782,0.0159,,2.0023903180631173e-05,0.015959441382463455,0.00027087206692247604,0.017277966132165135,0.00019783984996946862,0.015153882773000008,0.001514116498402561,0.004085830915500906,0.010034359250134253
SR-U-UN-G1-C1-N_steel_10cm_D2m.i,2.0,25.5476,10.0,C1,N,steel,6.73809e-06,0.0306,8.9449e-05,0.0269,6.42398e-05,0.0248,,6.744567266166941e-06,0.03036060139490016,8.951310917404595e-05,0.026531828057359562,6.428408019502543e-05,0.02447361126938511,0.09612911324931932,0.07167120263608057,0.06892953437812793
SR-U-UN-G1-C1-N_steel_10cm_D5m.i,5.0,25.5476,10.0,C1,N,steel,1.2412e-06,0.0334,1.68213e-05,0.0354,1.19458e-05,0.0337,,1.2416288867632909e-06,0.03314103162513498,1.682725804143162e-05,0.035168587932597875,1.1951316198043781e-05,0.03347837719429791,0.034554202649920776,0.03541962530612096,0.04617688261800229
SR-U-UN-G1-C1-N_steel_10cm_D10m.i,10.0,25.5476,10.0,C1,N,steel,3.0656e-07,0.0309,4.07313e-06,0.0311,2.89867e-06,0.0301,,3.0662649379377323e-07,0.030311942613000006,4.074340627400588e-06,0.03062904511999368,2.899422989097717e-06,0.029724054873121103,0.021690303292412547,0.029722287297187188,0.025977054915433912
SR-U-UN-G1-C1-N_steel_10cm_D20m.i,20.0,25.5476,10.0,C1,N,steel,8.01007e-08,0.0249,1.05938e-06,0.0239,7.34687e-07,0.0224,,8.011223884373247e-08,0.02262643625404226,1.0595923748652599e-06,0.023628246646780243,7.348393336166717e-07,0.022170751590731577,0.01440542184085213,0.020047090303746965,0.02073449192264913
SR-U-UN-G1-C1-N_steel_10cm_D50m.i,50.0,25.5476,10.0,C1,N,steel,1.28948e-08,0.027,1.64673e-07,0.0257,1.11838e-07,0.0271,,1.2897992616519933e-08,0.024440848545341905,1.6470914379815482e-07,0.025481508914075322,1.1186022591959666e-07,0.026858286158223627,0.02475894562097633,0.02194883080699862,0.019873316401103167
SR-U-UN-G1-C1-N_steel_10cm_D100m.i,100.0,25.5476,10.0,C1,N,steel,3.06847e-09,0.023,3.74687e-08,0.0247,2.4743e-08,0.0264,,3.069019227387438e-09,0.021203762972626404,3.747831646946444e-08,0.024514331979040266,2.4745037998104254e-08,0.02614651004390094,0.017899063293373485,0.025665340576104916,0.008236665336682632
SR-U-UN-G1-C1-N_steel_10cm_D200m.i,200.0,25.5476,10.0,C1,N,steel,6.0549e-10,0.0153,7.15475e-09,0.0164,4.71017e-09,0.0188,,6.05564649066167e-10,0.013992212239907768,7.1558716819721165e-09,0.016207992861686567,4.710646815796228e-09,0.0186288939743075,0.012328703391793984,0.01567744466426623,0.010123112249194545
SR-U-UN-G1-C1-N_steel_10cm_D300m.i,300.0,25.5476,10.0,C1,N,steel,1.85914e-10,0.0205,2.10973e-09,0.0162,1.36137e-09,0.0174,,1.8594821283858872e-10,0.013097496977819726,2.1099858885869213e-09,0.01515403977141819,1.3615085975892604e-09,0.01675514351005955,0.01840250792771181,0.012128973229816813,0.010180743608306897
SR-U-UN-G1-C1-N_steel_10cm_D500m.i,500.0,25.5476,10.0,C1,N,steel,2.61476e-11,0.0135,2.84275e-10,0.0158,1.80711e-10,0.0181,,2.615798946640887e-11,0.012430706812122157,2.8435979541782977e-10,0.015602846443549912,1.8076699153988152e-10,0.01786663044231559,0.039733919781819664,0.029828658105631792,0.03098402414989599
SR-U-UN-G1-C1-N_steel_10cm_D700m.i,700.0,25.5476,10.0,C1,N,steel,4.91872e-12,0.0201,5.02824e-11,0.0162,3.2354e-11,0.0199,,4.920024109955271e-12,0.013192801416296958,5.02930998414767e-11,0.01508390232160759,3.2360864931940006e-11,0.019282332876310267,0.026513197646348748,0.021279496357961607,0.021218186128476296
SR-U-UN-G1-C1-N_steel_10cm_D1000m.i,1000.0,25.5476,10.0,C1,N,steel,4.54068e-13,0.0131,4.57008e-12,0.0144,2.95941e-12,0.0192,,4.541680461187923e-13,0.012762155942973894,4.570105381911442e-12,0.014237890041751368,2.9593963113778984e-12,0.018977107349392373,0.022033289902014246,0.0005553931537626679,-0.000462545645970797
SR-U-UN-G1-C1-N_steel_10cm_D1200m.i,1200.0,25.5476,10.0,C1,N,steel,1.02682e-13,0.0142,1.01623e-12,0.0159,6.65146e-13,0.0217,,1.0272092210192198e-13,0.013859082711989866,1.0164547710857225e-12,0.01570981704727149,6.65326522706901e-13,0.021515318495045694,0.0379054770280819,0.022118131301228697,0.02714031308931556
SR-U-UN-G1-C1-N_steel_20cm_D1m.i,1.0,25.5476,20.0,C1,N,steel,1.11584e-05,0.0142,0.000163991,0.014,0.000104107,0.0139,,1.1160309947774706e-05,0.01246774204660442,0.00016404736770984343,0.012288696933743012,0.00010413820648432664,0.012406075941522937,0.01711668137641772,0.03437244107508153,0.029975394859749732
SR-U-UN-G1-C1-N_steel_20cm_D2m.i,2.0,25.5476,20.0,C1,N,steel,3.64816e-06,0.0238,5.33721e-05,0.0242,3.39715e-05,0.0256,,3.6489258105167927e-06,0.022814703231677613,5.33863577519794e-05,0.023153737815393968,3.398270522330403e-05,0.024691927890728375,0.02099169216243057,0.026713867319075827,0.032984187639734194
SR-U-UN-G1-C1-N_steel_20cm_D5m.i,5.0,25.5476,20.0,C1,N,steel,6.23797e-07,0.0261,8.97464e-06,0.0264,5.61132e-06,0.026,,6.240925023250763e-07,0.025602091954194137,8.980568793983585e-06,0.026016538978859218,5.614531403230751e-06,0.025698942578372165,0.04737155277699759,0.06606163571558064,0.057230798292584685
SR-U-UN-G1-C1-N_steel_20cm_D10m.i,10.0,25.5476,20.0,C1,N,steel,1.58781e-07,0.0235,2.27223e-06,0.0213,1.4138e-06,0.0215,,1.5874890781194733e-07,0.022271504552996292,2.2721394032329956e-06,0.0210009232554379,1.4135147787146037e-06,0.021196662240005847,-0.020211604696197445,-0.0039871301322672,-0.020174090069047773
SR-U-UN-G1-C1-N_steel_20cm_D20m.i,20.0,25.5476,20.0,C1,N,steel,3.8994e-08,0.0235,5.40114e-07,0.0184,3.33404e-07,0.0179,,3.899775217060452e-08,0.017219537621520745,5.401175608650368e-07,0.017826695770509108,3.334313589314848e-07,0.017106048543076784,0.009622430641954971,0.000659280269876532,0.008205939786208717
SR-U-UN-G1-C1-N_steel_20cm_D50m.i,50.0,25.5476,20.0,C1,N,steel,6.64406e-09,0.0245,8.79648e-08,0.0212,5.31596e-08,0.0207,,6.646512949348001e-09,0.01811040251643187,8.802232175025473e-08,0.020148790822943134,5.319030922815233e-08,0.01959296371341919,0.036919434020775986,0.06539178200226732,0.05776798198694714
SR-U-UN-G1-C1-N_steel_20cm_D100m.i,100.0,25.5476,20.0,C1,N,steel,1.59045e-09,0.0139,2.00997e-08,0.0139,1.20473e-08,0.0135,,1.5908441306482716e-09,0.01166909091017579,2.010511898204578e-08,0.013715550624733239,1.2050144738654954e-08,0.01329311964666991,0.024781077573743843,0.026960512076185546,0.023613080565390278
SR-U-UN-G1-C1-N_steel_20cm_D200m.i,200.0,25.5476,20.0,C1,N,steel,3.50823e-10,0.131,3.62454e-09,0.0431,2.14564e-09,0.0432,,3.5095277384815727e-10,0.02720782277868852,3.6260142846176436e-09,0.012229940974738016,2.1465587171462953e-09,0.012230565042149652,0.03699126002493054,0.04067508201436805,0.042817860698684373
SR-U-UN-G1-C1-N_steel_20cm_D300m.i,300.0,25.5476,20.0,C1,N,steel,9.0237e-11,0.0103,9.80061e-10,0.0087,5.77985e-10,0.0095,,9.025704804988767e-11,0.0064784888883308925,9.8020786750591e-10,0.00820216372131979,5.780681031783501e-10,0.008986947507759413,0.02221710594065496,0.01498554742102761,0.014378085651014644
SR-U-UN-G1-C1-N_steel_20cm_D500m.i,500.0,25.5476,20.0,C1,N,steel,1.22251e-11,0.0078,1.21131e-10,0.0095,7.15553e-11,0.0106,,1.2229825442280702e-11,0.006550336430681909,1.2118132836031003e-10,0.009276674062502334,7.158221026208906e-11,0.010324551610922604,0.03865360840159003,0.04154870372573832,0.03760764344368755
SR-U-UN-G1-C1-N_steel_20cm_D700m.i,700.0,25.5476,20.0,C1,N,steel,2.1752e-12,0.0146,2.01465e-11,0.0109,1.19633e-11,0.0118,,2.1760371349722484e-12,0.006787779635823336,2.015389518739711e-11,0.009588087700071645,1.1968137153693136e-11,0.010719618380956322,0.03848542535162382,0.03670705778726995,0.040433272534633725
SR-U-UN-G1-C1-N_steel_20cm_D1000m.i,1000.0,25.5476,20.0,C1,N,steel,1.83654e-13,0.0136,1.59876e-12,0.0099,9.61036e-13,0.0114,,1.837253447489714e-13,0.0062995765638808885,1.5992516208645913e-12,0.008273330025257932,9.614162858290867e-13,0.010297586039613383,0.038847370038989984,0.03075013539188918,0.039570404135400715
SR-U-UN-G1-C1-N_steel_20cm_D1200m.i,1200.0,25.5476,20.0,C1,N,steel,3.80946e-14,0.0315,3.22702e-13,0.016,1.94646e-13,0.016,,3.810869342571457e-14,0.009465543107890622,3.2275895396442644e-13,0.009158195198189181,1.94686279466598e-13,0.011382597040918312,0.03699586218144892,0.01764908938476352,0.02069370374834168
SR-U-UN-G1-C1-N_lead_1cm_D1m.i,1.0,25.5476,1.0,C1,N,lead,3.49915e-05,0.0198,0.000391473,0.0133,0.000336718,0.0128,,3.4988874446114054e-05,0.019692256929667102,0.00039149443854791775,0.013234908216869713,0.0003366946912520317,0.012745383973896969,-0.007503404786717926,0.005476379703776925,-0.006922335000893729
SR-U-UN-G1-C1-N_lead_1cm_D2m.i,2.0,25.5476,1.0,C1,N,lead,1.23901e-05,0.0302,0.000138114,0.0284,0.000117343,0.0275,,1.2400927009791093e-05,0.03017702446122139,0.0001382156054385289,0.02833782967955734,0.00011740549887105691,0.027431439729234418,0.0873843616362515,0.07356635716067313,0.05326169524974222
SR-U-UN-G1-C1-N_lead_1cm_D5m.i,5.0,25.5476,1.0,C1,N,lead,2.42152e-06,0.049,2.77232e-05,0.0516,2.31259e-05,0.0472,,2.4220201756865396e-06,0.04856031268069092,2.7716531887748015e-05,0.05145854155139029,2.312624258217188e-05,0.047080016517522624,0.020655443132388127,-0.024052462385238692,0.0014813787652779224
SR-U-UN-G1-C1-N_lead_1cm_D10m.i,10.0,25.5476,1.0,C1,N,lead,5.67547e-07,0.0432,6.41725e-06,0.0432,5.45484e-06,0.0408,,5.678067616749773e-07,0.04306281242746557,6.4180168441744785e-06,0.04313443079844202,5.4551058443522294e-06,0.04071926419029393,0.04576919179862203,0.011949731964287892,0.004873549952507024
SR-U-UN-G1-C1-N_lead_1cm_D20m.i,20.0,25.5476,1.0,C1,N,lead,1.63298e-07,0.0712,1.90113e-06,0.0903,1.49972e-06,0.0615,,1.634882185216852e-07,0.07150057784861555,1.9030850190715942e-06,0.09100144152480123,1.5008913362608525e-06,0.06192431436604793,0.11648551830713409,0.10283458109619643,0.07810366340734025
SR-U-UN-G1-C1-N_lead_1cm_D50m.i,50.0,25.5476,1.0,C1,N,lead,2.60579e-08,0.0551,2.9609e-07,0.0609,2.2684e-07,0.064,,2.6083730286410113e-08,0.05505569871711603,2.96354142846726e-07,0.06086190254208418,2.270976000270023e-07,0.06390578358660033,0.09912650831461577,0.08921032345774058,0.1135602305599887
SR-U-UN-G1-C1-N_lead_1cm_D100m.i,100.0,25.5476,1.0,C1,N,lead,6.64465e-09,0.0455,7.52834e-08,0.0526,5.68906e-08,0.0529,,6.64620566956676e-09,0.04529143004563022,7.527520276268049e-08,0.052265490990503635,5.688887111109928e-08,0.05267286940119684,0.023412362829646545,-0.010888505725702047,-0.003038971114247375
SR-U-UN-G1-C1-N_lead_1cm_D200m.i,200.0,25.5476,1.0,C1,N,lead,1.25883e-09,0.0353,1.44884e-08,0.0411,1.06317e-08,0.0426,,1.2592207426951099e-09,0.03514638281737579,1.4494680335332991e-08,0.04102642306052844,1.063641793356046e-08,0.042457043107531414,0.031040148003285868,0.04334733533716828,0.04437609752402029
SR-U-UN-G1-C1-N_lead_1cm_D300m.i,300.0,25.5476,1.0,C1,N,lead,3.84658e-10,0.0293,4.36025e-09,0.028,3.1855e-09,0.0365,,3.84683286111128e-10,0.029029657362310182,4.360190761460466e-09,0.027756833766567176,3.1853218965849663e-09,0.03626478192003449,0.006573660531699219,-0.001358604197788445,-0.005591066238689945
SR-U-UN-G1-C1-N_lead_1cm_D500m.i,500.0,25.5476,1.0,C1,N,lead,6.12082e-11,0.0465,6.94301e-10,0.0385,4.97356e-10,0.0558,,6.120702083413096e-11,0.046166025544931565,6.942970098158368e-10,0.03825943560510863,4.973760323047534e-10,0.05557463828831798,-0.0019264834924688002,-0.0005747052306090808,0.004027759744203356
SR-U-UN-G1-C1-N_lead_1cm_D700m.i,700.0,25.5476,1.0,C1,N,lead,1.17191e-11,0.0304,1.2869e-10,0.026,9.18316e-11,0.0379,,1.172176252044968e-11,0.030136790033326245,1.2871225266359124e-10,0.025749524883155,9.185074261420178e-11,0.03767953900962506,0.02271949594831687,0.01729168046565115,0.020845345395027057
SR-U-UN-G1-C1-N_lead_1cm_D1000m.i,1000.0,25.5476,1.0,C1,N,lead,1.25816e-12,0.02,1.36893e-11,0.022,9.60725e-12,0.027,,1.2585627747151052e-12,0.01970719459799903,1.3693983378781895e-11,0.021753633447741675,9.609960779089504e-12,0.02678472789998005,0.03201299636812558,0.0342119668784779,0.02821597324420141
SR-U-UN-G1-C1-N_lead_1cm_D1200m.i,1200.0,25.5476,1.0,C1,N,lead,3.08066e-13,0.0215,3.37552e-12,0.0232,2.34058e-12,0.0302,,3.081293399104498e-13,0.021301208529284313,3.375947766907154e-12,0.022926621475080847,2.341097494820953e-12,0.03004844087093632,0.02056050016873129,0.012672622504201772,0.02210968311072339
SR-U-UN-G1-C1-N_lead_5cm_D1m.i,1.0,25.5476,5.0,C1,N,lead,3.26444e-05,0.024,0.000384623,0.0219,0.000320183,0.0231,,3.2643611224501756e-05,0.023709958035098205,0.00038464039887985905,0.021749691254441494,0.0003201484405771716,0.023006697764077003,-0.002416265877901376,0.004523619195691303,-0.010793647016976828
SR-U-UN-G1-C1-N_lead_5cm_D2m.i,2.0,25.5476,5.0,C1,N,lead,1.07419e-05,0.0321,0.000128301,0.034,0.000105733,0.0348,,1.0743059879059653e-05,0.03189449337738665,0.00012827483373606621,0.033884629266697705,0.00010571934713627344,0.03465422687448374,0.010797708595807688,-0.020394434909919542,-0.012912585216115503
SR-U-UN-G1-C1-N_lead_5cm_D5m.i,5.0,25.5476,5.0,C1,N,lead,1.98428e-06,0.0486,2.31328e-05,0.0426,1.8609e-05,0.0389,,1.9858673057193116e-06,0.04848213409014919,2.3146981341790454e-05,0.04253040264045903,1.862171173072998e-05,0.03880041066074182,0.07999403911300405,0.06130404356780979,0.06830958530806576
SR-U-UN-G1-C1-N_lead_5cm_D10m.i,10.0,25.5476,5.0,C1,N,lead,5.02708e-07,0.0439,5.80067e-06,0.0435,4.79362e-06,0.043,,5.02559617433643e-07,0.04362682609480318,5.800494617161539e-06,0.043453444069035674,4.794298908370693e-06,0.04291851904016805,-0.029516651089102362,-0.0030234927768760145,0.014162749043373155
SR-U-UN-G1-C1-N_lead_5cm_D20m.i,20.0,25.5476,5.0,C1,N,lead,1.36766e-07,0.0299,1.56746e-06,0.0295,1.24708e-06,0.0291,,1.367822351231083e-07,0.02969689306205797,1.5673946873642743e-06,0.02942374625073648,1.2472854290106016e-06,0.029038095901797182,0.011870730377648723,-0.004166781654761007,0.016472801311991647
SR-U-UN-G1-C1-N_lead_5cm_D50m.i,50.0,25.5476,5.0,C1,N,lead,2.19471e-08,0.0447,2.53804e-07,0.0506,1.92295e-07,0.0494,,2.1976713815548405e-08,0.0446559190269718,2.540914792958616e-07,0.05060544215414489,1.9245325476507222e-07,0.04938995214367214,0.13493270431357687,0.11326822897259001,0.08229790949958561
SR-U-UN-G1-C1-N_lead_5cm_D100m.i,100.0,25.5476,5.0,C1,N,lead,5.43091e-09,0.0292,6.12029e-08,0.0294,4.52733e-08,0.0338,,5.432611112435974e-09,0.029055027419554357,6.122572937814976e-08,0.02922669896150084,4.52885594781774e-08,0.03363169781274701,0.03132278818786504,0.03730113793588359,0.03370524829733928
SR-U-UN-G1-C1-N_lead_5cm_D200m.i,200.0,25.5476,5.0,C1,N,lead,1.02165e-09,0.0212,1.18008e-08,0.0245,8.42558e-09,0.0263,,1.021536978427305e-09,0.020978438585329436,1.1801206003852796e-08,0.024343705841430138,8.42513048494938e-09,0.026129937114815604,-0.011062650877996563,0.003440477364211884,-0.005335122930647941
SR-U-UN-G1-C1-N_lead_5cm_D300m.i,300.0,25.5476,5.0,C1,N,lead,3.21443e-10,0.0244,3.67321e-09,0.0236,2.61268e-09,0.0299,,3.215627507538723e-10,0.024001965871188306,3.6742359266708352e-09,0.023363473337678055,2.6134393709391857e-09,0.029668041357491515,0.03725411779765576,0.02792997598381905,0.02906482765534297
SR-U-UN-G1-C1-N_lead_5cm_D500m.i,500.0,25.5476,5.0,C1,N,lead,4.8389e-11,0.0255,5.38873e-10,0.0239,3.71121e-10,0.031,,4.840782703858129e-11,0.024334670450838914,5.390756787645268e-10,0.023557064010426326,3.7126175210005173e-10,0.030757880431584735,0.03890768269915065,0.03761160134702706,0.037926201980409385
SR-U-UN-G1-C1-N_lead_5cm_D700m.i,700.0,25.5476,5.0,C1,N,lead,9.31536e-12,0.0211,1.03967e-10,0.0238,7.03535e-11,0.0273,,9.318531068024411e-12,0.02020984988845331,1.0399832870713055e-10,0.023489112018716,7.037337399040788e-11,0.027028298477404403,0.0340412826172153,0.03013331839001702,0.028248758637281456
SR-U-UN-G1-C1-N_lead_5cm_D1000m.i,1000.0,25.5476,5.0,C1,N,lead,9.59692e-13,0.0167,1.03499e-11,0.0181,7.03731e-12,0.0234,,9.599261761860901e-13,0.016369935198112282,1.035126166848626e-11,0.017821048033345683,7.038597554820971e-12,0.023088023110980047,0.024401181430087595,0.013156344372986233,0.018296121969489255
SR-U-UN-G1-C1-N_lead_5cm_D1200m.i,1200.0,25.5476,5.0,C1,N,lead,2.34016e-13,0.0205,2.51651e-12,0.0203,1.71554e-12,0.0279,,2.340808315895258e-13,0.020254143753105608,2.516812227014141e-12,0.019981238741697847,1.7159167554168005e-12,0.02761257133396288,0.027703913204993665,0.012009768057378963,0.021961330939558824
SR-U-UN-G1-C1-N_lead_10cm_D1m.i,1.0,25.5476,10.0,C1,N,lead,2.73272e-05,0.0187,0.000337977,0.0173,0.000272434,0.0188,,2.732407340027729e-05,0.01826603166494702,0.00033794665234710894,0.016815090741604737,0.0002724167133494992,0.018420778173324236,-0.011441346799938171,-0.008979206540992898,-0.006345261788471447
SR-U-UN-G1-C1-N_lead_10cm_D2m.i,2.0,25.5476,10.0,C1,N,lead,9.54386e-06,0.0311,0.000117555,0.032,9.226e-05,0.0291,,9.53758625391106e-06,0.03067067260395842,0.00011753651042791931,0.03160163700615415,9.223985879900975e-05,0.028741314827475987,-0.06573594005927037,-0.015728443775834464,-0.021830913711519604
SR-U-UN-G1-C1-N_lead_10cm_D5m.i,5.0,25.5476,10.0,C1,N,lead,1.71125e-06,0.0375,2.10721e-05,0.0367,1.6405e-05,0.0349,,1.7110268788943267e-06,0.03727553476072603,2.1064180993042575e-05,0.03654069165206336,1.6403629039665932e-05,0.03472603784771833,-0.01303848681801102,-0.03758053045223772,-0.008356966376516133
SR-U-UN-G1-C1-N_lead_10cm_D10m.i,10.0,25.5476,10.0,C1,N,lead,4.32454e-07,0.0349,5.3847e-06,0.0364,4.16134e-06,0.0347,,4.3229853561597957e-07,0.03464172586259066,5.3834696508147136e-06,0.036214083655340394,4.161413111267823e-06,0.03465382753962267,-0.035949345831098475,-0.02284898295702126,0.0017569164697697939
SR-U-UN-G1-C1-N_lead_10cm_D20m.i,20.0,25.5476,10.0,C1,N,lead,1.10362e-07,0.0235,1.32392e-06,0.0234,1.00803e-06,0.023,,1.1031007218480627e-07,0.023278180092621018,1.3230979079378756e-06,0.02326574694056521,1.007609544778619e-06,0.022923022660582493,-0.047052260011361764,-0.062095297459402,-0.04171058613146075
SR-U-UN-G1-C1-N_lead_10cm_D50m.i,50.0,25.5476,10.0,C1,N,lead,1.86656e-08,0.0286,2.21006e-07,0.0309,1.63364e-07,0.0311,,1.8668347191072663e-08,0.028431211424431786,2.2101588271558e-07,0.03078519292046553,1.6332623673671021e-07,0.030959831263442823,0.01471793605703584,0.00447169560102674,-0.023116025127808432
SR-U-UN-G1-C1-N_lead_10cm_D100m.i,100.0,25.5476,10.0,C1,N,lead,4.47158e-09,0.02,5.24905e-08,0.0217,3.7699e-08,0.0236,,4.472209727262001e-09,0.01982522437689079,5.249841033291937e-08,0.02156889975488538,3.770954778278448e-08,0.02345714128543618,0.014082880368925644,0.01507002775619411,0.027978945819472256
SR-U-UN-G1-C1-N_lead_10cm_D200m.i,200.0,25.5476,10.0,C1,N,lead,8.47887e-10,0.015,9.80995e-09,0.0144,6.80462e-09,0.0166,,8.480844703587314e-10,0.013525060958116685,9.811085631749735e-09,0.014120553544584618,6.806011685919057e-09,0.016465375466341962,0.023289702369694996,0.011576325564700682,0.020452074018194974
SR-U-UN-G1-C1-N_lead_10cm_D300m.i,300.0,25.5476,10.0,C1,N,lead,2.59546e-10,0.0163,3.00397e-09,0.0175,2.05472e-09,0.0201,,2.5963799190422755e-10,0.015513512489952447,3.00480183054613e-09,0.01724956392311567,2.0553568361808813e-09,0.019929345220759773,0.035443391239910665,0.027691040394220063,0.0309938181786888
SR-U-UN-G1-C1-N_lead_10cm_D500m.i,500.0,25.5476,10.0,C1,N,lead,3.94255e-11,0.0262,4.38181e-10,0.0238,2.97222e-10,0.0323,,3.9425801506830557e-11,0.02499769201993453,4.381538256447238e-10,0.023483091023044265,2.972129500506156e-10,0.032037034622195766,0.0007647508098985715,-0.006201627929137922,-0.003044845060054261
SR-U-UN-G1-C1-N_lead_10cm_D700m.i,700.0,25.5476,10.0,C1,N,lead,7.01819e-12,0.0161,7.64219e-11,0.0175,5.07959e-11,0.0221,,7.018285684083097e-12,0.015784591757770586,7.643636124675265e-11,0.01725130445824213,5.0801895440085486e-11,0.02187430200567495,0.001363372651594367,0.018922909208809884,0.011803000016706578
SR-U-UN-G1-C1-N_lead_10cm_D1000m.i,1000.0,25.5476,10.0,C1,N,lead,7.25288e-13,0.0137,7.69305e-12,0.0153,5.13911e-12,0.0195,,7.254336379287513e-13,0.01336213518908531,7.694026595179716e-12,0.015062382459092714,5.139713877841314e-12,0.01926658026198333,0.020080013560315323,0.01269451231587437,0.011750630776794708
SR-U-UN-G1-C1-N_lead_10cm_D1200m.i,1200.0,25.5476,10.0,C1,N,lead,1.69865e-13,0.0128,1.78156e-12,0.0146,1.18529e-12,0.018,,1.6992699053924279e-13,0.012509776669743542,1.7819159135212256e-12,0.014371314350234157,1.1855920297169356e-12,0.017791411411489072,0.03649400361627282,0.01997763315440549,0.025481503845937448
SR-U-UN-G1-C1-N_lead_20cm_D1m.i,1.0,25.5476,20.0,C1,N,lead,2.04666e-05,0.0218,0.000276243,0.0217,0.000201908,0.0193,,2.046430191701774e-05,0.019952132385159773,0.00027621570241072654,0.02016295617584419,0.00020191585611146806,0.01782239782995654,-0.0112284550548805,-0.009881730676785744,0.00389093620266102
SR-U-UN-G1-C1-N_lead_20cm_D2m.i,2.0,25.5476,20.0,C1,N,lead,6.33852e-06,0.0231,8.50399e-05,0.0242,6.21635e-05,0.0239,,6.338376390020166e-06,0.022578993730362838,8.503687504512013e-05,0.02372683275345172,6.216853568801424e-05,0.023534193624924652,-0.0022656705324664746,-0.0035571007019893548,0.008100715072737184
SR-U-UN-G1-C1-N_lead_20cm_D5m.i,5.0,25.5476,20.0,C1,N,lead,1.15733e-06,0.0292,1.52472e-05,0.0283,1.09761e-05,0.0285,,1.1572080640813653e-06,0.028644918677512107,1.5247473310280087e-05,0.027990149988514953,1.0979798869825036e-05,0.028249275147229247,-0.010535968015571141,0.0017925276777799011,0.03369930872564953
SR-U-UN-G1-C1-N_lead_20cm_D10m.i,10.0,25.5476,20.0,C1,N,lead,2.92373e-07,0.0257,3.79501e-06,0.0257,2.71874e-06,0.0259,,2.924774739239336e-07,0.025244855848369694,3.795568710326755e-06,0.02546549725486181,2.7190143248716054e-06,0.02565268681097383,0.035733095714590615,0.014722235956037543,0.010090147333147632
SR-U-UN-G1-C1-N_lead_20cm_D20m.i,20.0,25.5476,20.0,C1,N,lead,7.26768e-08,0.02,9.32303e-07,0.0179,6.53327e-07,0.0177,,7.269193306668899e-08,0.01835798509625469,9.323610352492363e-07,0.01752781876293992,6.534097971145551e-07,0.017497426796199523,0.02082241745507726,0.006224934301005389,0.012673150590001262
SR-U-UN-G1-C1-N_lead_20cm_D50m.i,50.0,25.5476,20.0,C1,N,lead,1.23984e-08,0.0211,1.5395e-07,0.02,1.05447e-07,0.0202,,1.2397372444646555e-08,0.018761898843500876,1.539261917706231e-07,0.01972349041517019,1.0544008311387485e-07,0.019960772283110974,-0.008287806115662169,-0.015464910280553195,-0.00655958550281496
SR-U-UN-G1-C1-N_lead_20cm_D100m.i,100.0,25.5476,20.0,C1,N,lead,2.96409e-09,0.0138,3.57898e-08,0.0136,2.39597e-08,0.0144,,2.9644418627009326e-09,0.012553783871246576,3.5786376765520255e-08,0.013420985200265733,2.3960315182846453e-08,0.014318193654087784,0.011870850781615877,-0.009564832661110167,0.0025675732436221173
SR-U-UN-G1-C1-N_lead_20cm_D200m.i,200.0,25.5476,20.0,C1,N,lead,5.67719e-10,0.0136,6.58833e-09,0.0106,4.30829e-09,0.0115,,5.678270763426212e-10,0.00939789324244886,6.58897332961489e-09,0.009954478512431872,4.3087992758403154e-09,0.011118673803060123,0.019036943033661703,0.009764684144385413,0.011820834723642436
SR-U-UN-G1-C1-N_lead_20cm_D300m.i,300.0,25.5476,20.0,C1,N,lead,1.75667e-10,0.0339,1.94681e-09,0.0158,1.24416e-09,0.0157,,1.7568879360917123e-10,0.012137255965268318,1.9467017174173623e-09,0.011870254913367413,1.2440860018736356e-09,0.013169524923867713,0.012406205588544135,-0.005562051902213181,-0.005947637471416528
SR-U-UN-G1-C1-N_lead_20cm_D500m.i,500.0,25.5476,20.0,C1,N,lead,2.3143e-11,0.011,2.54442e-10,0.0116,1.60553e-10,0.0135,,2.3147518052828524e-11,0.009397293054170643,2.5448679801784884e-10,0.011310064604970272,1.605789690749759e-10,0.013278192380267456,0.019522329985410956,0.017606377032417492,0.01617476781866493
SR-U-UN-G1-C1-N_lead_20cm_D700m.i,700.0,25.5476,20.0,C1,N,lead,4.36334e-12,0.0115,4.58671e-11,0.0126,2.89281e-11,0.0145,,4.364598627709351e-12,0.009554379844345949,4.587409999229978e-11,0.01227985872588794,2.8935818857384384e-11,0.014274564025159866,0.02884551076357301,0.015261466933344443,0.026682904803236818
SR-U-UN-G1-C1-N_lead_20cm_D1000m.i,1000.0,25.5476,20.0,C1,N,lead,4.15369e-13,0.0109,4.19392e-12,0.0114,2.6498e-12,0.0135,,4.1552957851778993e-13,0.008656518954009979,4.195088547588577e-12,0.010938586575231815,2.650694626692964e-12,0.013135651114652735,0.038659244621030146,0.027862896492472984,0.03376204592664805
SR-U-UN-G1-C1-N_lead_20cm_D1200m.i,1200.0,25.5476,20.0,C1,N,lead,9.30812e-14,0.0124,9.37007e-13,0.0152,6.02484e-13,0.0195,,9.310802938873022e-14,0.01197637466680897,9.371388243260355e-13,0.015017073532133694,6.025659092669537e-13,0.01932599190097968,0.02882363864047406,0.014068659682966746,0.013595260115405544
SR-U-UN-G1-C1-N_water_1cm_D1m.i,1.0,25.5476,1.0,C1,N,water,3.34787e-05,0.0164,0.000374645,0.0163,0.000323615,0.0174,,3.348202748668134e-05,0.015919814598917777,0.00037462877967306147,0.01614880224370242,0.00032364871250878163,0.017297498475782453,0.009939115561061284,-0.004329519128383453,0.010417474091623543
SR-U-UN-G1-C1-N_water_1cm_D2m.i,2.0,25.5476,1.0,C1,N,water,1.16031e-05,0.029,0.000130337,0.0301,0.000111349,0.0279,,1.1596061497658359e-05,0.028440444048599044,0.0001301926010634846,0.02963959498847364,0.00011129452892139986,0.027701374548487093,-0.060660533319902794,-0.11078890607840022,-0.04891923465871196
SR-U-UN-G1-C1-N_water_1cm_D5m.i,5.0,25.5476,1.0,C1,N,water,2.24516e-06,0.0467,2.43687e-05,0.0475,2.05933e-05,0.0423,,2.244913493750687e-06,0.04641251315119833,2.4361863422549077e-05,0.04738764347947662,2.0590644941879644e-05,0.04213168050902119,-0.01097945132251853,-0.02805474830796023,-0.012892824949656842
SR-U-UN-G1-C1-N_water_1cm_D10m.i,10.0,25.5476,1.0,C1,N,water,5.62282e-07,0.0464,6.25459e-06,0.0482,5.239e-06,0.0433,,5.620748066523697e-07,0.04584888602927214,6.248770300687777e-06,0.047168968972391964,5.235663074261392e-06,0.04266249539460242,-0.036848653812557364,-0.093046855384982,-0.0636939442376048
SR-U-UN-G1-C1-N_water_1cm_D20m.i,20.0,25.5476,1.0,C1,N,water,1.51717e-07,0.0481,1.66789e-06,0.0602,1.37281e-06,0.0503,,1.5183157533389538e-07,0.047853596848075296,1.6669979019887255e-06,0.05972485357744777,1.3721980083845808e-06,0.049809394720753054,0.07551911380753418,-0.05348662149629977,-0.04457948408149892
SR-U-UN-G1-C1-N_water_1cm_D50m.i,50.0,25.5476,1.0,C1,N,water,2.30952e-08,0.0577,2.50937e-07,0.0641,1.92387e-07,0.0685,,2.3114380259495703e-08,0.0575872651273291,2.511518795455361e-07,0.06416973472404951,1.9262395912174834e-07,0.06847242657942859,0.08304868325757292,0.08563087369979704,0.12316794884703632
SR-U-UN-G1-C1-N_water_1cm_D100m.i,100.0,25.5476,1.0,C1,N,water,6.00913e-09,0.0462,6.48999e-08,0.0562,5.03285e-08,0.054,,6.007529126169583e-09,0.045971026580561854,6.486945789360164e-08,0.05574032769372864,5.030355186665351e-08,0.0537468103730083,-0.026640692253577937,-0.04690624546164028,-0.04957058793027728
SR-U-UN-G1-C1-N_water_1cm_D200m.i,200.0,25.5476,1.0,C1,N,water,1.09977e-09,0.0343,1.23572e-08,0.0388,9.2444e-09,0.0419,,1.0999800091395396e-09,0.03407772703941892,1.2358218169131443e-08,0.03867384649688372,9.245808693168859e-09,0.041773804161110935,0.019095732702257884,0.008239480881129736,0.015238340712849645
SR-U-UN-G1-C1-N_water_1cm_D300m.i,300.0,25.5476,1.0,C1,N,water,3.50014e-10,0.042,3.89307e-09,0.0349,2.93726e-09,0.049,,3.5006962152290105e-10,0.04178170635295934,3.8932436343728795e-09,0.0347605092237147,2.93722778715507e-09,0.048804375299359784,0.015891228036894998,0.004460088641607085,-0.0010966970894609738
SR-U-UN-G1-C1-N_water_1cm_D500m.i,500.0,25.5476,1.0,C1,N,water,5.68186e-11,0.0513,6.40645e-10,0.0397,4.72177e-10,0.0579,,5.681745104872602e-11,0.05099173260642467,6.405839676535192e-10,0.03938344175912681,4.722723684841474e-10,0.05766854599975384,-0.002022139359259416,-0.009526703007259522,0.020197613214400188
SR-U-UN-G1-C1-N_water_1cm_D700m.i,700.0,25.5476,1.0,C1,N,water,1.09034e-11,0.0488,1.21133e-10,0.0437,8.8021e-11,0.0644,,1.0907314464696392e-11,0.048590788867578776,1.2114816197915265e-10,0.043485299408560954,8.804152246295814e-11,0.06417277297498186,0.03590132157300839,0.01251680314418618,0.02331541672797748
SR-U-UN-G1-C1-N_water_1cm_D1000m.i,1000.0,25.5476,1.0,C1,N,water,1.16197e-12,0.0283,1.3135e-11,0.0377,9.18132e-12,0.038,,1.1622923221296655e-12,0.027929708541208773,1.3137896072812525e-11,0.03739526127486637,9.184732314793834e-12,0.03776037101878947,0.02773928153614771,0.02204851779615211,0.03716584101015143
SR-U-UN-G1-C1-N_water_1cm_D1200m.i,1200.0,25.5476,1.0,C1,N,water,2.88852e-13,0.0235,3.20094e-12,0.0245,2.27672e-12,0.0321,,2.8884884121667225e-13,0.023258627476610682,3.2008403205947007e-12,0.02425776356938014,2.27671324738436e-12,0.031808079042355906,-0.0010935646378668427,-0.003114066658518177,-0.0002965940317592945
SR-U-UN-G1-C1-N_water_5cm_D1m.i,1.0,25.5476,5.0,C1,N,water,2.44532e-05,0.0286,0.000272162,0.0389,0.000229942,0.0288,,2.4450980400123005e-05,0.02824171598195888,0.00027220753039007876,0.03883475995808785,0.00023000639904598784,0.02884914848330606,-0.009076930123652337,0.016729150314429377,0.028006647758066945
SR-U-UN-G1-C1-N_water_5cm_D2m.i,2.0,25.5476,5.0,C1,N,water,8.90778e-06,0.0516,9.68231e-05,0.0495,8.22492e-05,0.0438,,8.8923204275545e-06,0.05072258737113206,9.662529663408443e-05,0.048667340661911404,8.21748682868679e-05,0.04354287130026999,-0.17355135000528504,-0.20429356828645745,-0.09037378251958719
SR-U-UN-G1-C1-N_water_5cm_D5m.i,5.0,25.5476,5.0,C1,N,water,1.48203e-06,0.0424,1.57213e-05,0.0415,1.35779e-05,0.0389,,1.4811352282090572e-06,0.04208358245524232,1.5713693400066935e-05,0.041284153630674066,1.3575508935911782e-05,0.03872087667821671,-0.06037474214035405,-0.04838403906207856,-0.01760996979074516
SR-U-UN-G1-C1-N_water_5cm_D10m.i,10.0,25.5476,5.0,C1,N,water,4.41836e-07,0.0695,4.56529e-06,0.0539,3.80041e-06,0.0471,,4.416893918584326e-07,0.06017529945176513,4.564456088696676e-06,0.0517894829099915,3.800980349039427e-06,0.04658846074042554,-0.03318157451348715,-0.018266338027247492,0.015007566010699363
SR-U-UN-G1-C1-N_water_5cm_D20m.i,20.0,25.5476,5.0,C1,N,water,9.52667e-08,0.0305,1.00027e-06,0.0305,8.2902e-07,0.0314,,9.528021139940615e-08,0.03034370476606395,1.0002753020878976e-06,0.030357099576891533,8.289069756505378e-07,0.031352461651627556,0.014182709599625342,0.0005300656720316215,-0.013633488873876732
SR-U-UN-G1-C1-N_water_5cm_D50m.i,50.0,25.5476,5.0,C1,N,water,1.61313e-08,0.0582,1.7164e-07,0.0659,1.37516e-07,0.0676,,1.6134433657705592e-08,0.0580475305464085,1.716352801154516e-07,0.06597351794842791,1.3756563467126625e-07,0.06755882517755767,0.019425946486591784,-0.002749874474714088,0.03609374273993694
SR-U-UN-G1-C1-N_water_5cm_D100m.i,100.0,25.5476,5.0,C1,N,water,3.33279e-09,0.0366,3.55338e-08,0.0403,2.78856e-08,0.0445,,3.3337605518165275e-09,0.0363694219653226,3.553901084769168e-08,0.04015885400881801,2.788370958164763e-08,0.04443270762268629,0.02912130126793229,0.014664481962752721,-0.006779191957039183
SR-U-UN-G1-C1-N_water_5cm_D200m.i,200.0,25.5476,5.0,C1,N,water,6.00988e-10,0.0296,6.63329e-09,0.0273,5.13798e-09,0.0341,,6.011857226333312e-10,0.02832828744599713,6.6350695603569806e-09,0.026965818116913422,5.13836447955681e-09,0.033887942034311405,0.032899597551227656,0.026827718326504765,0.007483087844061908
SR-U-UN-G1-C1-N_water_5cm_D300m.i,300.0,25.5476,5.0,C1,N,water,1.76976e-10,0.0304,2.0017e-09,0.0283,1.51982e-09,0.0353,,1.7696898075190686e-10,0.03014755440437725,2.0015794357347094e-09,0.02800095783466048,1.5196797784045315e-09,0.03504973673845655,-0.0039662146806082625,-0.006023093634933103,-0.009226197541061448
SR-U-UN-G1-C1-N_water_5cm_D500m.i,500.0,25.5476,5.0,C1,N,water,2.8621e-11,0.0536,3.20239e-10,0.0417,2.44869e-10,0.0599,,2.861880976543599e-11,0.05326215481116832,3.202113567556318e-10,0.0414181655214199,2.448364271224448e-10,0.05966165419224768,-0.007652543810516017,-0.008632066790176347,-0.013302164649342403
SR-U-UN-G1-C1-N_water_5cm_D700m.i,700.0,25.5476,5.0,C1,N,water,5.54428e-12,0.0325,6.25548e-11,0.029,4.62831e-11,0.038,,5.54586934715825e-12,0.032285470540067744,6.256966068325218e-11,0.028758550675499362,4.628956396911616e-11,0.03776976899486607,0.02866643023530394,0.023756263711461525,0.013966154203502217
SR-U-UN-G1-C1-N_water_5cm_D1000m.i,1000.0,25.5476,5.0,C1,N,water,6.05812e-13,0.0328,6.76921e-12,0.0272,5.00585e-12,0.0383,,6.058903393344666e-13,0.03251951099397594,6.7684999778232414e-12,0.02683886903605794,5.005273294529232e-12,0.03795471819101496,0.012931294604045797,-0.010488996156989866,-0.01152063027794076
SR-U-UN-G1-C1-N_water_5cm_D1200m.i,1200.0,25.5476,5.0,C1,N,water,1.52537e-13,0.0226,1.7048e-12,0.0216,1.24678e-12,0.0274,,1.5257527639303028e-13,0.022310435404394414,1.7053262688145433e-12,0.021287710743557838,1.2469973495858314e-12,0.02712002516017126,0.025093185935392007,0.030869827225679148,0.01743287394980447
SR-U-UN-G1-C1-N_water_10cm_D1m.i,1.0,25.5476,10.0,C1,N,water,1.42806e-05,0.0165,0.00015128,0.0174,0.000132979,0.0166,,1.4281238415935766e-05,0.01456511686666141,0.00015127980468324014,0.016013809229321514,0.0001329863097774458,0.01586062169800635,0.004470511993656887,-0.00012910943935950364,0.005496941205606057
SR-U-UN-G1-C1-N_water_10cm_D2m.i,2.0,25.5476,10.0,C1,N,water,4.91231e-06,0.0379,5.09433e-05,0.0349,4.42946e-05,0.0355,,4.916825662017697e-06,0.03656011564984056,5.096904022818247e-05,0.03435421871532514,4.430757753774458e-05,0.03501191584177232,0.09192542851931243,0.050527210020699244,0.029298238937878186
SR-U-UN-G1-C1-N_water_10cm_D5m.i,5.0,25.5476,10.0,C1,N,water,8.89964e-07,0.0461,9.38015e-06,0.0462,8.28069e-06,0.0451,,8.905867733696826e-07,0.04351880012979124,9.381650545595844e-06,0.04559593852708728,8.280513240144292e-06,0.04489984911898828,0.06997736646455607,0.01599703198609973,-0.002134602982455922
SR-U-UN-G1-C1-N_water_10cm_D10m.i,10.0,25.5476,10.0,C1,N,water,2.43767e-07,0.0567,2.5452e-06,0.0532,2.16186e-06,0.0486,,2.4420428791504844e-07,0.04943836721302706,2.5462599968385057e-06,0.05190399161636052,2.163120167907859e-06,0.04832785747047761,0.17938765913698335,0.0416468976310659,0.05829091189340307
SR-U-UN-G1-C1-N_water_10cm_D20m.i,20.0,25.5476,10.0,C1,N,water,5.20014e-08,0.0302,5.49487e-07,0.0308,4.70817e-07,0.0321,,5.200711058632748e-08,0.02983510025630246,5.493159260260089e-07,0.03054141873363833,4.706735694309368e-07,0.031866055249166005,0.010981601125128559,-0.031133397876750256,-0.030464186523257483
SR-U-UN-G1-C1-N_water_10cm_D50m.i,50.0,25.5476,10.0,C1,N,water,7.89921e-09,0.0512,7.99998e-08,0.0494,6.78168e-08,0.0594,,7.90034706900968e-09,0.05086725391003533,8.000739756368957e-08,0.04929620705680997,6.780924997646112e-08,0.05925054719411847,0.014394718075354054,0.009496978354400363,-0.011132969321581292
SR-U-UN-G1-C1-N_water_10cm_D100m.i,100.0,25.5476,10.0,C1,N,water,1.8129e-09,0.0632,1.84285e-08,0.0429,1.51653e-08,0.0476,,1.8136728785543607e-09,0.04466955358851231,1.843018527791767e-08,0.03850080509541083,1.516519866479065e-08,0.04661783679169183,0.04263216693478045,0.009144954378663223,-0.0006682044493060133
SR-U-UN-G1-C1-N_water_10cm_D200m.i,200.0,25.5476,10.0,C1,N,water,3.15536e-10,0.0401,3.50826e-09,0.0453,2.80631e-09,0.0459,,3.1542441190585203e-10,0.039671097416765805,3.5075412063968446e-09,0.04488238214760012,2.804513529744885e-09,0.04540852340470859,-0.035364615811813736,-0.020488606977689432,-0.06401538871738446
SR-U-UN-G1-C1-N_water_10cm_D300m.i,300.0,25.5476,10.0,C1,N,water,9.13859e-11,0.0429,1.02509e-09,0.0403,8.19531e-10,0.0508,,9.138133036160466e-11,0.042577993430734755,1.0252895809793393e-09,0.04006053534164977,8.193330725094592e-10,0.05054019962256889,-0.005000375764037037,0.01946960553115307,-0.024151312218910065
SR-U-UN-G1-C1-N_water_10cm_D500m.i,500.0,25.5476,10.0,C1,N,water,1.47714e-11,0.0519,1.65244e-10,0.0412,1.3272e-10,0.0559,,1.4776574251416212e-11,0.05170362976094137,1.6527866607532867e-10,0.04099155556091807,1.3274733017101895e-10,0.055747875020041006,0.03502884910171311,0.020978719547255584,0.020592353088412455
SR-U-UN-G1-C1-N_water_10cm_D700m.i,700.0,25.5476,10.0,C1,N,water,2.61094e-12,0.0244,3.01649e-11,0.0238,2.28457e-11,0.0289,,2.6115019673605523e-12,0.024118543957923566,3.016830476081338e-11,0.023412816576115242,2.284678788988896e-11,0.028574032210176525,0.021523564714322263,0.01128716094990941,0.004761902191479979
SR-U-UN-G1-C1-N_water_10cm_D1000m.i,1000.0,25.5476,10.0,C1,N,water,3.09716e-13,0.0375,3.56266e-12,0.0362,2.69275e-12,0.0485,,3.097321029899632e-13,0.03720498199692353,3.5624289841124143e-12,0.03600111710281824,2.6926448531488566e-12,0.04820860129713915,0.005199276099144227,-0.006484365266003214,-0.003904812966047453
SR-U-UN-G1-C1-N_water_10cm_D1200m.i,1200.0,25.5476,10.0,C1,N,water,7.63952e-14,0.0205,8.75379e-13,0.0208,6.44914e-13,0.0257,,7.64095932806027e-14,0.02018757593693161,8.754714633160667e-13,0.02054168042731107,6.449704571243692e-13,0.02544732655285493,0.01884055621648799,0.010562660980757678,0.00875420976582335
SR-U-UN-G1-C1-N_water_20cm_D1m.i,1.0,25.5476,20.0,C1,N,water,4.99755e-06,0.0355,5.03729e-05,0.0211,4.55947e-05,0.0166,,4.996051089818104e-06,0.02886881066056279,5.0369060396944314e-05,0.01839860430887195,4.5592043185711056e-05,0.015136423666671275,-0.029992900159007595,-0.00762235856122264,-0.005827024388673831
SR-U-UN-G1-C1-N_water_20cm_D2m.i,2.0,25.5476,20.0,C1,N,water,1.5592e-06,0.0528,1.59086e-05,0.0563,1.41796e-05,0.0425,,1.5611840976405231e-06,0.04309715012005188,1.591497881153372e-05,0.053969064646183916,1.4186118607797599e-05,0.041343133542947254,0.1272510031120506,0.04009662405065306,0.04597173261303934
SR-U-UN-G1-C1-N_water_20cm_D5m.i,5.0,25.5476,20.0,C1,N,water,2.69154e-07,0.0404,2.85969e-06,0.0459,2.53514e-06,0.0399,,2.691965973595653e-07,0.0394946704173194,2.8590629128007354e-06,0.045509812584955574,2.534351989056864e-06,0.03958415217503903,0.015826389191807316,-0.021928502714093273,-0.03108352766064248
SR-U-UN-G1-C1-N_water_20cm_D10m.i,10.0,25.5476,20.0,C1,N,water,6.74798e-08,0.0503,7.10245e-07,0.0481,6.44847e-07,0.0485,,6.746130421198118e-08,0.046987540872737044,7.100124917970616e-07,0.04739053930471538,6.447188594178051e-07,0.04831056651887952,-0.027409369943026955,-0.032736337874731763,-0.019871470627122266
SR-U-UN-G1-C1-N_water_20cm_D20m.i,20.0,25.5476,20.0,C1,N,water,1.55781e-08,0.032,1.62459e-07,0.0331,1.46655e-07,0.034,,1.55769632089707e-08,0.031783926072438955,1.624802599383564e-07,0.032980197590001245,1.466622943883504e-07,0.03396417051694684,-0.007297366362398349,0.01308634077299332,0.004973842249075179
SR-U-UN-G1-C1-N_water_20cm_D50m.i,50.0,25.5476,20.0,C1,N,water,2.33927e-09,0.0523,2.39443e-08,0.0494,2.14588e-08,0.0571,,2.3391142356691955e-09,0.05220028933861144,2.3939566955512313e-08,0.049319673008863106,2.145698224054806e-08,0.056998756764924524,-0.0066586726117316515,-0.0197668943660318,-0.008470927786926527
SR-U-UN-G1-C1-N_water_20cm_D100m.i,100.0,25.5476,20.0,C1,N,water,4.97263e-10,0.0591,5.32957e-09,0.052,4.6859e-09,0.0631,,4.97383443687987e-10,0.059031711821181096,5.329478255294616e-09,0.05188821334521631,4.686374929776978e-09,0.06312802586325175,0.024221325131173397,-0.001721427908507784,0.010135294756131553
SR-U-UN-G1-C1-N_water_20cm_D200m.i,200.0,25.5476,20.0,C1,N,water,8.69418e-11,0.0353,9.43303e-10,0.0331,8.12076e-10,0.0397,,8.69522376124354e-11,0.0349460089685031,9.43249125960562e-10,0.032940831018621455,8.119989545179871e-10,0.03953056409970242,0.012005286795760203,-0.005711212562450352,-0.009487471863835726
SR-U-UN-G1-C1-N_water_20cm_D300m.i,300.0,25.5476,20.0,C1,N,water,2.31904e-11,0.0404,2.63603e-10,0.0383,2.1738e-10,0.0467,,2.318568124069814e-11,0.04013775697794784,2.636267344009328e-10,0.03809658366396778,2.1734471114957411e-10,0.046381401219616036,-0.02034789956991234,0.009003843253965395,-0.016233715349106746
SR-U-UN-G1-C1-N_water_20cm_D500m.i,500.0,25.5476,20.0,C1,N,water,3.75461e-12,0.036,4.25363e-11,0.0335,3.48078e-11,0.0404,,3.754496735316945e-12,0.035746414540214884,4.2535280484323094e-11,0.03328792826768757,3.480741616880571e-11,0.04013135929487257,-0.0030166830391225624,-0.0023968132557489297,-0.0011027160414853233
SR-U-UN-G1-C1-N_water_20cm_D700m.i,700.0,25.5476,20.0,C1,N,water,7.48664e-13,0.0302,8.51943e-12,0.0272,6.7986e-12,0.0341,,7.486267947897793e-13,0.029949096908516593,8.519898409831182e-12,0.026933237202114428,6.798365426378451e-12,0.0337965463824186,-0.004969547116024381,0.0054981358046384396,-0.003450322442097613
SR-U-UN-G1-C1-N_water_20cm_D1000m.i,1000.0,25.5476,20.0,C1,N,water,9.21838e-14,0.0353,1.05113e-12,0.0319,8.25361e-13,0.0416,,9.220985048847207e-14,0.03499072437515849,1.051346972172154e-12,0.03158241068698419,8.254885490427462e-13,0.04127245931669054,0.028259291190066302,0.020641801885026123,0.015453727853165448
SR-U-UN-G1-C1-N_water_20cm_D1200m.i,1200.0,25.5476,20.0,C1,N,water,2.35638e-14,0.0265,2.65791e-13,0.0232,2.0483e-13,0.0298,,2.3564721236741053e-14,0.02622210338667369,2.658216968772058e-13,0.02285841853298502,2.0482980903771578e-13,0.029517213127484086,0.003909542353325418,0.011549253814399684,-9.322964615363963e-05
SR-U-UN-G1-C1-P_concrete_20cm_D1m.i,1.0,25.5476,20.0,C1,P,concrete,7.68304e-06,0.0099,7.59083e-06,0.0099,6.54859e-06,0.0098,,7.704867127198253e-06,0.009783946234315768,7.61186124866822e-06,0.009703807117341449,6.567244012384484e-06,0.009600921313303631,0.28409493115033235,0.27706125243511204,0.2848554022237507
SR-U-UN-G1-C1-P_concrete_20cm_D2m.i,2.0,25.5476,20.0,C1,P,concrete,2.43155e-06,0.0163,2.40131e-06,0.0161,2.07154e-06,0.0159,,2.4375589641429952e-06,0.015987809140558563,2.407110427520878e-06,0.015777583336507663,2.0766466490628184e-06,0.015631920844462247,0.24712484394707854,0.24155263255797052,0.24651462500451593
SR-U-UN-G1-C1-P_concrete_20cm_D5m.i,5.0,25.5476,20.0,C1,P,concrete,4.23629e-07,0.0172,4.1851e-07,0.0171,3.61209e-07,0.017,,4.250262059116106e-07,0.017152616081679284,4.1984441331268915e-07,0.01705200136466628,3.6240019901746545e-07,0.016973419524557488,0.3298182871358205,0.3188486088000623,0.32978110109809833
SR-U-UN-G1-C1-P_concrete_20cm_D10m.i,10.0,25.5476,20.0,C1,P,concrete,1.10668e-07,0.021,1.09257e-07,0.0209,9.4248e-08,0.0208,,1.1106974352445471e-07,0.020916367427642846,1.0963950589688222e-07,0.02082864170898318,9.458659923945005e-08,0.02071027738055016,0.3630168833400048,0.35009738221095926,0.3592641111217729
SR-U-UN-G1-C1-P_concrete_20cm_D20m.i,20.0,25.5476,20.0,C1,P,concrete,2.66919e-08,0.0171,2.6359e-08,0.0171,2.2735e-08,0.0171,,2.679734018357027e-08,0.017074604684988875,2.6460616842183582e-08,0.017087489262655377,2.2822188358792586e-08,0.017074888928470956,0.39502689418989273,0.38551099124997507,0.38349838923503343
SR-U-UN-G1-C1-P_concrete_20cm_D50m.i,50.0,25.5476,20.0,C1,P,concrete,4.59589e-09,0.0886,4.53466e-09,0.0889,3.90844e-09,0.0897,,4.6097637646316665e-09,0.08825643359901438,4.548581957959484e-09,0.08857179974057772,3.919689564459198e-09,0.08938812203306451,0.3018732961769451,0.30701216760428185,0.28782748255565843
SR-U-UN-G1-C1-P_concrete_20cm_D100m.i,100.0,25.5476,20.0,C1,P,concrete,8.24661e-10,0.0739,8.11791e-10,0.0747,6.97579e-10,0.0758,,8.265218554205941e-10,0.07329848899057335,8.135651234900445e-10,0.07405681508667879,6.98823514431455e-10,0.07520010563707105,0.2256509548279912,0.21854436548871686,0.17840480167192888
SR-U-UN-G1-C1-P_concrete_20cm_D200m.i,200.0,25.5476,20.0,C1,P,concrete,1.47528e-10,0.0492,1.45087e-10,0.0497,1.24423e-10,0.0505,,1.4801189761773165e-10,0.0491639257423894,1.4555609887312175e-10,0.04960261402571577,1.247493246912973e-10,0.05041962877510275,0.32800391636276444,0.3233224707394647,0.26227039317273493
SR-U-UN-G1-C1-P_concrete_20cm_D300m.i,300.0,25.5476,20.0,C1,P,concrete,4.60666e-11,0.069,4.53161e-11,0.0698,3.87765e-11,0.0711,,4.628543353459263e-11,0.06852126893998857,4.5533514443001905e-11,0.06936940897286395,3.894501388059579e-11,0.07063493670645785,0.4750373038006513,0.47977306741291126,0.4345773357466162
SR-U-UN-G1-C1-P_concrete_20cm_D500m.i,500.0,25.5476,20.0,C1,P,concrete,7.1392e-12,0.0755,7.01735e-12,0.0765,5.99529e-12,0.0779,,7.1778232740562145e-12,0.07625837411376897,7.0550783816291726e-12,0.07722801797220515,6.022540795241002e-12,0.07874690397198146,0.5410028302360818,0.5376442906392414,0.45453673201798905
SR-U-UN-G1-C1-P_concrete_20cm_D700m.i,700.0,25.5476,20.0,C1,P,concrete,1.85897e-12,0.0944,1.83094e-12,0.0952,1.56849e-12,0.0968,,1.8601118282619783e-12,0.09388855577601468,1.8322259555770305e-12,0.0947316677567869,1.5691814435672309e-12,0.09632556375882492,0.06142262984223737,0.07023471970848788,0.04408339021804063
SR-U-UN-G1-C1-P_concrete_20cm_D1000m.i,1000.0,25.5476,20.0,C1,P,concrete,2.61153e-13,0.0816,2.56965e-13,0.082,2.19426e-13,0.0824,,2.6231386545624383e-13,0.08068810520214581,2.5811903283147104e-13,0.08103568199604154,2.2031849877054827e-13,0.08148954726267288,0.4445154588474218,0.4491011738840066,0.4067424874665158
SR-U-UN-G1-C1-P_concrete_20cm_D1200m.i,1200.0,25.5476,20.0,C1,P,concrete,9.84966e-14,0.1253,9.66014e-14,0.1251,8.22172e-14,0.1243,,9.906960104685121e-14,0.1268660465025998,9.712766799737787e-14,0.12650427516695376,8.236967523424271e-14,0.12535445406656062,0.581747031726178,0.5447829921490434,0.18545418019916832
SR-U-UN-G1-C1-P_concrete_40cm_D1m.i,1.0,25.5476,40.0,C1,P,concrete,,,,,,,File not found,,,,,,,,,
SR-U-UN-G1-C1-P_concrete_40cm_D2m.i,2.0,25.5476,40.0,C1,P,concrete,8.37124e-07,0.0147,8.268e-07,0.0147,7.12713e-07,0.0145,,8.393720189443404e-07,0.01379894416663414,8.289425065131276e-07,0.013750929847647317,7.145834097044956e-07,0.013626582611916384,0.26854073522445626,0.25913237943005146,0.262435188427259
SR-U-UN-G1-C1-P_concrete_40cm_D5m.i,5.0,25.5476,40.0,C1,P,concrete,1.51116e-07,0.0292,1.49498e-07,0.0293,1.29123e-07,0.0294,,1.5189495962127972e-07,0.029164241026086207,1.502551005228722e-07,0.029278080689260175,1.297831250318756e-07,0.02939981375873045,0.5154713076575177,0.5064285293931676,0.5112373720217009
SR-U-UN-G1-C1-P_concrete_40cm_D10m.i,10.0,25.5476,40.0,C1,P,concrete,3.56239e-08,0.0273,3.51974e-08,0.0273,3.03507e-08,0.0273,,3.572833906690965e-08,0.027195812187751467,3.529735532193002e-08,0.02721526999704246,3.0434758243104474e-08,0.027189149920563097,0.2931713453879098,0.2839849589174638,0.2769565219400948
SR-U-UN-G1-C1-P_concrete_40cm_D20m.i,20.0,25.5476,40.0,C1,P,concrete,8.73959e-09,0.0234,8.63556e-09,0.0235,7.44746e-09,0.0236,,8.76046842123921e-09,0.023393085806817808,8.655275586289417e-09,0.023454429325882577,7.464386899286544e-09,0.0235147800352641,0.23889474493895563,0.22830698054806722,0.2272841920137124
SR-U-UN-G1-C1-P_concrete_40cm_D50m.i,50.0,25.5476,40.0,C1,P,concrete,1.27027e-09,0.0834,1.25367e-09,0.0835,1.08036e-09,0.0841,,1.2735591365337979e-09,0.08255084011674514,1.2567321305252422e-09,0.08272141957391002,1.0829437102849693e-09,0.08336991568526848,0.2589320800930402,0.24425331428861458,0.2391527162213793
SR-U-UN-G1-C1-P_concrete_40cm_D100m.i,100.0,25.5476,40.0,C1,P,concrete,2.57805e-10,0.0612,2.53733e-10,0.0618,2.17811e-10,0.0628,,2.586758093741051e-10,0.06147955210161277,2.5456909770273426e-10,0.06205355219627485,2.184777805143969e-10,0.0631001931826968,0.33777831077948856,0.32951870774959163,0.30612802585585946
SR-U-UN-G1-C1-P_concrete_40cm_D200m.i,200.0,25.5476,40.0,C1,P,concrete,5.12198e-11,0.0662,5.04462e-11,0.0667,4.33008e-11,0.0676,,5.130249184113114e-11,0.06562859099799212,5.05275410722023e-11,0.0660779536139728,4.3342809216337756e-11,0.0670126953278939,0.16144506837422268,0.16124320999857558,0.09701718291061102
SR-U-UN-G1-C1-P_concrete_40cm_D300m.i,300.0,25.5476,40.0,C1,P,concrete,1.38011e-11,0.0416,1.35824e-11,0.042,1.16397e-11,0.0426,,1.384022287936052e-11,0.04126671567853066,1.362215853270231e-11,0.04175267750606569,1.166811356045047e-11,0.04233773339814537,0.28347652984559596,0.2927209675926892,0.24410904448114065
SR-U-UN-G1-C1-P_concrete_40cm_D500m.i,500.0,25.5476,40.0,C1,P,concrete,2.82067e-12,0.0925,2.77531e-12,0.0926,2.37248e-12,0.0928,,2.8304009526631135e-12,0.09310895395641904,2.7840678126897534e-12,0.09312930357008688,2.3779621806602977e-12,0.09321813057422408,0.3449872783102447,0.3155616017581294,0.23107384088791943
SR-U-UN-G1-C1-P_concrete_40cm_D700m.i,700.0,25.5476,40.0,C1,P,concrete,6.68763e-13,0.1133,6.57494e-13,0.114,5.62873e-13,0.1158,,6.697828839946178e-13,0.11271479367162635,6.585740455726983e-13,0.11335653193985872,5.634699570081729e-13,0.1151828984944285,0.15250305334144512,0.16426698535626064,0.10605536385168692
SR-U-UN-G1-C1-P_concrete_40cm_D1000m.i,1000.0,25.5476,40.0,C1,P,concrete,9.33331e-14,0.0982,9.16612e-14,0.098,7.83319e-14,0.0981,,9.377932796347386e-14,0.09888675984114359,9.208682356995146e-14,0.09857980009556039,7.838836718206271e-14,0.09765368224950405,0.4781025846927377,0.46434431357157085,0.07208708337562443
SR-U-UN-G1-C1-P_concrete_40cm_D1200m.i,1200.0,25.5476,40.0,C1,P,concrete,4.72825e-14,0.3477,4.65271e-14,0.3482,3.98095e-14,0.3474,,4.725195319526019e-14,0.3461217097647955,4.649424286844917e-14,0.34660319273122586,3.9706105781679705e-14,0.3464217480053106,-0.06460488497817987,-0.07061934131040515,-0.2597224740835554
SR-U-UN-G1-C1-P_lead_20cm_D1000m.i,1000.0,25.5476,20.0,C1,P,lead,,,,,,,File not found,,,,,,,,,
SR-U-UN-G1-C1-P_steel_1cm_D1m.i,1.0,25.5476,1.0,C1,P,steel,1.90631e-05,0.0067,1.89012e-05,0.0066,1.63449e-05,0.0065,,1.912375150212442e-05,0.006682428282128293,1.8960151452305173e-05,0.006584950709275494,1.639696200756537e-05,0.006482380017656364,0.31816180015012174,0.3118926433515959,0.31852141992530664
SR-U-UN-G1-C1-P_steel_1cm_D2m.i,2.0,25.5476,1.0,C1,P,steel,6.19898e-06,0.0208,6.14272e-06,0.0207,5.30831e-06,0.0204,,6.216674193123134e-06,0.02053776678698988,6.159954684420513e-06,0.02041972688360141,5.323389535248354e-06,0.02011606600610807,0.28543717068185903,0.28057089400969804,0.28407412619748107
SR-U-UN-G1-C1-P_steel_1cm_D5m.i,5.0,25.5476,1.0,C1,P,steel,1.13507e-06,0.017,1.12337e-06,0.0167,9.69157e-07,0.0163,,1.1374105646087811e-06,0.017009874997456854,1.1256259393925168e-06,0.016681554921724455,9.712284607951912e-07,0.016299222658614824,0.20620442869436675,0.20081891028929696,0.21373841340372196
SR-U-UN-G1-C1-P_steel_1cm_D10m.i,10.0,25.5476,1.0,C1,P,steel,2.98492e-07,0.0205,2.95643e-07,0.0203,2.55473e-07,0.0201,,2.9957802793178704e-07,0.020634833386783857,2.9669364942413554e-07,0.020428923001544027,2.5642465495986563e-07,0.0201712199726463,0.3638382039676162,0.3553777441493784,0.372507059401839
SR-U-UN-G1-C1-P_steel_1cm_D20m.i,20.0,25.5476,1.0,C1,P,steel,7.62405e-08,0.0197,7.5498e-08,0.0198,6.52048e-08,0.0198,,7.645967982005988e-08,0.019810540678547466,7.571087100347243e-08,0.019908752897266194,6.538845717712104e-08,0.019957376970602285,0.28748476211446955,0.28195581799838854,0.28166205113894166
SR-U-UN-G1-C1-P_steel_1cm_D50m.i,50.0,25.5476,1.0,C1,P,steel,1.10926e-08,0.0737,1.09627e-08,0.0743,9.46078e-09,0.0752,,1.1141690992483855e-08,0.07354738240522785,1.1010317930045457e-08,0.07416723422094332,9.502113645930108e-09,0.07502349625822058,0.44255623103560027,0.4343631591255516,0.4368946950474213
SR-U-UN-G1-C1-P_steel_1cm_D100m.i,100.0,25.5476,1.0,C1,P,steel,2.57536e-09,0.0567,2.54005e-09,0.0572,2.18703e-09,0.058,,2.5799175363513606e-09,0.056547634806457005,2.5442873293539513e-09,0.05705408324805724,2.1901051558401835e-09,0.05785070464565433,0.17696696195330106,0.16682070644086266,0.14060876349128532
SR-U-UN-G1-C1-P_steel_1cm_D200m.i,200.0,25.5476,1.0,C1,P,steel,4.42487e-10,0.0481,4.35766e-10,0.0486,3.7398e-10,0.0495,,4.4374712302931375e-10,0.04788399429477867,4.369699474836616e-10,0.04842366675761906,3.7483987410947626e-10,0.049305327855303754,0.2847819324214573,0.27628302429780977,0.22992515895937504
SR-U-UN-G1-C1-P_steel_1cm_D300m.i,300.0,25.5476,1.0,C1,P,steel,1.37354e-10,0.0693,1.35033e-10,0.07,1.1572e-10,0.0711,,1.377616181956883e-10,0.06878802814239436,1.3543607949456446e-10,0.06941065598145532,1.1601896795302682e-10,0.07061491124201238,0.29676470702585905,0.298504435630148,0.2583546085610243
SR-U-UN-G1-C1-P_steel_1cm_D500m.i,500.0,25.5476,1.0,C1,P,steel,2.39929e-11,0.1082,2.35999e-11,0.1089,2.0225e-11,0.1106,,2.4018908261479024e-11,0.10715713502590204,2.362726620545847e-11,0.10789861073856885,2.0243715834687773e-11,0.10958144057733309,0.108399824444,0.11595898905703628,0.09253811959343726
SR-U-UN-G1-C1-P_steel_1cm_D700m.i,700.0,25.5476,1.0,C1,P,steel,4.29198e-12,0.0927,4.20369e-12,0.0931,3.56917e-12,0.093,,4.301171756390005e-12,0.09126693016548544,4.2133935880163325e-12,0.09174627919630682,3.572251992031118e-12,0.09184963593599274,0.21416121207474073,0.23083500487268713,0.08635038485468734
SR-U-UN-G1-C1-P_steel_1cm_D1000m.i,1000.0,25.5476,1.0,C1,P,steel,9.3479e-13,0.1574,9.19629e-13,0.1574,7.84207e-13,0.1564,,9.383491809330917e-13,0.15587410446004202,9.232595178364143e-13,0.15597800271913478,7.860663876718951e-13,0.15532586614014193,0.3807465776368646,0.3947807035678851,0.23710419211956052
SR-U-UN-G1-C1-P_steel_1cm_D1200m.i,1200.0,25.5476,1.0,C1,P,steel,3.1473e-13,0.1412,3.10014e-13,0.1416,2.65508e-13,0.1418,,3.1550920497022783e-13,0.14015696845057332,3.1078547557640226e-13,0.1406082325377894,2.657160237508804e-13,0.1409892160244933,0.24757886767318563,0.24885185069134294,0.07834933443828829
SR-U-UN-G1-C1-P_steel_5cm_D1m.i,1.0,25.5476,5.0,C1,P,steel,8.851e-06,0.0101,8.74992e-06,0.01,7.53647e-06,0.0098,,8.881956603247551e-06,0.01018745489214476,8.779985730132593e-06,0.010012124980239614,7.563057034400082e-06,0.009838602503826566,0.34975260702238054,0.3436114859632175,0.35277834848518846
SR-U-UN-G1-C1-P_steel_5cm_D2m.i,2.0,25.5476,5.0,C1,P,steel,2.87733e-06,0.0214,2.8401e-06,0.0207,2.44321e-06,0.0202,,2.8856118799817997e-06,0.021131881742172925,2.848117999894437e-06,0.020432902865318518,2.450252171960976e-06,0.019920684218602165,0.2878321215084716,0.2823139993111889,0.2882344113267428
SR-U-UN-G1-C1-P_steel_5cm_D5m.i,5.0,25.5476,5.0,C1,P,steel,5.41246e-07,0.0315,5.34226e-07,0.0312,4.59277e-07,0.0307,,5.432000516939224e-07,0.03152641758058301,5.361515378641767e-07,0.031265114612345,4.6094098038193304e-07,0.030740810811623134,0.3610283852300882,0.3604350713324904,0.36230431350427883
SR-U-UN-G1-C1-P_steel_5cm_D10m.i,10.0,25.5476,5.0,C1,P,steel,1.37969e-07,0.0279,1.36056e-07,0.0276,1.16969e-07,0.0272,,1.3842095393822508e-07,0.027830257980937367,1.3649684505194438e-07,0.027548196542604892,1.173546033156865e-07,0.027161459623921948,0.32757643979811996,0.3240173545777956,0.32966283005455244
SR-U-UN-G1-C1-P_steel_5cm_D20m.i,20.0,25.5476,5.0,C1,P,steel,3.3937e-08,0.0213,3.34875e-08,0.0212,2.87916e-08,0.0211,,3.4048167566847046e-08,0.021268874224756335,3.3594758097384436e-08,0.02120414589883115,2.8883182809032293e-08,0.02108877849291828,0.3275704005865133,0.3202929373182088,0.31808864054895847
SR-U-UN-G1-C1-P_steel_5cm_D50m.i,50.0,25.5476,5.0,C1,P,steel,5.41761e-09,0.0646,5.33463e-09,0.0649,4.58309e-09,0.0654,,5.4366167967492096e-09,0.06449645667235424,5.353427543327933e-09,0.06484278811221474,4.598710418758063e-09,0.06536617154932514,0.35083361019360376,0.35236826786362085,0.34082723136711185
SR-U-UN-G1-C1-P_steel_5cm_D100m.i,100.0,25.5476,5.0,C1,P,steel,1.1544e-09,0.0563,1.13706e-09,0.0572,9.75204e-10,0.0582,,1.1609063970117629e-09,0.05664507106412711,1.1435009715469386e-09,0.05753550551356297,9.805807644974443e-10,0.05849756029335048,0.5636172047611561,0.5664583704411902,0.551347666482536
SR-U-UN-G1-C1-P_steel_5cm_D200m.i,200.0,25.5476,5.0,C1,P,steel,2.09284e-10,0.0407,2.05719e-10,0.041,1.75974e-10,0.0416,,2.0999816597497397e-10,0.04041959432738064,2.0641647122777163e-10,0.04080835170275704,1.76506749953642e-10,0.041406560288662776,0.34124251016511764,0.33904074381638466,0.3027435607771612
SR-U-UN-G1-C1-P_steel_5cm_D300m.i,300.0,25.5476,5.0,C1,P,steel,6.38463e-11,0.0497,6.26983e-11,0.05,5.35373e-11,0.0502,,6.408671025373474e-11,0.04965070354480915,6.29350649263533e-11,0.04996183374001399,5.370638686121382e-11,0.05016094478854691,0.3765453185771764,0.3776257511819243,0.315830012372337
SR-U-UN-G1-C1-P_steel_5cm_D500m.i,500.0,25.5476,5.0,C1,P,steel,1.18235e-11,0.0732,1.16193e-11,0.0739,9.93191e-12,0.0754,,1.1850958350614247e-11,0.07286215014766646,1.1647426336878866e-11,0.0736583898260249,9.948667981044919e-12,0.07514117245743282,0.23223538389010406,0.24206567417025995,0.16872868405894179
SR-U-UN-G1-C1-P_steel_5cm_D700m.i,700.0,25.5476,5.0,C1,P,steel,2.9779e-12,0.1001,2.92739e-12,0.1007,2.49863e-12,0.1018,,2.9958454715558225e-12,0.09978232279560709,2.944894101122303e-12,0.10040592738907479,2.512934629561637e-12,0.10159146738522234,0.6026216983720889,0.5979422325792929,0.5724989118691934
SR-U-UN-G1-C1-P_steel_5cm_D1000m.i,1000.0,25.5476,5.0,C1,P,steel,4.93835e-13,0.1887,4.85078e-13,0.1886,4.1318e-13,0.1874,,4.950537358303826e-13,0.18895415720722294,4.862430596572225e-13,0.18875527368309405,4.1365898463004284e-13,0.18766089584327253,0.24679008785983805,0.24017985916129625,0.115926383184769
SR-U-UN-G1-C1-P_steel_5cm_D1200m.i,1200.0,25.5476,5.0,C1,P,steel,1.16064e-13,0.0715,1.13823e-13,0.0715,9.67122e-14,0.0714,,1.1637333361846774e-13,0.0712849352190675,1.141291606719938e-13,0.07123806046899361,9.688693832059758e-14,0.07112701106667203,0.2665198670283169,0.26897961922791114,0.18067867404276183
SR-U-UN-G1-C1-P_steel_10cm_D1m.i,1.0,25.5476,10.0,C1,P,steel,2.90902e-06,0.0095,2.87489e-06,0.0095,2.47442e-06,0.0094,,2.919807116860009e-06,0.00893459070383223,2.88548453603046e-06,0.008911365848807987,2.483928636924371e-06,0.008815369141069698,0.37081618070721006,0.36851970094369474,0.384277403366079
SR-U-UN-G1-C1-P_steel_10cm_D2m.i,2.0,25.5476,10.0,C1,P,steel,9.8021e-07,0.0238,9.68093e-07,0.0236,8.33219e-07,0.0236,,9.824163585923743e-07,0.021876432954687455,9.701919248676931e-07,0.021683550756688423,8.351740751361143e-07,0.02158899450010121,0.2250903982181709,0.21681025146274233,0.23464120910760608
SR-U-UN-G1-C1-P_steel_10cm_D5m.i,5.0,25.5476,10.0,C1,P,steel,1.8042e-07,0.0308,1.78387e-07,0.0309,1.53644e-07,0.031,,1.8101987910542908e-07,0.031182050719944832,1.7895404503749673e-07,0.03129643211041374,1.5416320688146556e-07,0.031351331751715665,0.33249035884551736,0.3178735207704212,0.33792851101609145
SR-U-UN-G1-C1-P_steel_10cm_D10m.i,10.0,25.5476,10.0,C1,P,steel,4.62035e-08,0.0322,4.56189e-08,0.0321,3.92416e-08,0.032,,4.6327353725211125e-08,0.03195926708103785,4.574234761214697e-08,0.0318855446899429,3.9355106283641104e-08,0.03173730868884494,0.26806134862320974,0.27060628850534807,0.28924988695951187
SR-U-UN-G1-C1-P_steel_10cm_D20m.i,20.0,25.5476,10.0,C1,P,steel,1.16736e-08,0.0238,1.15132e-08,0.0238,9.88847e-09,0.0238,,1.1705753138806684e-08,0.02366575702434668,1.1543525464897093e-08,0.02368736650195154,9.91530821489063e-09,0.0236284421582136,0.27543464575351945,0.2633973603958411,0.2714091754399786
SR-U-UN-G1-C1-P_steel_10cm_D50m.i,50.0,25.5476,10.0,C1,P,steel,1.91398e-09,0.0488,1.88572e-09,0.0495,1.6158e-09,0.0501,,1.921526580290962e-09,0.048958854213653105,1.8929634659309422e-09,0.04964473127342886,1.6221698004548699e-09,0.05025650569267383,0.39428731182991095,0.38412202930139405,0.39421960978276493
SR-U-UN-G1-C1-P_steel_10cm_D100m.i,100.0,25.5476,10.0,C1,P,steel,4.46387e-10,0.0387,4.3899e-10,0.0389,3.75304e-10,0.039,,4.476865696910121e-10,0.03844954541688665,4.402477478701616e-10,0.03866014118656755,3.7628807543381995e-10,0.03877169508311461,0.29113072087943714,0.28650945811103157,0.2622075527625406
SR-U-UN-G1-C1-P_steel_10cm_D200m.i,200.0,25.5476,10.0,C1,P,steel,1.04095e-10,0.039,1.02345e-10,0.0393,8.74707e-11,0.0394,,1.0463270966635566e-10,0.03924047131338525,1.028584767485138e-10,0.039479701065322156,8.787956308969758e-11,0.03961913908284197,0.5165566706908639,0.5017116112304533,0.4674286243251473
SR-U-UN-G1-C1-P_steel_10cm_D300m.i,300.0,25.5476,10.0,C1,P,steel,3.30995e-11,0.0344,3.25584e-11,0.035,2.78402e-11,0.0356,,3.321277368225786e-11,0.0339145102789935,3.266790203519505e-11,0.03450216111653898,2.791188299961171e-11,0.03509499582900869,0.34222173222512253,0.336324988927729,0.2574801891211682
SR-U-UN-G1-C1-P_steel_10cm_D500m.i,500.0,25.5476,10.0,C1,P,steel,5.77048e-12,0.0321,5.66428e-12,0.0323,4.82712e-12,0.0326,,5.797376639648052e-12,0.03195050562394693,5.690576778470659e-12,0.03214530830723883,4.844097519432132e-12,0.03244576928884306,0.4661074927571334,0.46425633038371267,0.35171115348556004
SR-U-UN-G1-C1-P_steel_10cm_D700m.i,700.0,25.5476,10.0,C1,P,steel,1.32488e-12,0.0455,1.30059e-12,0.0457,1.10921e-12,0.0463,,1.3303240988321045e-12,0.0455840694370964,1.3057897061741638e-12,0.045779242278439235,1.1124944628819282e-12,0.0463680003881143,0.4109125982809425,0.39979595215738895,0.2961083006759896
SR-U-UN-G1-C1-P_steel_10cm_D1000m.i,1000.0,25.5476,10.0,C1,P,steel,2.25578e-13,0.0738,2.21261e-13,0.074,1.8835e-13,0.0745,,2.2657666983638216e-13,0.07401251304231936,2.2219607603896673e-13,0.07419869908074102,1.8875479698006334e-13,0.07467029055911602,0.44271597247167976,0.4226122267217095,0.21491743034953198
SR-U-UN-G1-C1-P_steel_10cm_D1200m.i,1200.0,25.5476,10.0,C1,P,steel,6.85139e-14,0.1191,6.72661e-14,0.1193,5.7293e-14,0.1202,,6.861221345250259e-14,0.11869179331854735,6.736888717158414e-14,0.11892624549293947,5.731294892061773e-14,0.119875370333497,0.14349417052976834,0.15280679507826722,0.0348191238331411
SR-U-UN-G1-C1-P_steel_20cm_D1m.i,1.0,25.5476,20.0,C1,P,steel,4.99314e-07,0.0125,4.91954e-07,0.0125,4.21122e-07,0.0124,,5.013634552359156e-07,0.011201596219647534,4.939554680310843e-07,0.0111591365985581,4.2292048233224537e-07,0.011059772940728413,0.41045419033225455,0.4068404832736961,0.4270691942585205
SR-U-UN-G1-C1-P_steel_20cm_D2m.i,2.0,25.5476,20.0,C1,P,steel,1.96449e-07,0.0345,1.9348e-07,0.0344,1.65619e-07,0.0342,,1.972442808634127e-07,0.033069039722048124,1.9424511317060354e-07,0.03301752421342696,1.6629182582131474e-07,0.03281080185541184,0.4048281556092029,0.39544819650792495,0.40624917510354885
SR-U-UN-G1-C1-P_steel_20cm_D5m.i,5.0,25.5476,20.0,C1,P,steel,3.92292e-08,0.0274,3.86351e-08,0.0272,3.3078e-08,0.0268,,3.9414794211330564e-08,0.02677938240812964,3.8816844906884665e-08,0.026597075381557145,3.323890447260992e-08,0.026226767741729204,0.47310220787211227,0.4704139678289041,0.48643954474248946
SR-U-UN-G1-C1-P_steel_20cm_D10m.i,10.0,25.5476,20.0,C1,P,steel,1.0058e-08,0.0295,9.91267e-09,0.0296,8.49385e-09,0.0297,,1.0106958879634214e-08,0.029627544095597164,9.960246636157276e-09,0.029724294945585605,8.53596001156045e-09,0.02982025733219695,0.4867655561166622,0.47995783333124264,0.49577060532561285
SR-U-UN-G1-C1-P_steel_20cm_D20m.i,20.0,25.5476,20.0,C1,P,steel,2.72621e-09,0.0245,2.68548e-09,0.0245,2.30201e-09,0.0245,,2.73710622010369e-09,0.024480498605180884,2.6959816052680243e-09,0.02446314017935476,2.3110774320267792e-09,0.024414144625618858,0.3996838139281324,0.391051330414832,0.39389194776648295
SR-U-UN-G1-C1-P_steel_20cm_D50m.i,50.0,25.5476,20.0,C1,P,steel,5.38017e-10,0.0223,5.29476e-10,0.0224,4.52986e-10,0.0223,,5.40416794526408e-10,0.022238578617616606,5.318049038464838e-10,0.022291554921802726,4.5494338247175473e-10,0.02226556423667525,0.44604436781884266,0.4398506913408405,0.4321066151613323
SR-U-UN-G1-C1-P_steel_20cm_D100m.i,100.0,25.5476,20.0,C1,P,steel,1.69314e-10,0.0304,1.6657e-10,0.0305,1.42588e-10,0.0308,,1.7008583914196576e-10,0.03049982487570638,1.6730475950623406e-10,0.030580287799604162,1.4317957760981698e-10,0.030840404226828048,0.45586256420955956,0.44111154843853284,0.41488597204321565
SR-U-UN-G1-C1-P_steel_20cm_D200m.i,200.0,25.5476,20.0,C1,P,steel,3.95852e-11,0.0096,3.89217e-11,0.0096,3.32658e-11,0.0096,,3.977433339471016e-11,0.00957005051010425,3.9101739064597663e-11,0.009575886323829781,3.3400847451351644e-11,0.009584624509732222,0.4777881498897715,0.4625673200237003,0.4059648388183862
SR-U-UN-G1-C1-P_steel_20cm_D300m.i,300.0,25.5476,20.0,C1,P,steel,1.41035e-11,0.0145,1.38604e-11,0.0146,1.1836e-11,0.0145,,1.4172318678996547e-11,0.014457238189741706,1.3926017994109989e-11,0.014486327844077511,1.1884772868479319e-11,0.014453248782672798,0.4879546140784026,0.473420638004598,0.41207222439438945
SR-U-UN-G1-C1-P_steel_20cm_D500m.i,500.0,25.5476,20.0,C1,P,steel,2.55539e-12,0.0154,2.50979e-12,0.0154,2.14079e-12,0.0154,,2.5673520755137805e-12,0.015316228004777567,2.521218666321279e-12,0.015315232086156223,2.148568071886398e-12,0.015269534448956174,0.4681115412434268,0.45536344958259045,0.36332717764929595
SR-U-UN-G1-C1-P_steel_20cm_D700m.i,700.0,25.5476,20.0,C1,P,steel,6.09459e-13,0.0238,5.9827e-13,0.0238,5.0976e-13,0.0238,,6.12291375703292e-13,0.023759232104663467,6.009666894603847e-13,0.02374117295050899,5.114902031077184e-13,0.02372946944688456,0.464736053334514,0.45074789984199687,0.33941523613432134
SR-U-UN-G1-C1-P_steel_20cm_D1000m.i,1000.0,25.5476,20.0,C1,P,steel,7.87945e-14,0.0342,7.72895e-14,0.0344,6.57788e-14,0.0348,,7.920769747815693e-14,0.03443630395154151,7.768657317613493e-14,0.034584109714746174,6.600932949774548e-14,0.03499277318801271,0.5243988833699523,0.5137478908971149,0.3504616954786113
SR-U-UN-G1-C1-P_steel_20cm_D1200m.i,1200.0,25.5476,20.0,C1,P,steel,2.33292e-14,0.0419,2.28519e-14,0.0417,1.93872e-14,0.0411,,2.3411298863610532e-14,0.04164049876417469,2.2931150515870885e-14,0.04145876240359097,1.942752050921786e-14,0.04094134548670757,0.3519146117763714,0.3468005543122666,0.2079748969312739
SR-U-UN-G1-C1-P_water_1cm_D1m.i,1.0,25.5476,1.0,C1,P,water,2.08623e-05,0.0102,2.07044e-05,0.0097,1.79424e-05,0.0095,,2.09013739856303e-05,0.00998373995310198,2.074281464818591e-05,0.009542573524298879,1.7977556368001428e-05,0.009311345716123173,0.18729471645169893,0.18553857240929197,0.19594016408857412
SR-U-UN-G1-C1-P_water_1cm_D2m.i,2.0,25.5476,1.0,C1,P,water,6.5507e-06,0.0071,6.50002e-06,0.0069,5.63032e-06,0.0067,,6.565314364747973e-06,0.007011545116954099,6.514206406355929e-06,0.0068106870120347145,5.642986578416745e-06,0.006646042449090025,0.22309623014293328,0.218251733932034,0.22497084387290356
SR-U-UN-G1-C1-P_water_1cm_D5m.i,5.0,25.5476,1.0,C1,P,water,1.26737e-06,0.0153,1.25543e-06,0.0148,1.08588e-06,0.0144,,1.2702185510200402e-06,0.015509454164083497,1.2581484209232676e-06,0.014910275200857187,1.0883578147497882e-06,0.014577131877166881,0.22476080545067378,0.21653305427363537,0.228184951356341
SR-U-UN-G1-C1-P_water_1cm_D10m.i,10.0,25.5476,1.0,C1,P,water,3.33541e-07,0.0189,3.30819e-07,0.0188,2.86015e-07,0.0185,,3.346362519355691e-07,0.018911265553207966,3.3190354633358995e-07,0.018789864950639067,2.869632170003865e-07,0.0185157468398502,0.3283710055342903,0.3278367728546216,0.33152701794889117
SR-U-UN-G1-C1-P_water_1cm_D20m.i,20.0,25.5476,1.0,C1,P,water,8.26932e-08,0.0198,8.18936e-08,0.0194,7.08348e-08,0.0192,,8.286339029860089e-08,0.019606099995483774,8.205866713541807e-08,0.019190462833271162,7.097923918788581e-08,0.019023703387241974,0.20580930306348502,0.20156292484159394,0.20390992546857348
SR-U-UN-G1-C1-P_water_1cm_D50m.i,50.0,25.5476,1.0,C1,P,water,1.37721e-08,0.0811,1.36103e-08,0.0815,1.17585e-08,0.0822,,1.3814596772897608e-08,0.08088773427127169,1.3652251025387633e-08,0.0812836481026967,1.1793492677197279e-08,0.08203544783554284,0.30857148072994245,0.30822998308364047,0.2975947374008458
SR-U-UN-G1-C1-P_water_1cm_D100m.i,100.0,25.5476,1.0,C1,P,water,3.0459e-09,0.0575,3.00486e-09,0.058,2.58283e-09,0.0586,,3.0490492247812038e-09,0.057234687381675205,3.008054421231954e-09,0.057673751888153775,2.584910647356118e-09,0.058331303570267154,0.10339225782868104,0.10630848798127412,0.08055688357801441
SR-U-UN-G1-C1-P_water_1cm_D200m.i,200.0,25.5476,1.0,C1,P,water,4.98967e-10,0.0504,4.90709e-10,0.051,4.19887e-10,0.052,,5.008523103278422e-10,0.05032485530255648,4.925847870824921e-10,0.050904362541067324,4.212545239165601e-10,0.05191452231311233,0.3778426885630225,0.382260582645124,0.32568855824545123
SR-U-UN-G1-C1-P_water_1cm_D300m.i,300.0,25.5476,1.0,C1,P,water,1.46537e-10,0.0546,1.44129e-10,0.0555,1.22978e-10,0.0568,,1.4700179376441087e-10,0.05453650924584854,1.446118044680031e-10,0.055468236113673,1.2326960755800256e-10,0.056716610195798295,0.31718525997589436,0.33498079359679434,0.23712172746552848
SR-U-UN-G1-C1-P_water_1cm_D500m.i,500.0,25.5476,1.0,C1,P,water,2.59044e-11,0.0936,2.54721e-11,0.0944,2.17967e-11,0.0961,,2.5958058487913073e-11,0.09119696113574921,2.5525365639921066e-11,0.09199213131933516,2.1815692414726103e-11,0.09369178579450038,0.20714043912645438,0.20911365737832727,0.08713435853180919
SR-U-UN-G1-C1-P_water_1cm_D700m.i,700.0,25.5476,1.0,C1,P,water,7.04127e-12,0.1718,6.92837e-12,0.1722,5.92157e-12,0.1719,,7.06889187278297e-12,0.16980045043594982,6.957130308677761e-12,0.1703587960756326,5.94014621069373e-12,0.1703127815993734,0.39228538009435043,0.4151093067743338,0.3137041476117028
SR-U-UN-G1-C1-P_water_1cm_D1000m.i,1000.0,25.5476,1.0,C1,P,water,7.33516e-13,0.1275,7.20046e-13,0.1291,6.13282e-13,0.1313,,7.346055705408701e-13,0.1267871102303904,7.212339569927707e-13,0.12842743574144494,6.139385171287934e-13,0.13073756513479443,0.148540800864611,0.16498348616210337,0.10704979581878783
SR-U-UN-G1-C1-P_water_1cm_D1200m.i,1200.0,25.5476,1.0,C1,P,water,2.5957e-13,0.1069,2.55746e-13,0.1082,2.19225e-13,0.1103,,2.606530270207639e-13,0.10741047840928246,2.567880522486283e-13,0.10863472413789262,2.200466942640332e-13,0.11076279386732994,0.4172389030950715,0.4074559323032542,0.3748177735354931
SR-U-UN-G1-C1-P_water_5cm_D1m.i,1.0,25.5476,5.0,C1,P,water,1.79125e-05,0.0112,1.77435e-05,0.0109,1.53359e-05,0.0106,,1.7969932839490522e-05,0.010820969603988857,1.7798640234198537e-05,0.010515256539666415,1.5384445884890337e-05,0.01017714387817079,0.320629948307179,0.3107630072902,0.3165506092915129
SR-U-UN-G1-C1-P_water_5cm_D2m.i,2.0,25.5476,5.0,C1,P,water,5.56382e-06,0.0069,5.51127e-06,0.0067,4.76302e-06,0.0066,,5.579949189685475e-06,0.006849534365745804,5.526737176843469e-06,0.00671086020804216,4.776908070122434e-06,0.006579780547442768,0.28989416777457644,0.2806463273160107,0.2915811842577713
SR-U-UN-G1-C1-P_water_5cm_D5m.i,5.0,25.5476,5.0,C1,P,water,1.0508e-06,0.0158,1.04062e-06,0.0155,8.97579e-07,0.015,,1.054111274514114e-06,0.015737596963889742,1.0439424717812732e-06,0.01549846249976571,9.002395893107345e-07,0.014954083957627406,0.3151193865734795,0.3192781016387586,0.2964184000221067
SR-U-UN-G1-C1-P_water_5cm_D10m.i,10.0,25.5476,5.0,C1,P,water,2.69973e-07,0.0167,2.6721e-07,0.0165,2.30837e-07,0.0163,,2.7097386937340685e-07,0.016722234237795425,2.682063723183003e-07,0.01653419857359288,2.316736282362604e-07,0.016302421003078785,0.37072943346440185,0.3728798766139946,0.3624324680447279
SR-U-UN-G1-C1-P_water_5cm_D20m.i,20.0,25.5476,5.0,C1,P,water,6.79742e-08,0.0147,6.72681e-08,0.0147,5.81043e-08,0.0146,,6.820815222738992e-08,0.014683891205062598,6.749271720370522e-08,0.01464768348933494,5.8294599056202874e-08,0.014605824146193677,0.34417797839463216,0.33391340576769774,0.3275128625641748
SR-U-UN-G1-C1-P_water_5cm_D50m.i,50.0,25.5476,5.0,C1,P,water,1.0955e-08,0.0685,1.08173e-08,0.069,9.32017e-09,0.0699,,1.1003124254107498e-08,0.06833981003246105,1.0865919102985581e-08,0.0688677495246095,9.359301356157811e-09,0.06972192279228967,0.439290315905963,0.44945691610273686,0.41985667812723704
SR-U-UN-G1-C1-P_water_5cm_D100m.i,100.0,25.5476,5.0,C1,P,water,2.33197e-09,0.0552,2.29767e-09,0.0557,1.97076e-09,0.0565,,2.3368851938011473e-09,0.054969959081034234,2.3027602567598843e-09,0.0555290230779563,1.974069998824756e-09,0.05634160378942763,0.2107743153276885,0.22153994089161072,0.1679554499155611
SR-U-UN-G1-C1-P_water_5cm_D200m.i,200.0,25.5476,5.0,C1,P,water,3.84606e-10,0.0524,3.78338e-10,0.0529,3.23272e-10,0.0537,,3.8624565957751583e-10,0.05222201230270702,3.7995837698188876e-10,0.05272992987048653,3.2450729683802856e-10,0.05353708846956194,0.42632189240829294,0.4282881925391506,0.38212305366025556
SR-U-UN-G1-C1-P_water_5cm_D300m.i,300.0,25.5476,5.0,C1,P,water,1.18877e-10,0.0563,1.1692e-10,0.057,9.98769e-11,0.0582,,1.1950880535562075e-10,0.05611470402584583,1.1754835751711646e-10,0.05678347264242756,1.0033110878647064e-10,0.05802061957556393,0.5314782132967207,0.5374251771437404,0.4547686066253983
SR-U-UN-G1-C1-P_water_5cm_D500m.i,500.0,25.5476,5.0,C1,P,water,1.65652e-11,0.0746,1.62665e-11,0.0753,1.3865e-11,0.0766,,1.6600699036358994e-11,0.0736877134122641,1.630200978541896e-11,0.07438358678128151,1.3883337254490063e-11,0.07574208327615634,0.21429886967253928,0.21830009786344795,0.13225571215335383
SR-U-UN-G1-C1-P_water_5cm_D700m.i,700.0,25.5476,5.0,C1,P,water,4.28655e-12,0.1686,4.20908e-12,0.1686,3.5815e-12,0.1674,,4.294705370924103e-12,0.1667510281217419,4.21820814001115e-12,0.16691818669104055,3.5854413222846198e-12,0.16608860447388318,0.19025488852580905,0.21686781936077287,0.11004669229707484
SR-U-UN-G1-C1-P_water_5cm_D1000m.i,1000.0,25.5476,5.0,C1,P,water,9.00253e-13,0.1817,8.87018e-13,0.1823,7.61884e-13,0.1841,,9.05399988436677e-13,0.18232738648517272,8.919510748333563e-13,0.18273740723970544,7.607977761329379e-13,0.18313507940576093,0.5717268852952382,0.5561414574852195,-0.14257076760531007
SR-U-UN-G1-C1-P_water_5cm_D1200m.i,1200.0,25.5476,5.0,C1,P,water,2.11248e-13,0.1661,2.0752e-13,0.1666,1.77039e-13,0.1686,,2.118831473942293e-13,0.16560676088373477,2.081612155618503e-13,0.16608537397133455,1.7744498859725842e-13,0.1681997109832702,0.30066433491882477,0.30898976573356246,0.2293215603671598
SR-U-UN-G1-C1-P_water_10cm_D1m.i,1.0,25.5476,10.0,C1,P,water,1.43871e-05,0.0065,1.42392e-05,0.0064,1.22857e-05,0.0063,,1.4449935274322494e-05,0.006576063394995278,1.4299309798361785e-05,0.006410180819077143,1.233818061040676e-05,0.006286455851597537,0.4367473244955114,0.42214308642188136,0.4271682558320661
SR-U-UN-G1-C1-P_water_10cm_D2m.i,2.0,25.5476,10.0,C1,P,water,4.56859e-06,0.0121,4.52176e-06,0.012,3.89995e-06,0.0118,,4.5876068972042364e-06,0.01197227290674172,4.540065460768906e-06,0.011927346931072972,3.916062245811027e-06,0.011774068649618115,0.4162530934979177,0.4048304370180059,0.4131398046392201
SR-U-UN-G1-C1-P_water_10cm_D5m.i,5.0,25.5476,10.0,C1,P,water,8.52286e-07,0.0212,8.43486e-07,0.0212,7.26737e-07,0.0211,,8.561822054449627e-07,0.021256530003518,8.472212326971003e-07,0.021226048376824576,7.299541622536795e-07,0.02110598868239638,0.45714765289617404,0.44283280304597283,0.4426859033845135
SR-U-UN-G1-C1-P_water_10cm_D10m.i,10.0,25.5476,10.0,C1,P,water,2.2565e-07,0.0219,2.22885e-07,0.0216,1.91989e-07,0.0215,,2.264638718551032e-07,0.02176824819588313,2.2366075036633185e-07,0.021545063741224918,1.9267944654060356e-07,0.02136396956714884,0.3606788633295772,0.3480496068967627,0.3596281769286521
SR-U-UN-G1-C1-P_water_10cm_D20m.i,20.0,25.5476,10.0,C1,P,water,5.3774e-08,0.0157,5.31544e-08,0.0157,4.57658e-08,0.0156,,5.396598561975733e-08,0.01566858539728006,5.3339434618227535e-08,0.015653148027225353,4.591794094212378e-08,0.015563625164707735,0.3570231334052319,0.3481078108821334,0.33243369967045877
SR-U-UN-G1-C1-P_water_10cm_D50m.i,50.0,25.5476,10.0,C1,P,water,8.8319e-09,0.0687,8.72024e-09,0.0693,7.51081e-09,0.0702,,8.873823709017055e-09,0.06866274116014105,8.761418576112324e-09,0.06920704658737262,7.545377283234454e-09,0.07014408335235048,0.4746850509749277,0.4722183805987385,0.46023375953398576
SR-U-UN-G1-C1-P_water_10cm_D100m.i,100.0,25.5476,10.0,C1,P,water,1.55669e-09,0.0572,1.53184e-09,0.0577,1.31105e-09,0.0584,,1.562835792884608e-09,0.05676527801873712,1.5379400302649589e-09,0.05733537646087383,1.3157392598752707e-09,0.058053347216563266,0.3947987643402357,0.39821588840602906,0.3576720853720914
SR-U-UN-G1-C1-P_water_10cm_D200m.i,200.0,25.5476,10.0,C1,P,water,2.77686e-10,0.0515,2.73393e-10,0.0521,2.33972e-10,0.0531,,2.7879645457158236e-10,0.050959494126541834,2.7447025393260633e-10,0.05154601713662986,2.347852621520546e-10,0.05265572175932457,0.39989577133249293,0.39403127827205814,0.3475895201368621
SR-U-UN-G1-C1-P_water_10cm_D300m.i,300.0,25.5476,10.0,C1,P,water,8.65998e-11,0.0668,8.52303e-11,0.0675,7.28332e-11,0.0688,,8.693649084512436e-11,0.06662705173527163,8.555230676112424e-11,0.06729156572085163,7.305879035677127e-11,0.06868938863748966,0.38878940265953854,0.37780784665105077,0.30973561064360616
SR-U-UN-G1-C1-P_water_10cm_D500m.i,500.0,25.5476,10.0,C1,P,water,1.31787e-11,0.107,1.29479e-11,0.1076,1.10308e-11,0.1085,,1.324258866100713e-11,0.10624715296816317,1.3010999185341006e-11,0.10687289906618089,1.1076041525453039e-11,0.10789423553136626,0.484787278010193,0.48733142317291317,0.4101382080451037
SR-U-UN-G1-C1-P_water_10cm_D700m.i,700.0,25.5476,10.0,C1,P,water,3.8163e-12,0.1557,3.75259e-12,0.1559,3.19874e-12,0.1556,,3.83573963337649e-12,0.1545042366576682,3.771707044653748e-12,0.15474605804315145,3.2106829408911993e-12,0.15470863483138125,0.509384308793587,0.5094360069644662,0.37336391489146065
SR-U-UN-G1-C1-P_water_10cm_D1000m.i,1000.0,25.5476,10.0,C1,P,water,6.64477e-13,0.2081,6.54742e-13,0.2092,5.63004e-13,0.2119,,6.675716351382212e-13,0.20756137403473462,6.580922232484834e-13,0.20877340698937338,5.653871644833481e-13,0.2115693685212137,0.4657249443127789,0.5116860150232201,0.42329441413349184
SR-U-UN-G1-C1-P_water_10cm_D1200m.i,1200.0,25.5476,10.0,C1,P,water,1.4393e-13,0.1055,1.41614e-13,0.1063,1.21046e-13,0.108,,1.4450698649925924e-13,0.10535379520034031,1.4218761645333062e-13,0.1062147799178007,1.2152506950627933e-13,0.10790259938643554,0.4008799411236337,0.4050563174054941,0.39577475197802126
SR-U-UN-G1-C1-P_water_20cm_D1m.i,1.0,25.5476,20.0,C1,P,water,9.17553e-06,0.0068,9.07656e-06,0.0067,7.81366e-06,0.0066,,9.22768705821312e-06,0.006544629102970352,9.126558692240837e-06,0.006443422619590096,7.857337792074795e-06,0.006348295451781033,0.5684364632137898,0.5508550843142999,0.5589927393154388
SR-U-UN-G1-C1-P_water_20cm_D2m.i,2.0,25.5476,20.0,C1,P,water,2.85443e-06,0.0106,2.82151e-06,0.0105,2.42751e-06,0.0104,,2.8710435250516728e-06,0.010611051777190527,2.837494266875732e-06,0.01052427155526889,2.4417389259752105e-06,0.010395261568281475,0.5820260105055168,0.5665146278316199,0.5861531353201692
SR-U-UN-G1-C1-P_water_20cm_D5m.i,5.0,25.5476,20.0,C1,P,water,5.23192e-07,0.0168,5.175e-07,0.0168,4.4572e-07,0.0167,,5.257782571613442e-07,0.016748073704684986,5.199502024815884e-07,0.01674775854145707,4.4791655018411996e-07,0.01668629893804407,0.49432276513100587,0.47346907856780307,0.4928094283675762
SR-U-UN-G1-C1-P_water_20cm_D10m.i,10.0,25.5476,20.0,C1,P,water,1.26957e-07,0.0212,1.25601e-07,0.0212,1.08294e-07,0.0212,,1.275931393489187e-07,0.02124102505520901,1.2621876690475353e-07,0.021242584606486134,1.0883864888326771e-07,0.02122944314532931,0.5010667776638652,0.4918487151802468,0.5029354195686828
SR-U-UN-G1-C1-P_water_20cm_D20m.i,20.0,25.5476,20.0,C1,P,water,3.15436e-08,0.0165,3.11776e-08,0.0165,2.68158e-08,0.0165,,3.172255555615583e-08,0.01650430596266025,3.135114532087118e-08,0.016528543430544232,2.6966897657443743e-08,0.016492451616311025,0.5673276232130485,0.5566346379168936,0.563465037193533
SR-U-UN-G1-C1-P_water_20cm_D50m.i,50.0,25.5476,20.0,C1,P,water,4.80464e-09,0.0652,4.75428e-09,0.0658,4.0893e-09,0.0667,,4.831427029462189e-09,0.06491411392577935,4.779777077714063e-09,0.06547031865184884,4.110625319795989e-09,0.06635432586664311,0.5575241737609676,0.5362973513142559,0.521490714694176
SR-U-UN-G1-C1-P_water_20cm_D100m.i,100.0,25.5476,20.0,C1,P,water,9.16368e-10,0.0609,9.03422e-10,0.0614,7.73988e-10,0.0624,,9.212331993601056e-10,0.06045701541751627,9.081456865907726e-10,0.061013964162565444,7.777727609873532e-10,0.06201486372159186,0.5309220051448342,0.5228660128680263,0.488994788982923
SR-U-UN-G1-C1-P_water_20cm_D200m.i,200.0,25.5476,20.0,C1,P,water,1.53609e-10,0.0476,1.51224e-10,0.0481,1.29332e-10,0.0488,,1.5457843708165983e-10,0.04756119257668605,1.5214910652839907e-10,0.047985496330034356,1.3007061561968458e-10,0.048715412955982286,0.6311069544491801,0.6117458395486616,0.5711004389358986
SR-U-UN-G1-C1-P_water_20cm_D300m.i,300.0,25.5476,20.0,C1,P,water,4.20291e-11,0.0512,4.13628e-11,0.052,3.53526e-11,0.0531,,4.230382482034106e-11,0.05135039141824552,4.1626941788670936e-11,0.05216267311031655,3.5565777533482916e-11,0.05326213227336918,0.6536538263752003,0.6385974563398394,0.6030038341816861
SR-U-UN-G1-C1-P_water_20cm_D500m.i,500.0,25.5476,20.0,C1,P,water,8.44904e-12,0.0902,8.33964e-12,0.0912,7.1437e-12,0.0929,,8.504396672145788e-12,0.08992777331977117,8.394072101312378e-12,0.09093047814089261,7.183377635005611e-12,0.0927635352317903,0.6551829810935612,0.6526912590037315,0.5554213503592109
SR-U-UN-G1-C1-P_water_20cm_D700m.i,700.0,25.5476,20.0,C1,P,water,1.73856e-12,0.1055,1.70994e-12,0.1065,1.46129e-12,0.1081,,1.744804149061618e-12,0.10524249086403564,1.7158899825900355e-12,0.10622627618233155,1.465206840745119e-12,0.10791053806889235,0.3591563743338208,0.34796440752514113,0.2680399335600084
SR-U-UN-G1-C1-P_water_20cm_D1000m.i,1000.0,25.5476,20.0,C1,P,water,3.19301e-13,0.1372,3.14257e-13,0.1378,2.69442e-13,0.1396,,3.221632837461947e-13,0.1376704022510259,3.169972418944178e-13,0.1382819249816303,2.7129944332143194e-13,0.14013397986377296,0.8964217920378302,0.8719748150137585,0.6893666620021865
SR-U-UN-G1-C1-P_water_20cm_D1200m.i,1200.0,25.5476,20.0,C1,P,water,9.53614e-14,0.169,9.37185e-14,0.1692,7.98368e-14,0.1694,,9.633592871371649e-14,0.17105828125773656,9.463012959977927e-14,0.17103744503442486,8.0286919327863e-14,0.17052888203807998,1.0219320539720362,0.9727317442973085,0.5637993104220078
SR-U-UN-G1-C4-P_water_1cm_D1m.i,1.0,8.6518,1.0,C4,P,water,6.88522e-06,0.0036,6.83294e-06,0.0036,5.9213e-06,0.0035,,6.892245758752893e-06,0.003566215722378362,6.8395985599125375e-06,0.0035303697173472946,5.927351474014653e-06,0.0035014642245763576,0.10204116575639686,0.09744794938251782,0.10219840262531182
SR-U-UN-G1-C4-P_water_1cm_D2m.i,2.0,8.6518,1.0,C4,P,water,2.21385e-06,0.0059,2.19426e-06,0.0059,1.89903e-06,0.0059,,2.2173801673053705e-06,0.005868144447113139,2.1975633051243683e-06,0.005845242566237883,1.9020253119795351e-06,0.005846121999886098,0.15945828784111485,0.1505430133333431,0.1577285234848954
SR-U-UN-G1-C4-P_water_1cm_D5m.i,5.0,8.6518,1.0,C4,P,water,3.83936e-07,0.008,3.80285e-07,0.008,3.28775e-07,0.008,,3.8461325260120026e-07,0.008032354075803902,3.809305111245333e-07,0.007981341314106768,3.293360882831113e-07,0.007980139718573198,0.17639726443998044,0.16974404053099373,0.17066026404419904
SR-U-UN-G1-C4-P_water_1cm_D10m.i,10.0,8.6518,1.0,C4,P,water,9.55872e-08,0.008,9.47025e-08,0.0079,8.18846e-08,0.0079,,9.572071400169153e-08,0.007908299434546526,9.482883205525694e-08,0.007889958204600025,8.199393187629038e-08,0.0078878905674329,0.13967769920191034,0.13339885985791922,0.13351946066828105
SR-U-UN-G1-C4-P_water_1cm_D20m.i,20.0,8.6518,1.0,C4,P,water,2.53857e-08,0.0183,2.51219e-08,0.0183,2.17011e-08,0.0183,,2.5444242658474487e-08,0.018168574037338545,2.5178873402909134e-08,0.01817978301147346,2.174901314103621e-08,0.018230402954136384,0.23061274053694236,0.2267877943512814,0.22078669300731493
SR-U-UN-G1-C4-P_water_1cm_D50m.i,50.0,8.6518,1.0,C4,P,water,4.89228e-09,0.0681,4.82982e-09,0.0687,4.16343e-09,0.0696,,4.908632642654684e-09,0.06795752273577904,4.846193965733687e-09,0.06856039051230307,4.175838405653775e-09,0.06950456879989117,0.33425402173800356,0.3390181359489068,0.29803324791756763
SR-U-UN-G1-C4-P_water_1cm_D100m.i,100.0,8.6518,1.0,C4,P,water,1.28566e-09,0.0395,1.26523e-09,0.0398,1.0847e-09,0.0404,,1.2914859673001227e-09,0.03931935250436321,1.270868072519946e-09,0.03964114850160742,1.0890336414219003e-09,0.04025099752719211,0.45314992300628515,0.44561641124112245,0.39952442351805284
SR-U-UN-G1-C4-P_water_1cm_D200m.i,200.0,8.6518,1.0,C4,P,water,3.16056e-10,0.0304,3.10935e-10,0.0308,2.66049e-10,0.0314,,3.1743390488451254e-10,0.030268312905735503,3.1223864621923663e-10,0.030653021823269976,2.669176275539675e-10,0.03129049455317995,0.4359685892729551,0.4192664766708813,0.3264915688341213
SR-U-UN-G1-C4-P_water_1cm_D300m.i,300.0,8.6518,1.0,C4,P,water,1.13833e-10,0.0321,1.11927e-10,0.0325,9.56508e-11,0.033,,1.1442220699558352e-10,0.03196368506084812,1.1249619637027032e-10,0.032289418676193546,9.600242653350917e-11,0.03287784899218035,0.5176064898434756,0.5085425056244876,0.36761483804544576
SR-U-UN-G1-C4-P_water_1cm_D500m.i,500.0,8.6518,1.0,C4,P,water,2.03983e-11,0.032,2.00314e-11,0.0323,1.70575e-11,0.0328,,2.051740604161534e-11,0.03201373149399235,2.0145258214239387e-11,0.03233395464538277,1.7119137741277816e-11,0.032811457788587774,0.5839018036568728,0.5683986852610671,0.36135272623663883
SR-U-UN-G1-C4-P_water_1cm_D700m.i,700.0,8.6518,1.0,C4,P,water,5.08452e-12,0.0501,4.99088e-12,0.0505,4.25586e-12,0.0514,,5.117380692940312e-12,0.0500391694050277,5.023051882194336e-12,0.050503599392116315,4.271030720079688e-12,0.051190683029079136,0.646288989723936,0.644613418762544,0.3564666149659159
SR-U-UN-G1-C4-P_water_1cm_D1000m.i,1000.0,8.6518,1.0,C4,P,water,8.39087e-13,0.0685,8.23682e-13,0.0689,7.03122e-13,0.0695,,8.447108004909218e-13,0.06850205419656727,8.291355629487374e-13,0.06882803033748927,7.044611770469668e-13,0.06929489762925428,0.6702285330271832,0.6620956811897531,0.19046154820454655
SR-U-UN-G1-C4-P_water_1cm_D1200m.i,1200.0,8.6518,1.0,C4,P,water,2.53387e-13,0.0717,2.48593e-13,0.0715,2.12223e-13,0.0716,,2.550488468674395e-13,0.07237914910708218,2.50201060621347e-13,0.07210856995871379,2.126358709845023e-13,0.07099075908277083,0.6558532471829761,0.6468648036537582,0.19454582420487812
SR-U-UN-G1-C4-P_water_5cm_D1m.i,1.0,8.6518,5.0,C4,P,water,6.07121e-06,0.0044,6.01532e-06,0.0043,5.2007e-06,0.0043,,6.087242208966759e-06,0.0042081361667481035,6.030741046360602e-06,0.004191500042372247,5.2142988080568555e-06,0.0041737401116496925,0.2640694188927547,0.25636285950874793,0.2614803402783371
SR-U-UN-G1-C4-P_water_5cm_D2m.i,2.0,8.6518,5.0,C4,P,water,2.01315e-06,0.0075,1.99243e-06,0.0074,1.72054e-06,0.0075,,2.0195037256518835e-06,0.007342626621306073,1.9985012972117616e-06,0.0073002215574314395,1.7259620972179383e-06,0.007313708865585146,0.31561113935293234,0.30471821904716384,0.3151392712717164
SR-U-UN-G1-C4-P_water_5cm_D5m.i,5.0,8.6518,5.0,C4,P,water,3.79574e-07,0.0095,3.755e-07,0.0095,3.23748e-07,0.0095,,3.80899264454324e-07,0.009333088668715461,3.7676150071188633e-07,0.00931238314163428,3.248470210061931e-07,0.009257120513819153,0.34914521393035697,0.33595225349835955,0.33946804495874994
SR-U-UN-G1-C4-P_water_5cm_D10m.i,10.0,8.6518,5.0,C4,P,water,9.643e-08,0.0115,9.5375e-08,0.0116,8.22609e-08,0.0116,,9.679404841698451e-08,0.011556434889869715,9.571882751324934e-08,0.011582697162196797,8.256116063919873e-08,0.011584010503462567,0.3775260987084076,0.36050066919982343,0.36501015573464723
SR-U-UN-G1-C4-P_water_5cm_D20m.i,20.0,8.6518,5.0,C4,P,water,2.59275e-08,0.0119,2.56327e-08,0.0119,2.20908e-08,0.0119,,2.604330666987371e-08,0.01186202415895194,2.574212568452767e-08,0.011866323480377418,2.218085805036864e-08,0.011877825722240436,0.44665575112799266,0.42689878369298684,0.4076722000499618
SR-U-UN-G1-C4-P_water_5cm_D50m.i,50.0,8.6518,5.0,C4,P,water,4.65254e-09,0.0514,4.59203e-09,0.0518,3.94229e-09,0.0523,,4.677337822786384e-09,0.05115351306351784,4.615846510480494e-09,0.051585779341343355,3.961393910784828e-09,0.052175396407282755,0.5329953699781946,0.5186488433327633,0.484589180015373
SR-U-UN-G1-C4-P_water_5cm_D100m.i,100.0,8.6518,5.0,C4,P,water,1.19504e-09,0.0393,1.17716e-09,0.0397,1.00927e-09,0.0403,,1.203484548626906e-09,0.03925069185114427,1.185333052594614e-09,0.03958371393091538,1.0158245652032475e-09,0.0401886230017017,0.7066331358704361,0.6943026092131769,0.6494362463213501
SR-U-UN-G1-C4-P_water_5cm_D200m.i,200.0,8.6518,5.0,C4,P,water,2.44867e-10,0.0258,2.40822e-10,0.0261,2.05714e-10,0.0265,,2.464130012902661e-10,0.02569707574296433,2.423011672442952e-10,0.025964625687145304,2.0679684555913908e-10,0.026390763523145375,0.6313636750832597,0.6142159953389641,0.5263839890037072
SR-U-UN-G1-C4-P_water_5cm_D300m.i,300.0,8.6518,5.0,C4,P,water,8.07822e-11,0.0292,7.93618e-11,0.0294,6.77419e-11,0.0298,,8.128329637215199e-11,0.028872620756368112,7.984489554161399e-11,0.029062186559266744,6.806041493751128e-11,0.02947948507739031,0.6203054288593195,0.6087255349727255,0.4701889635680152
SR-U-UN-G1-C4-P_water_5cm_D500m.i,500.0,8.6518,5.0,C4,P,water,1.47647e-11,0.0473,1.45081e-11,0.0479,1.23661e-11,0.0487,,1.4861622604312943e-11,0.046827365232929956,1.4603179226741896e-11,0.047363511797704254,1.2420924797193371e-11,0.04814758775499327,0.6564481791905108,0.6553527115328385,0.44334751613985357
SR-U-UN-G1-C4-P_water_5cm_D700m.i,700.0,8.6518,5.0,C4,P,water,3.57959e-12,0.0498,3.50624e-12,0.0498,2.98081e-12,0.05,,3.614033891732894e-12,0.050218620393902756,3.5393367707653586e-12,0.05015889845273467,2.9938440792654538e-12,0.0497824680539663,0.9622300803414315,0.9439391132768665,0.4372663559721582
SR-U-UN-G1-C4-P_water_5cm_D1000m.i,1000.0,8.6518,5.0,C4,P,water,6.14078e-13,0.0777,6.02934e-13,0.0781,5.14173e-13,0.0783,,6.17596518280325e-13,0.07775812876205462,6.063792902082605e-13,0.07812733838291544,5.159770652449044e-13,0.07827722867234609,0.5729757914019087,0.571420787061348,0.35086736271728103
SR-U-UN-G1-C4-P_water_5cm_D1200m.i,1200.0,8.6518,5.0,C4,P,water,2.66626e-13,0.1676,2.61991e-13,0.1683,2.23856e-13,0.1707,,2.6845977819684023e-13,0.16642929575872534,2.6374050366618966e-13,0.1670990012222177,2.2451274947701762e-13,0.1699692194264339,0.6877717090007072,0.6677724296596694,0.2933803324537286
SR-U-UN-G1-C4-P_water_10cm_D1m.i,1.0,8.6518,10.0,C4,P,water,6.53163e-06,0.0127,6.48067e-06,0.0126,5.59493e-06,0.0125,,6.590581954218082e-06,0.012477028100466359,6.53666016710944e-06,0.012361382190163745,5.645335990757756e-06,0.012255899088169226,0.9025611404516476,0.8639564598944184,0.9009226345594313
SR-U-UN-G1-C4-P_water_10cm_D2m.i,2.0,8.6518,10.0,C4,P,water,2.08756e-06,0.018,2.0697e-06,0.0179,1.78659e-06,0.0179,,2.1039620776469545e-06,0.017772411259863324,2.085150729980471e-06,0.017752015183271713,1.8006496664861604e-06,0.017693349189955274,0.7857056873553162,0.7465202676944062,0.7869554002966828
SR-U-UN-G1-C4-P_water_10cm_D5m.i,5.0,8.6518,10.0,C4,P,water,3.75663e-07,0.02,3.71833e-07,0.0198,3.20618e-07,0.0197,,3.787681271663879e-07,0.01987467831426473,3.747714652070663e-07,0.019730170670667783,3.232578474254969e-07,0.019603204454123543,0.8265725308023169,0.7902647712995615,0.8233622022147518
SR-U-UN-G1-C4-P_water_10cm_D10m.i,10.0,8.6518,10.0,C4,P,water,9.56716e-08,0.0277,9.46593e-08,0.0275,8.15048e-08,0.0272,,9.648848732875302e-08,0.027543891093300132,9.544129329910968e-08,0.027399978422106498,8.21805169191396e-08,0.027082277771145462,0.8538451627787367,0.8261135452191969,0.8290516866977068
SR-U-UN-G1-C4-P_water_10cm_D20m.i,20.0,8.6518,10.0,C4,P,water,2.5677e-08,0.0168,2.54214e-08,0.0168,2.18935e-08,0.0167,,2.5904966422968842e-08,0.016750109201410682,2.5637468317765873e-08,0.016711370241716473,2.208254270345335e-08,0.016612585953186137,0.8878234333015664,0.8499465716517234,0.8634649711254541
SR-U-UN-G1-C4-P_water_10cm_D50m.i,50.0,8.6518,10.0,C4,P,water,4.61753e-09,0.058,4.56205e-09,0.0581,3.92512e-09,0.0588,,4.6566654882354395e-09,0.05735945242515838,4.599405715511855e-09,0.05747362899463725,3.95638563184901e-09,0.05822018415492521,0.8475416128414799,0.8188361704026658,0.7965522544281519
SR-U-UN-G1-C4-P_water_10cm_D100m.i,100.0,8.6518,10.0,C4,P,water,1.09093e-09,0.0449,1.07735e-09,0.0453,9.24891e-10,0.046,,1.1018453352474286e-09,0.044415988211434644,1.0878702594680983e-09,0.04483192545304005,9.334192354773102e-10,0.04547355534272313,1.0005532204108916,0.976494126151971,0.9220800588729012
SR-U-UN-G1-C4-P_water_10cm_D200m.i,200.0,8.6518,10.0,C4,P,water,2.0122e-10,0.0235,1.98278e-10,0.0238,1.69529e-10,0.0241,,2.0310050241548514e-10,0.023366438107547908,2.0008119031880425e-10,0.0235787564001,1.7091786161257423e-10,0.023958480432030877,0.934550449997582,0.9094253113327001,0.8192472158593678
SR-U-UN-G1-C4-P_water_10cm_D300m.i,300.0,8.6518,10.0,C4,P,water,6.50426e-11,0.0254,6.40541e-11,0.0256,5.46613e-11,0.026,,6.562996921878596e-11,0.025218317526846497,6.461888498206433e-11,0.025475262166965572,5.5104542242986516e-11,0.025817670929403916,0.9030531048665921,0.8817311960738377,0.8108885865987692
SR-U-UN-G1-C4-P_water_10cm_D500m.i,500.0,8.6518,10.0,C4,P,water,1.16239e-11,0.0513,1.14323e-11,0.0522,9.75803e-12,0.053,,1.1699378006199548e-11,0.050505814918280205,1.1504330779479932e-11,0.05128063863595537,9.799313471005086e-12,0.05212025283499043,0.6493346140241011,0.6300637621470075,0.42307177785972344
SR-U-UN-G1-C4-P_water_10cm_D700m.i,700.0,8.6518,10.0,C4,P,water,2.95397e-12,0.058,2.90802e-12,0.0587,2.48028e-12,0.0595,,2.9766641034168067e-12,0.058088545264328766,2.9298541403933506e-12,0.05882458590411116,2.494839605029131e-12,0.05951493242089207,0.7682577486164911,0.7508249734647849,0.5870145721100424
SR-U-UN-G1-C4-P_water_10cm_D1000m.i,1000.0,8.6518,10.0,C4,P,water,5.39932e-13,0.088,5.28908e-13,0.0878,4.50138e-13,0.0877,,5.43534368467791e-13,0.08822648173646275,5.323806956680349e-13,0.0880166932786495,4.507650844975714e-13,0.08725049901795656,0.6671892882420221,0.656578397005711,0.1393093890254581
SR-U-UN-G1-C4-P_water_10cm_D1200m.i,1200.0,8.6518,10.0,C4,P,water,1.90583e-13,0.0921,1.87024e-13,0.0922,1.59216e-13,0.0921,,1.9097609583781245e-13,0.09168161749897574,1.8743238079965617e-13,0.09174454223957161,1.593930536277321e-13,0.09172612213563394,0.2062596547501372,0.21835742987860737,0.11120341406147258
SR-U-UN-G1-C4-P_water_20cm_D1m.i,1.0,8.6518,20.0,C4,P,water,7.00489e-06,0.0079,6.96755e-06,0.0079,6.01666e-06,0.0078,,7.112129606730301e-06,0.007270162630634081,7.06943191659968e-06,0.007237321530040662,6.1082501526274626e-06,0.007181235769112147,1.5309249214520302,1.462234452564814,1.5222756916206415
SR-U-UN-G1-C4-P_water_20cm_D2m.i,2.0,8.6518,20.0,C4,P,water,2.09918e-06,0.0147,2.08488e-06,0.0146,1.79861e-06,0.0146,,2.1286883521905326e-06,0.014624324187080293,2.1130121677374367e-06,0.014576452446271647,1.8238454464515206e-06,0.014552116401688435,1.4057085238299027,1.3493422996736852,1.4030527157927772
SR-U-UN-G1-C4-P_water_20cm_D5m.i,5.0,8.6518,20.0,C4,P,water,3.49904e-07,0.0167,3.4712e-07,0.0167,2.99415e-07,0.0168,,3.5429912595186544e-07,0.01656623701860824,3.512785517697282e-07,0.016600161834529475,3.0313418733678473e-07,0.016642914725440237,1.2560948008212143,1.198015605475977,1.242151307310838
SR-U-UN-G1-C4-P_water_20cm_D10m.i,10.0,8.6518,20.0,C4,P,water,8.14807e-08,0.0135,8.08777e-08,0.0135,6.97168e-08,0.0134,,8.256402259165526e-08,0.01346117926555287,8.190924157864145e-08,0.01346743775123301,7.062497819919357e-08,0.013391850681081261,1.3295450231223678,1.2754338694614797,1.3026676485345992
SR-U-UN-G1-C4-P_water_20cm_D20m.i,20.0,8.6518,20.0,C4,P,water,2.0078e-08,0.0171,1.99068e-08,0.0171,1.71524e-08,0.0172,,2.033635842236024e-08,0.016943613596749032,2.0151794594353538e-08,0.016973613773632414,1.737239004891743e-08,0.017047992729261073,1.2867736943930683,1.23070807138032,1.282561326213424
SR-U-UN-G1-C4-P_water_20cm_D50m.i,50.0,8.6518,20.0,C4,P,water,3.11923e-09,0.0337,3.08767e-09,0.0338,2.65647e-09,0.0343,,3.154267257219764e-09,0.033126255335013385,3.1205085858115467e-09,0.03323197028451423,2.6856789060533956e-09,0.03363926252475295,1.1232662297991418,1.0635393617694495,1.0995383367173586
SR-U-UN-G1-C4-P_water_20cm_D100m.i,100.0,8.6518,20.0,C4,P,water,7.51902e-10,0.0474,7.43274e-10,0.0477,6.38561e-10,0.0483,,7.610560573856434e-10,0.04681768676709946,7.519968787977985e-10,0.047078944490848845,6.459340759890884e-10,0.047710193720103544,1.2174535226191,1.173575128122133,1.1546392575005975
SR-U-UN-G1-C4-P_water_20cm_D200m.i,200.0,8.6518,20.0,C4,P,water,1.30547e-10,0.0223,1.2874e-10,0.0224,1.1002e-10,0.0227,,1.3201964373668618e-10,0.022078644981775298,1.3014570617565279e-10,0.02222086762393404,1.1121294261008824e-10,0.02248983283300838,1.1280563603040878,1.0918954292782144,1.0842961371461917
SR-U-UN-G1-C4-P_water_20cm_D300m.i,300.0,8.6518,20.0,C4,P,water,4.5964e-11,0.0351,4.52857e-11,0.0355,3.87274e-11,0.0361,,4.6360254300962906e-11,0.034658507009759636,4.566604753091196e-11,0.035038946824294294,3.9025908068211895e-11,0.035590651102278305,0.8620970780674194,0.8398844026082385,0.7707929481759466
SR-U-UN-G1-C4-P_water_20cm_D500m.i,500.0,8.6518,20.0,C4,P,water,7.91885e-12,0.0937,7.80746e-12,0.0948,6.67379e-12,0.097,,7.97604759069588e-12,0.09210362927861533,7.862742566570083e-12,0.09329469993888849,6.716338282210975e-12,0.09550466578604946,0.7222966806528645,0.7080736445666328,0.6375430184494137
SR-U-UN-G1-C4-P_water_20cm_D700m.i,700.0,8.6518,20.0,C4,P,water,2.12809e-12,0.0652,2.09101e-12,0.065,1.78486e-12,0.0653,,2.1496990091193664e-12,0.06582440796844917,2.111612104059333e-12,0.06556330164979826,1.7924031550746314e-12,0.06475552759313433,1.0154180095468863,0.9852704702193127,0.42261886504439966
SR-U-UN-G1-C4-P_water_20cm_D1000m.i,1000.0,8.6518,20.0,C4,P,water,2.65324e-13,0.0788,2.60503e-13,0.0792,2.2193e-13,0.0794,,2.666632588409384e-13,0.07856244659652009,2.6175878066395323e-13,0.07891738161795453,2.2280870597522803e-13,0.07905616713113195,0.5047635498252662,0.4820599624392862,0.395938347779947
SR-U-UN-G1-C4-P_water_20cm_D1200m.i,1200.0,8.6518,20.0,C4,P,water,1.3611e-13,0.1595,1.33235e-13,0.1588,1.12919e-13,0.1568,,1.3737028744031985e-13,0.15941391366133714,1.3443950281354304e-13,0.15863403824559544,1.1346209815710534e-13,0.15653944009452958,0.9259330249943862,0.9040438424911114,0.48096259894733007
SR-U-UN-G1-C4-P_steel_5cm_D500m.i,500.0,8.6518,5.0,C4,P,steel,1.93923e-11,0.0335,1.90352e-11,0.0338,1.62211e-11,0.0343,,1.9482234080181745e-11,0.033266908710588496,1.9121594404789496e-11,0.03353029612876466,1.6281961220962804e-11,0.03403010475122049,0.46376180330205824,0.4538665461329253,0.3751978655134719
SR-U-UN-G1-C4-P_steel_5cm_D700m.i,700.0,8.6518,5.0,C4,P,steel,4.61034e-12,0.0312,4.52169e-12,0.0312,3.84703e-12,0.0311,,4.634330503592862e-12,0.0311355727985126,4.544697605401351e-12,0.031125013339825293,3.8611542462391765e-12,0.031063739209135476,0.5203630012724071,0.5088275711371415,0.36714676618526165
SR-U-UN-G1-C4-P_steel_5cm_D1000m.i,1000.0,8.6518,5.0,C4,P,steel,6.60019e-13,0.0427,6.47309e-13,0.0428,5.50879e-13,0.043,,6.630009462558915e-13,0.042623202588504286,6.502290691765695e-13,0.04275346814800284,5.528051535870236e-13,0.042917163279681585,0.45179703249323544,0.4511090030525638,0.349650937324451
SR-U-UN-G1-C4-P_steel_5cm_D1200m.i,1200.0,8.6518,5.0,C4,P,steel,2.07719e-13,0.0616,2.03409e-13,0.0614,1.72517e-13,0.061,,2.0907439068776924e-13,0.06170389449331341,2.0468221181135051e-13,0.06146860029615379,1.7300566244057412e-13,0.06093463858931491,0.6525116565019289,0.6259368127027426,0.2832546592939405
SR-U-UN-G1-C4-P_steel_10cm_D20m.i,20.0,8.6518,10.0,C4,P,steel,1.23283e-08,0.0206,1.21332e-08,0.0206,1.03917e-08,0.0205,,1.2378459722564454e-08,0.020496258829490605,1.218108753807345e-08,0.020467444498282267,1.0433766396328785e-08,0.020407133634949098,0.406866498742364,0.3946818487575529,0.40480764772640476
SR-U-UN-G1-C4-P_steel_10cm_D50m.i,50.0,8.6518,10.0,C4,P,steel,2.5269e-09,0.0396,2.48524e-09,0.0399,2.12825e-09,0.0406,,2.5384969091208803e-09,0.03990263901177975,2.496490946281985e-09,0.040245986418330756,2.1380025660903163e-09,0.040872925898744,0.45893818991175866,0.4527106549864439,0.4582434436892434
SR-U-UN-G1-C4-P_steel_10cm_D100m.i,100.0,8.6518,10.0,C4,P,steel,7.77105e-10,0.0214,7.6396e-10,0.0215,6.5327e-10,0.0214,,7.809354141009156e-10,0.02105764336137698,7.675927550265777e-10,0.0211717782085328,6.56124804767722e-10,0.02112021688463734,0.4929081785493134,0.47551639177152105,0.4370022758923639
SR-U-UN-G1-C4-P_steel_10cm_D200m.i,200.0,8.6518,10.0,C4,P,steel,1.95142e-10,0.0119,1.91762e-10,0.0119,1.63816e-10,0.012,,1.9613241578855754e-10,0.011861226572857982,1.9271452354435573e-10,0.011876581183612933,1.6454847611122034e-10,0.011898392423729037,0.5075359423176636,0.4967217406763168,0.44713343703932545
SR-U-UN-G1-C4-P_steel_10cm_D300m.i,300.0,8.6518,10.0,C4,P,steel,6.95024e-11,0.0133,6.82641e-11,0.0132,5.82463e-11,0.0131,,6.982189555294779e-11,0.013218917182953652,6.857093693843785e-11,0.01315986045668914,5.84708195448535e-11,0.013003161563968416,0.4596899573939802,0.44948507112502506,0.38546576323903076
SR-U-UN-G1-C4-P_steel_10cm_D500m.i,500.0,8.6518,10.0,C4,P,steel,1.39445e-11,0.0258,1.36884e-11,0.0259,1.16627e-11,0.0261,,1.4012173328747448e-11,0.025728015960027672,1.375303925990547e-11,0.025834512570721457,1.1707522541139827e-11,0.026037021891207397,0.4853048065362531,0.47221925064630516,0.38432387988910793
SR-U-UN-G1-C4-P_steel_10cm_D700m.i,700.0,8.6518,10.0,C4,P,steel,3.12648e-12,0.0259,3.06613e-12,0.0258,2.60975e-12,0.0256,,3.141381443183339e-12,0.02578058120497574,3.0802789322680564e-12,0.02571557674221922,2.618941525193294e-12,0.025497521492025763,0.4766204544196467,0.46145898145403036,0.352199451797837
SR-U-UN-G1-C4-P_steel_10cm_D1000m.i,1000.0,8.6518,10.0,C4,P,steel,4.72219e-13,0.0403,4.62981e-13,0.0403,3.93402e-13,0.0402,,4.743670114730741e-13,0.04015731788252361,4.650159818363538e-13,0.04015248696528957,3.9446294557466905e-13,0.040070543582531065,0.45487612168804314,0.4395389522148454,0.2696848451886458
SR-U-UN-G1-C4-P_steel_10cm_D1200m.i,1200.0,8.6518,10.0,C4,P,steel,1.50543e-13,0.0871,1.47321e-13,0.0869,1.24554e-13,0.0864,,1.5141268430063904e-13,0.0871265042055672,1.481421428257335e-13,0.08694043434085504,1.251013598625922e-13,0.08651553759696574,0.577698266036307,0.5573834183405627,0.43945586861296887
SR-U-UN-G1-C4-P_steel_20cm_D1m.i,1.0,8.6518,20.0,C4,P,steel,9.19432e-07,0.0272,9.05681e-07,0.0275,7.74391e-07,0.0277,,9.254211602658364e-07,0.022604279713813173,9.115841582225452e-07,0.02280001951820471,7.797584739628247e-07,0.022919600606613327,0.6513978484364702,0.6517922118875457,0.6931219452220811
SR-U-UN-G1-C4-P_steel_20cm_D2m.i,2.0,8.6518,20.0,C4,P,steel,3.60834e-07,0.0273,3.55147e-07,0.0272,3.03655e-07,0.0274,,3.6209465555443397e-07,0.026336810676928567,3.5636797645468255e-07,0.026313713567521706,3.047924750901732e-07,0.026428731400373096,0.34937271832310285,0.34379466944181475,0.37459455308598344
SR-U-UN-G1-C4-P_steel_20cm_D5m.i,5.0,8.6518,20.0,C4,P,steel,7.51734e-08,0.0189,7.40268e-08,0.0189,6.33413e-08,0.0188,,7.557489739380128e-08,0.01870607554806118,7.441318054398474e-08,0.0186605215363951,6.368518506716036e-08,0.01855473768039113,0.5340950306907519,0.5219468408532382,0.5429081297042452
SR-U-UN-G1-C4-P_steel_20cm_D10m.i,10.0,8.6518,20.0,C4,P,steel,2.00493e-08,0.0205,1.97374e-08,0.0203,1.68891e-08,0.0201,,2.0163009178248928e-08,0.020805420014694043,1.9845524968394317e-08,0.020554394246165862,1.6983571695663283e-08,0.02031871333690829,0.5671478717408021,0.5478176882178961,0.5593648901556891
SR-U-UN-G1-C4-P_steel_20cm_D20m.i,20.0,8.6518,20.0,C4,P,steel,5.83743e-09,0.0165,5.74501e-09,0.0164,4.91104e-09,0.0163,,5.863611389170249e-09,0.016403022181122637,5.770293518707218e-09,0.01634151617287202,4.932512479528861e-09,0.01620159051426095,0.4485088330009803,0.44009529499892475,0.4372287647598331
SR-U-UN-G1-C4-P_steel_20cm_D50m.i,50.0,8.6518,20.0,C4,P,steel,1.31769e-09,0.0143,1.29614e-09,0.0142,1.10924e-09,0.0141,,1.3239364745234122e-09,0.01419620859348029,1.3021088522545763e-09,0.014126061685891466,1.1142899161872883e-09,0.014001710504500832,0.4740473497872948,0.4605098411110123,0.45525911320258455
SR-U-UN-G1-C4-P_steel_20cm_D100m.i,100.0,8.6518,20.0,C4,P,steel,4.26768e-10,0.015,4.19947e-10,0.0149,3.59201e-10,0.0147,,4.289896952349686e-10,0.01490233017467306,4.220695318620132e-10,0.014826294967710348,3.6093265581143994e-10,0.014624762591395241,0.5205861814776611,0.5054285093150257,0.482085465084985
SR-U-UN-G1-C4-P_steel_20cm_D200m.i,200.0,8.6518,20.0,C4,P,steel,1.13759e-10,0.0115,1.11809e-10,0.0114,9.54989e-11,0.0112,,1.1431420955743023e-10,0.011413327123633325,1.1234044987160973e-10,0.011324739920556251,9.58985088446586e-11,0.011120456490256418,0.4880576986701993,0.4753194032767702,0.41844340056125223
SR-U-UN-G1-C4-P_steel_20cm_D300m.i,300.0,8.6518,20.0,C4,P,steel,4.06679e-11,0.0126,3.99622e-11,0.0125,3.41187e-11,0.0124,,4.0876550920999274e-11,0.012490880817168266,4.0161235084226964e-11,0.012444667958409676,3.426495868892007e-11,0.012320258831860697,0.5130604752133027,0.4980583757324756,0.4286760307985563
SR-U-UN-G1-C4-P_steel_20cm_D500m.i,500.0,8.6518,20.0,C4,P,steel,7.45972e-12,0.0188,7.32414e-12,0.0187,6.24351e-12,0.0185,,7.499292561779983e-12,0.01874756900134403,7.36215110470668e-12,0.018655741344562722,6.270161880620335e-12,0.01842017960585501,0.5304832055356444,0.5189838630430315,0.4268733552174077
SR-U-UN-G1-C4-P_steel_20cm_D700m.i,700.0,8.6518,20.0,C4,P,steel,1.70767e-12,0.028,1.67489e-12,0.0278,1.42485e-12,0.0273,,1.7153674700237082e-12,0.02790366316019559,1.6822904723726978e-12,0.027695840681671094,1.4297054410698944e-12,0.027187509662273648,0.450758637424579,0.4418482630320733,0.34076857703579067
SR-U-UN-G1-C4-P_steel_20cm_D1000m.i,1000.0,8.6518,20.0,C4,P,steel,2.06326e-13,0.0395,2.02126e-13,0.0392,1.71704e-13,0.0388,,2.074186103195747e-13,0.039463191523230315,2.0316687445250273e-13,0.03919331231550376,1.7218762812749196e-13,0.03855938861605719,0.5295553248619622,0.5149631677778848,0.2816638677561125
SR-U-UN-G1-C4-P_steel_20cm_D1200m.i,1200.0,8.6518,20.0,C4,P,steel,5.5402e-14,0.0393,5.42716e-14,0.0392,4.60408e-14,0.0388,,5.560025315902208e-14,0.03898194732851543,5.4464557077339105e-14,0.03885563325622428,4.61316269120441e-14,0.0385123702448129,0.35784476918175906,0.355539688048821,0.1972748345904137
SR-U-UN-G1-C4-P_lead_10cm_D1000m.i,1000.0,8.6518,10.0,C4,P,lead,2.93491e-13,0.0145,2.88451e-13,0.0146,2.46583e-13,0.0147,,2.953217341732213e-13,0.014470312594222691,2.9021401934949903e-13,0.014506571166796836,2.474741145049355e-13,0.014548654597122889,0.6237786416691715,0.6112023704195887,0.3613852150941062
SR-U-UN-G1-C4-P_lead_10cm_D1200m.i,1200.0,8.6518,10.0,C4,P,lead,8.07174e-14,0.0208,7.93003e-14,0.0208,6.77773e-14,0.0209,,8.122948817271596e-14,0.02084339932057972,7.979687830974149e-14,0.020873065083626487,6.800541105636427e-14,0.020918039113380197,0.6344210451723709,0.6261997870644838,0.33655966874495047
SR-U-UN-G1-C4-P_lead_20cm_D100m.i,100.0,8.6518,20.0,C4,P,lead,4.33352e-10,0.0083,4.27636e-10,0.0083,3.67496e-10,0.0083,,4.3605082874396283e-10,0.00817942647599269,4.302115930797523e-10,0.00816235671064081,3.695950461324226e-10,0.008129596150297215,0.6227798057843973,0.6022863088590056,0.5711752324984826
SR-U-UN-G1-C4-P_lead_20cm_D200m.i,200.0,8.6518,20.0,C4,P,lead,1.20097e-10,0.0072,1.184e-10,0.0072,1.01693e-10,0.0073,,1.207840732909183e-10,0.006877883378897765,1.1905487286865107e-10,0.006873799816155508,1.0217334127342147e-10,0.0068446307114883335,0.572098629373168,0.5531020850093474,0.47234448135217433
SR-U-UN-G1-C4-P_lead_20cm_D300m.i,300.0,8.6518,20.0,C4,P,lead,4.388e-11,0.0081,4.32245e-11,0.0081,3.70733e-11,0.008,,4.415238420486026e-11,0.007685664748878791,4.348574649267128e-11,0.007685671328292552,3.7258588996735224e-11,0.007649368826800311,0.6207479600279336,0.6043944815354177,0.4997909458700037
SR-U-UN-G1-C4-P_lead_20cm_D500m.i,500.0,8.6518,20.0,C4,P,lead,7.96357e-12,0.0096,7.83635e-12,0.0096,6.71114e-12,0.0096,,8.013339635369786e-12,0.009244382355497866,7.884510341663419e-12,0.009258750975830017,6.74278586129279e-12,0.009264843252745483,0.6249663827879463,0.6145761950834099,0.4715422609689245
SR-U-UN-G1-C4-P_lead_20cm_D700m.i,700.0,8.6518,20.0,C4,P,lead,1.74362e-12,0.0176,1.71521e-12,0.0177,1.46904e-12,0.0181,,1.754389450601389e-12,0.01728620815615044,1.7256261377859696e-12,0.01747352004258017,1.4756426132583134e-12,0.01779682379114381,0.6176489488184944,0.6072806120515674,0.44945088345541784
SR-U-UN-G1-C4-P_lead_20cm_D1000m.i,1000.0,8.6518,20.0,C4,P,lead,2.00161e-13,0.0154,1.96717e-13,0.0155,1.68114e-13,0.0155,,2.015207440004641e-13,0.015183993901477877,1.9803249343494725e-13,0.015215807216637924,1.6883453523745553e-13,0.015250081222118239,0.6793251434915416,0.6687238189618808,0.4285991871322707
SR-U-UN-G1-C4-P_lead_20cm_D1200m.i,1200.0,8.6518,20.0,C4,P,lead,5.27911e-14,0.0234,5.18667e-14,0.0235,4.43109e-14,0.0236,,5.312736997785974e-14,0.023161731371184463,5.219090813895977e-14,0.023258260497663014,4.446187125977044e-14,0.02334760322984573,0.6369823281949786,0.6250795577119267,0.3407090800919064
SR-U-UN-G1-C4-P_concrete_20cm_D1200m.i,1200.0,8.6518,20.0,C4,P,concrete,1.44299e-13,0.1056,1.41906e-13,0.1065,1.21399e-13,0.1083,,1.448363359162177e-13,0.1047805211544714,1.4245659371324278e-13,0.10573156849538945,1.2173219114990946e-13,0.10751277640913198,0.3723767428864279,0.3879988959189636,0.2744595506630769
SR-U-UN-G1-C4-P_concrete_40cm_D1m.i,1.0,8.6518,40.0,C4,P,concrete,,,,,,,File not found,,,,,,,,,
SR-U-UN-G1-C4-P_concrete_40cm_D100m.i,100.0,8.6518,40.0,C4,P,concrete,4.38101e-10,0.0262,4.30967e-10,0.0263,3.69465e-10,0.0264,,4.396771792073618e-10,0.026126757921941475,4.32470333400402e-10,0.026186684748077747,3.706461407009005e-10,0.02629172920757785,0.3597753046356504,0.3488279613989058,0.3196894701529329
SR-U-UN-G1-C4-P_concrete_40cm_D200m.i,200.0,8.6518,40.0,C4,P,concrete,8.59362e-11,0.0231,8.45207e-11,0.0233,7.24118e-11,0.0235,,8.634236127862382e-11,0.02314191702093251,8.491649592407916e-11,0.023275894819814836,7.272843849149809e-11,0.023478060874848255,0.4726311829285101,0.468282827850648,0.43727471420139075
SR-U-UN-G1-C4-P_concrete_40cm_D300m.i,300.0,8.6518,40.0,C4,P,concrete,2.96112e-11,0.0405,2.91122e-11,0.0404,2.48958e-11,0.0402,,2.969374823238006e-11,0.04042315420935835,2.919188576661556e-11,0.04037272727659559,2.495607875727418e-11,0.04017151004393007,0.27877368151258647,0.27371949428610687,0.24212420277388058
SR-U-UN-G1-C4-P_concrete_40cm_D500m.i,500.0,8.6518,40.0,C4,P,concrete,4.9705e-12,0.0813,4.88553e-12,0.0813,4.16968e-12,0.0809,,4.9935589279473e-12,0.08174961815557152,4.908166931373133e-12,0.08179040568707138,4.1867199143064576e-12,0.08131800603653472,0.46391566134794776,0.46334648181739185,0.4086623987082437
SR-U-UN-G1-C4-P_concrete_40cm_D700m.i,700.0,8.6518,40.0,C4,P,concrete,1.18511e-12,0.0674,1.16416e-12,0.0674,9.9434e-13,0.0674,,1.1890221278252438e-12,0.06734952002777432,1.1679601741152678e-12,0.06732101069400041,9.965612399772069e-13,0.06716219751565174,0.3301067264004024,0.3264305692746595,0.22338837592844363
SR-U-UN-G1-C4-P_concrete_40cm_D1000m.i,1000.0,8.6518,40.0,C4,P,concrete,1.88144e-13,0.0876,1.84502e-13,0.0876,1.57017e-13,0.0876,,1.883825012822832e-13,0.08714208166970981,1.8473802659658472e-13,0.08712510748135245,1.569025242617971e-13,0.08690023968018135,0.1267652873773293,0.12792630789082712,-0.07290658858779832
SR-U-UN-G1-C4-P_concrete_40cm_D1200m.i,1200.0,8.6518,40.0,C4,P,concrete,6.01614e-14,0.1194,5.90797e-14,0.1194,5.04282e-14,0.1195,,6.032014526845228e-14,0.11912455226739133,5.923797086572263e-14,0.1191382570438495,5.053587000435614e-14,0.11927762529206931,0.2638656488251111,0.26789382092771635,0.21351149625831597
SR-U-UN-G1-C4-N_water_1cm_D1m.i,1.0,8.6518,1.0,C4,N,water,0.000117627,0.0208,0.0014946,0.0263,0.00119463,0.0185,,0.00011762401239776884,0.0205513596162455,0.001494468296154644,0.026046887442620403,0.0011945081861695795,0.01833652701012295,-0.002539894948574632,-0.00881197948320058,-0.010196783139585809
SR-U-UN-G1-C4-N_water_1cm_D2m.i,2.0,8.6518,1.0,C4,N,water,3.45051e-05,0.0207,0.000435958,0.0236,0.000348644,0.0204,,3.451125700390555e-05,0.020641921109045808,0.0004360300660644554,0.02356267216958341,0.000348718109489732,0.02040462565022402,0.017843750360234868,0.01653050625413183,0.021256493653118304
SR-U-UN-G1-C4-N_water_1cm_D5m.i,5.0,8.6518,1.0,C4,N,water,6.14571e-06,0.0316,7.67566e-05,0.0336,6.14543e-05,0.0294,,6.146639470916181e-06,0.03152642289857954,7.677519520595338e-05,0.03348506008934394,6.146009432295511e-05,0.029323253189574055,0.015123898071681696,0.024226198077278407,0.009428669686426194
SR-U-UN-G1-C4-N_water_1cm_D10m.i,10.0,8.6518,1.0,C4,N,water,1.57828e-06,0.0385,1.97434e-05,0.0413,1.57411e-05,0.037,,1.5792040558729448e-06,0.03838743535901794,1.975522672154947e-05,0.041183231494769885,1.5750774105708547e-05,0.0369309587264933,0.05854828502830427,0.05990215236214651,0.061457621821512466
SR-U-UN-G1-C4-N_water_1cm_D20m.i,20.0,8.6518,1.0,C4,N,water,3.96664e-07,0.0267,4.76424e-06,0.026,3.77282e-06,0.0261,,3.966488814754629e-07,0.026554819932040515,4.763642170621553e-06,0.02588257201101403,3.7726860696227205e-06,0.02600869064542171,-0.0038114183634289965,-0.012548263279088695,-0.0035498745574750776
SR-U-UN-G1-C4-N_water_1cm_D50m.i,50.0,8.6518,1.0,C4,N,water,6.36931e-08,0.0409,7.69762e-07,0.0402,5.88216e-07,0.0452,,6.371812411530525e-08,0.04077376931996478,7.700131132879066e-07,0.04011474258872713,5.882958095298696e-07,0.04512621354280691,0.039288581188922256,0.032622198537539074,0.013568065110375439
SR-U-UN-G1-C4-N_water_1cm_D100m.i,100.0,8.6518,1.0,C4,N,water,1.65737e-08,0.0305,1.9489e-07,0.0305,1.43654e-07,0.0348,,1.6579111994249075e-08,0.030371873711650198,1.9492254161411004e-07,0.030407376820504248,1.436980420754648e-07,0.03470935784804079,0.03265411012070002,0.01669742629690803,0.030658440046780974
SR-U-UN-G1-C4-N_water_1cm_D200m.i,200.0,8.6518,1.0,C4,N,water,3.2288e-09,0.0231,3.75642e-08,0.0234,2.70353e-08,0.0278,,3.229924148442241e-09,0.022945307923535108,3.756751298216203e-08,0.023196842437267155,2.7040914606248598e-08,0.027651563129364367,0.03481629219032583,0.008819520080367392,0.020767686131088623
SR-U-UN-G1-C4-N_water_1cm_D300m.i,300.0,8.6518,1.0,C4,N,water,1.00123e-09,0.0292,1.12719e-08,0.0272,8.12046e-09,0.0344,,1.0012833950550493e-09,0.028957593302189263,1.1271998644329477e-08,0.026991882560729628,8.120600841189924e-09,0.03420517654423845,0.005332945981365207,0.0008751348883290692,0.0017343991587138268
SR-U-UN-G1-C4-N_water_1cm_D500m.i,500.0,8.6518,1.0,C4,N,water,1.42505e-10,0.0285,1.6114e-09,0.032,1.13659e-09,0.0382,,1.425124055603334e-10,0.028238171983376005,1.6109952727826105e-09,0.03170360568444157,1.1363758153252861e-09,0.037956357454687194,0.005196702104078173,-0.025116496052472494,-0.01884449755090056
SR-U-UN-G1-C4-N_water_1cm_D700m.i,700.0,8.6518,1.0,C4,N,water,2.86218e-11,0.0371,3.16981e-10,0.0378,2.28237e-10,0.0519,,2.8627729890622147e-11,0.03673519938774901,3.1698880211771134e-10,0.03744242098644934,2.2823209807644478e-10,0.05149774339974046,0.020718091182763063,0.002461383398803552,-0.0021477339586587875
SR-U-UN-G1-C4-N_water_1cm_D1000m.i,1000.0,8.6518,1.0,C4,N,water,2.79896e-12,0.0261,3.06307e-11,0.0249,2.1495e-11,0.0343,,2.799706182389325e-12,0.025911299364784403,3.0632774281200037e-11,0.02462442454186754,2.1500219774508598e-11,0.03414456640289474,0.026659273063029128,0.006771902699050385,0.024283668334957445
SR-U-UN-G1-C4-N_water_1cm_D1200m.i,1200.0,8.6518,1.0,C4,N,water,6.22266e-13,0.024,6.82357e-12,0.0332,4.66148e-12,0.0341,,6.224671275217086e-13,0.023761104844099726,6.824740253149895e-12,0.03289460174776392,4.661956338523262e-12,0.033777827833104436,0.03232179191994213,0.017150159665616622,0.010218611326504175
SR-U-UN-G1-C4-N_water_5cm_D1m.i,1.0,8.6518,5.0,C4,N,water,8.13958e-05,0.0248,0.000985204,0.0342,0.000797446,0.0255,,8.140188483529348e-05,0.024397132712248616,0.000985355023229629,0.03373674877054121,0.0007975364665723807,0.025165094565318052,0.00747561335287564,0.015329132811990371,0.011344538988304315
SR-U-UN-G1-C4-N_water_5cm_D2m.i,2.0,8.6518,5.0,C4,N,water,2.54696e-05,0.0494,0.000309807,0.0582,0.000249352,0.0537,,2.5463473433067296e-05,0.04784590056756897,0.0003097017003963386,0.056508142579516425,0.0002492672429925271,0.052131676721900534,-0.024054429330280368,-0.03398877483769111,-0.03399090742119413
SR-U-UN-G1-C4-N_water_5cm_D5m.i,5.0,8.6518,5.0,C4,N,water,4.45878e-06,0.0519,4.97221e-05,0.0429,4.01445e-05,0.0378,,4.463791896196129e-06,0.05196796459516343,4.9728102558365326e-05,0.04258070758838754,4.015282234889211e-05,0.03743464002169219,0.11240510175719677,0.012072214096595665,0.020730981559391914
SR-U-UN-G1-C4-N_water_5cm_D10m.i,10.0,8.6518,5.0,C4,N,water,1.0583e-06,0.0433,1.19263e-05,0.0441,9.5367e-06,0.039,,1.0577119135726993e-06,0.043092370740924826,1.1923260222697595e-05,0.04393998257089568,9.533574168099083e-06,0.0388549190965177,-0.05556897168107633,-0.025488016420891053,-0.03277687146410373
SR-U-UN-G1-C4-N_water_5cm_D20m.i,20.0,8.6518,5.0,C4,N,water,2.57697e-07,0.0262,2.82337e-06,0.0263,2.2702e-06,0.0258,,2.5766795782339374e-07,0.02600368360383636,2.823323261830249e-06,0.026196577130011507,2.2702395959838098e-06,0.02571457209942687,-0.011269893171540054,-0.0016554036400058016,0.0017441627966643645
SR-U-UN-G1-C4-N_water_5cm_D50m.i,50.0,8.6518,5.0,C4,N,water,3.99333e-08,0.0372,4.3936e-07,0.0382,3.47232e-07,0.0437,,3.991901362361796e-08,0.037083757812035864,4.3931058285943354e-07,0.038084311380150525,3.4712475395783744e-07,0.043577624116754844,-0.03577559676270846,-0.011247528351795247,-0.030885990393334013
SR-U-UN-G1-C4-N_water_5cm_D100m.i,100.0,8.6518,5.0,C4,N,water,8.74667e-09,0.0291,9.57194e-08,0.0293,7.21678e-08,0.0337,,8.74911951104298e-09,0.028801025127954488,9.572186459724808e-08,0.02912981708787694,7.217595136137246e-08,0.03355744275263626,0.028005069849214196,0.00257481476908973,0.011295011587522144
SR-U-UN-G1-C4-N_water_5cm_D200m.i,200.0,8.6518,5.0,C4,N,water,1.64671e-09,0.0232,1.82418e-08,0.0224,1.37073e-08,0.0279,,1.6469817418766606e-09,0.023102028727785273,1.824070541808335e-08,0.02225996915883572,1.3706133717270044e-08,0.02778975380224087,0.016502108851016415,-0.0060004052048159,-0.008508478912372476
SR-U-UN-G1-C4-N_water_5cm_D300m.i,300.0,8.6518,5.0,C4,N,water,4.75303e-10,0.026,5.29579e-09,0.0251,3.91555e-09,0.0311,,4.753079611510275e-10,0.025730506527558285,5.296817787145649e-09,0.024870281471854497,3.916253642867602e-09,0.030885298455117515,0.001043787021642476,0.019407626542006375,0.017970473307765668
SR-U-UN-G1-C4-N_water_5cm_D500m.i,500.0,8.6518,5.0,C4,N,water,6.85939e-11,0.0282,7.63847e-10,0.0273,5.6745e-10,0.0356,,6.862142869387078e-11,0.028018872559059802,7.64033983123749e-10,0.027061459714209528,5.675964668034699e-10,0.0353738855483097,0.040132860022221724,0.02447913309196862,0.025811402497110135
SR-U-UN-G1-C4-N_water_5cm_D700m.i,700.0,8.6518,5.0,C4,N,water,1.32966e-11,0.0322,1.51564e-10,0.0324,1.10411e-10,0.0422,,1.3297972448995956e-11,0.03198178052564407,1.5158353861542333e-10,0.03219115672358035,1.104086425471767e-10,0.042042403103517506,0.010321804039793868,0.012891330014599453,-0.002135161191637466
SR-U-UN-G1-C4-N_water_5cm_D1000m.i,1000.0,8.6518,5.0,C4,N,water,1.39194e-12,0.0231,1.57108e-11,0.0267,1.12196e-11,0.0301,,1.3921240340744232e-12,0.022945036914641528,1.5710636403130425e-11,0.02644866060014139,1.122147051093998e-11,0.029915202301224384,0.013221408568124756,-0.0010413019679104973,0.016671814859541795
SR-U-UN-G1-C4-N_water_5cm_D1200m.i,1200.0,8.6518,5.0,C4,N,water,3.50427e-13,0.0326,3.83137e-12,0.0258,2.81829e-12,0.0371,,3.5056203335932483e-13,0.03243481072767629,3.832352062894243e-12,0.025581887183690852,2.8187580590398664e-12,0.03689412341826398,0.03853394839006316,0.025632160147495177,0.01660790904649019
SR-U-UN-G1-C4-N_water_10cm_D1m.i,1.0,8.6518,10.0,C4,N,water,4.59947e-05,0.0137,0.00049851,0.0128,0.000427906,0.0144,,4.6008329656202825e-05,0.013234703534835633,0.0004985546591416458,0.012577047414158299,0.0004279387299519725,0.014247495735997678,0.029633101646109366,0.008958524732868104,0.007648864931206018
SR-U-UN-G1-C4-N_water_10cm_D2m.i,2.0,8.6518,10.0,C4,N,water,1.37167e-05,0.0362,0.000149773,0.0385,0.000128426,0.0387,,1.371734760296223e-05,0.03494626707497639,0.00014975119326404599,0.03806310088799232,0.00012839258266549426,0.03826686922485331,0.0047212737920167835,-0.014559857887606914,-0.026020692465500633
SR-U-UN-G1-C4-N_water_10cm_D5m.i,5.0,8.6518,10.0,C4,N,water,2.47896e-06,0.0743,2.53723e-05,0.0492,2.14454e-05,0.0448,,2.480093389113294e-06,0.04874201145692411,2.5377258228861665e-05,0.04325639168605699,2.144661266289327e-05,0.043342829121967276,0.04572034697186733,0.01954189750895352,0.005654652714655517
SR-U-UN-G1-C4-N_water_10cm_D10m.i,10.0,8.6518,10.0,C4,N,water,5.37118e-07,0.0444,5.7941e-06,0.046,4.95606e-06,0.043,,5.369740840444962e-07,0.041090350169647516,5.7912466983958705e-06,0.04538415350222337,4.954397054811707e-06,0.04276997236399763,-0.026794103996465497,-0.0492449492437072,-0.03355377433471255
SR-U-UN-G1-C4-N_water_10cm_D20m.i,20.0,8.6518,10.0,C4,N,water,1.28152e-07,0.025,1.3669e-06,0.0251,1.14064e-06,0.0251,,1.281856386752512e-07,0.02481497054372251,1.3668475549957191e-06,0.02503150801637944,1.1404876068382738e-06,0.02508775703936639,0.026249044299889165,-0.0038367842768954313,-0.013360320673142094
SR-U-UN-G1-C4-N_water_10cm_D50m.i,50.0,8.6518,10.0,C4,N,water,2.02727e-08,0.0433,2.09564e-07,0.0427,1.71963e-07,0.0473,,2.0268689261469692e-08,0.040544374078014006,2.095160078021448e-07,0.04221084486906001,1.7192976955872857e-07,0.04710730114565647,-0.019783938648071184,-0.022900974334915464,-0.019324180940912084
SR-U-UN-G1-C4-N_water_10cm_D100m.i,100.0,8.6518,10.0,C4,N,water,4.47283e-09,0.032,4.72784e-08,0.0307,3.79106e-08,0.037,,4.47423850132189e-09,0.03107325772657086,4.729174787702083e-08,0.030515995988038357,3.791386545590352e-08,0.0368866709268675,0.03149015996337599,0.02823250579722413,0.008613569565024189
SR-U-UN-G1-C4-N_water_10cm_D200m.i,200.0,8.6518,10.0,C4,N,water,7.68565e-10,0.0257,8.31733e-09,0.0237,6.62442e-09,0.0296,,7.687791619264129e-10,0.02530040994934994,8.319013375409362e-09,0.023477652383318653,6.625491280983519e-09,0.02940152534867918,0.027865167736343337,0.02023937260349107,0.016171694782619067
SR-U-UN-G1-C4-N_water_10cm_D300m.i,300.0,8.6518,10.0,C4,N,water,2.10464e-10,0.026,2.39231e-09,0.0261,1.8288e-09,0.0304,,2.1044261439194878e-10,0.025692534864770585,2.3921973964509908e-09,0.02586724857981713,1.8285123850335638e-09,0.030168498106575393,-0.010161171531103845,-0.004706896222029355,-0.015726977604776055
SR-U-UN-G1-C4-N_water_10cm_D500m.i,500.0,8.6518,10.0,C4,N,water,3.16932e-11,0.0286,3.64683e-10,0.0267,2.79806e-10,0.0338,,3.1696401240581443e-11,0.028355352706732707,3.6464986583277897e-10,0.02643838099194249,2.797883950364387e-10,0.033570883630691876,0.010100717445514456,-0.009085744940409795,-0.006291846336853259
SR-U-UN-G1-C4-N_water_10cm_D700m.i,700.0,8.6518,10.0,C4,N,water,6.3724e-12,0.0508,7.56262e-11,0.0673,5.55744e-11,0.0611,,6.3719725421221235e-12,0.05044843615090286,7.562864919665617e-11,0.06704844150165915,5.557653227467963e-11,0.060889506766891976,-0.006707957408139384,0.0032385557599961304,0.003836792983147742
SR-U-UN-G1-C4-N_water_10cm_D1000m.i,1000.0,8.6518,10.0,C4,N,water,6.96334e-13,0.0254,7.97445e-12,0.0235,5.95019e-12,0.0305,,6.96316986182193e-13,0.025108651462299156,7.974615772044386e-12,0.023224765276689808,5.9497109098453846e-12,0.03020625832098648,-0.0024433415296375533,0.0020787896893993294,-0.008051678259274738
SR-U-UN-G1-C4-N_water_10cm_D1200m.i,1200.0,8.6518,10.0,C4,N,water,1.72485e-13,0.0253,1.97811e-12,0.0246,1.46612e-12,0.0318,,1.7253886547194366e-13,0.025012091615397504,1.9785059988899155e-12,0.024301819794806622,1.466341494490549e-12,0.0315052523559365,0.031229076118886867,0.02001905303120309,0.01510752807062319
SR-U-UN-G1-C4-N_water_20cm_D1m.i,1.0,8.6518,20.0,C4,N,water,1.49291e-05,0.022,0.000153035,0.0183,0.00013686,0.0175,,1.493362427367638e-05,0.017335614184542766,0.00015303645703144833,0.01700247404657326,0.00013687056104832174,0.017021062082881504,0.030305066456648454,0.0009520903377311153,0.007716680053891066
SR-U-UN-G1-C4-N_water_20cm_D2m.i,2.0,8.6518,20.0,C4,N,water,4.13486e-06,0.0294,4.3213e-05,0.0319,3.79764e-05,0.0264,,4.134456692089945e-06,0.02681459937110186,4.3200923647692896e-05,0.030827949108467586,3.796595642336085e-05,0.025711245975208376,-0.009753846806300896,-0.02794610952052713,-0.02750017547515328
SR-U-UN-G1-C4-N_water_20cm_D5m.i,5.0,8.6518,20.0,C4,N,water,6.61119e-07,0.0456,6.77823e-06,0.0469,6.09502e-06,0.0475,,6.612438126758739e-07,0.044076940946260475,6.777335767793274e-06,0.046388729784548235,6.0944720979777426e-06,0.04721273996702999,0.01887900300458197,-0.013192709700416567,-0.008989339202450874
SR-U-UN-G1-C4-N_water_20cm_D10m.i,10.0,8.6518,20.0,C4,N,water,9.36303e-07,0.8327,4.9801e-06,0.6698,2.80343e-06,0.4692,,9.392119805753879e-07,0.3825559422770163,4.982705424559125e-06,0.31201354182342156,2.8087057107144914e-06,0.22024659460936033,0.31068794774638797,0.05231671169504066,0.18818770985868394
SR-U-UN-G1-C4-N_water_20cm_D20m.i,20.0,8.6518,20.0,C4,N,water,3.65283e-08,0.0286,3.82595e-07,0.0284,3.38058e-07,0.0287,,3.653017541205487e-08,0.027066577858973862,3.8258889129887387e-07,0.028090114160636344,3.3803941018120073e-07,0.028571128119549035,0.005134134506321369,-0.0015966494925836068,-0.005499002774453189
SR-U-UN-G1-C4-N_water_20cm_D50m.i,50.0,8.6518,20.0,C4,N,water,5.52674e-09,0.0447,5.81526e-08,0.0419,5.20053e-08,0.0491,,5.528595743653985e-09,0.04464098821398263,5.8167485469602404e-08,0.04180622679586058,5.200489560108967e-08,0.04896620204106205,0.033577545786207,0.02559725550087459,-0.0007776109556687111
SR-U-UN-G1-C4-N_water_20cm_D100m.i,100.0,8.6518,20.0,C4,N,water,1.10603e-09,0.0403,1.19048e-08,0.036,1.0246e-08,0.0439,,1.1058959351107395e-09,0.040099386978534685,1.1903705712169414e-08,0.03596102463360188,1.024419708003711e-08,0.043788603641940815,-0.012121270603913386,-0.009191988362563151,-0.017596329913036248
SR-U-UN-G1-C4-N_water_20cm_D200m.i,200.0,8.6518,20.0,C4,N,water,1.8104e-10,0.0271,2.00433e-09,0.0235,1.67477e-09,0.0294,,1.8105137813926828e-10,0.0269759774209562,2.004344015369823e-09,0.023369418419279985,1.6748705127282094e-09,0.02927248413662548,0.0062848758662611215,0.0006992546049314644,0.006001583991198724
SR-U-UN-G1-C4-N_water_20cm_D300m.i,300.0,8.6518,20.0,C4,N,water,5.66018e-11,0.0325,6.43191e-10,0.0285,5.32172e-10,0.0353,,5.660406660835112e-11,0.032242724434553754,6.431574400781928e-10,0.028214494299669848,5.321563342673945e-10,0.03507414588137453,0.0040044810432090525,-0.0052177225438824635,-0.002943734846144351
SR-U-UN-G1-C4-N_water_20cm_D500m.i,500.0,8.6518,20.0,C4,N,water,7.99195e-12,0.0299,9.22393e-11,0.0279,7.38877e-11,0.0343,,7.993178709623225e-12,0.02966173946000996,9.22539578367709e-11,0.027682783126797166,7.389578649871485e-11,0.034108770130511085,0.015374340720667911,0.015891097147197168,0.010944309695449553
SR-U-UN-G1-C4-N_water_20cm_D700m.i,700.0,8.6518,20.0,C4,N,water,1.73479e-12,0.0315,2.01808e-11,0.0299,1.59248e-11,0.037,,1.7349386613555695e-12,0.03126211375860945,2.0179632030780046e-11,0.029582083571461314,1.5924825084748433e-11,0.036752533430693846,0.008569415062892962,-0.005787526856991001,0.00015752002180564724
SR-U-UN-G1-C4-N_water_20cm_D1000m.i,1000.0,8.6518,20.0,C4,N,water,2.02345e-13,0.04,2.30666e-12,0.0354,1.81555e-12,0.0461,,2.0233336365766245e-13,0.03978060171318676,2.3069350039217075e-12,0.03520151165932255,1.8152465776143758e-12,0.04585524365811916,-0.0057507436989114105,0.011922169791270726,-0.016712422440816926
SR-U-UN-G1-C4-N_water_20cm_D1200m.i,1200.0,8.6518,20.0,C4,N,water,5.26255e-14,0.0301,5.9788e-13,0.0262,4.62637e-13,0.0349,,5.262901403145351e-14,0.02982974006318238,5.979416345741687e-13,0.025987270705256537,4.626448576781759e-13,0.03466348118668001,0.006677431004951827,0.01030885364432822,0.0016984543337189766
SR-U-UN-G1-C4-N_steel_1cm_D1m.i,1.0,8.6518,1.0,C4,N,steel,0.000119974,0.0121,0.00154587,0.0143,0.001233,0.0114,,0.00011998537552919368,0.011979968368057783,0.0015459762126996566,0.014094282337781315,0.0012330744018093957,0.011214322584821385,0.009481662021501202,0.006870739431947703,0.00603421000776421
SR-U-UN-G1-C4-N_steel_1cm_D2m.i,2.0,8.6518,1.0,C4,N,steel,3.53152e-05,0.0189,0.000455455,0.0217,0.000360429,0.0193,,3.5318183825060625e-05,0.01885950478449426,0.0004553953001697346,0.021550292603725707,0.00036044681614516745,0.0191827358715373,0.008449124061673068,-0.01310773408249211,0.004943038758659708
SR-U-UN-G1-C4-N_steel_1cm_D5m.i,5.0,8.6518,1.0,C4,N,steel,6.37347e-06,0.0298,8.19683e-05,0.0314,6.52761e-05,0.0299,,6.372273328563879e-06,0.0296840856411105,8.194493931759605e-05,0.03127075040727436,6.52697734116004e-05,0.02981699705873467,-0.0187758228425132,-0.028499654627406862,-0.009692044101276649
SR-U-UN-G1-C4-N_steel_1cm_D10m.i,10.0,8.6518,1.0,C4,N,steel,1.65038e-06,0.0468,2.14699e-05,0.0504,1.67284e-05,0.0473,,1.6500859056205381e-06,0.04672889726536158,2.146482785580807e-05,0.050289284492405675,1.67309202791403e-05,0.047345630650956455,-0.017819797832126703,-0.023624442554137703,0.015065870856153579
SR-U-UN-G1-C4-N_steel_1cm_D20m.i,20.0,8.6518,1.0,C4,N,steel,4.2835e-07,0.0587,5.50553e-06,0.0728,4.1629e-06,0.0562,,4.282245057615012e-07,0.05841690699459386,5.502056676703725e-06,0.07227701182708887,4.16037465988476e-06,0.055693856604320316,-0.029297125831400418,-0.06308790064306771,-0.060663002119678504
SR-U-UN-G1-C4-N_steel_1cm_D50m.i,50.0,8.6518,1.0,C4,N,steel,6.73231e-08,0.0401,8.4301e-07,0.0402,6.29394e-07,0.0443,,6.73477763917083e-08,0.03995216759477336,8.432287203154157e-07,0.04007325703464346,6.295607286192282e-07,0.04422662939128041,0.036653677130583436,0.025945162621528437,0.026490341380474534
SR-U-UN-G1-C4-N_steel_1cm_D100m.i,100.0,8.6518,1.0,C4,N,steel,1.74421e-08,0.0289,2.11201e-07,0.0289,1.52388e-07,0.0328,,1.7449377591453e-08,0.0288238787367571,2.112832054132381e-07,0.028780476202146417,1.524210091574678e-07,0.03267809344650675,0.041724284650345875,0.038922833337952455,0.021661257755078836
SR-U-UN-G1-C4-N_steel_1cm_D200m.i,200.0,8.6518,1.0,C4,N,steel,3.51591e-09,0.0212,4.14292e-08,0.0214,2.93463e-08,0.0257,,3.517107069016835e-09,0.02098208704961432,4.1437504480435504e-08,0.021220552847541194,2.9349742195543824e-08,0.025587350413382545,0.0340472030522674,0.020044993472010594,0.011729572531544412
SR-U-UN-G1-C4-N_steel_1cm_D300m.i,300.0,8.6518,1.0,C4,N,steel,1.10012e-09,0.0317,1.26079e-08,0.0326,8.77146e-09,0.0358,,1.10025597508023e-09,0.03135842540725627,1.2607860369235348e-08,0.03228440671052571,8.77253662322146e-09,0.03556436198398997,0.012360022563904548,-0.00031433279652386006,0.012274162128751839
SR-U-UN-G1-C4-N_steel_1cm_D500m.i,500.0,8.6518,1.0,C4,N,steel,1.54604e-10,0.0244,1.70513e-09,0.0253,1.17555e-09,0.033,,1.5465163899501887e-10,0.024093744110956182,1.7054137128568868e-09,0.025015010006098588,1.1757244137851466e-09,0.032774683225939155,0.03081355916979929,0.01663878161118106,0.014836781519003611
SR-U-UN-G1-C4-N_steel_1cm_D700m.i,700.0,8.6518,1.0,C4,N,steel,3.04852e-11,0.0263,3.31613e-10,0.0279,2.30524e-10,0.0369,,3.0484302032161115e-11,0.02570351669420905,3.3156947750408857e-10,0.02752233200588988,2.3050531494752876e-10,0.03636700037419224,-0.002945586182420119,-0.013124484236567757,-0.008105469483110769
SR-U-UN-G1-C4-N_steel_1cm_D1000m.i,1000.0,8.6518,1.0,C4,N,steel,2.91852e-12,0.0203,3.11084e-11,0.0233,2.11043e-11,0.0287,,2.919224607932278e-12,0.019884445634720964,3.111130109348727e-11,0.02305953367190086,2.1102901564048305e-11,0.028376882436661956,0.024142645322902896,0.009325756024980978,-0.006626308153767182
SR-U-UN-G1-C4-N_steel_1cm_D1200m.i,1200.0,8.6518,1.0,C4,N,steel,6.73111e-13,0.0198,7.22943e-12,0.021,4.9263e-12,0.027,,6.732173076696442e-13,0.019540878284864092,7.229986575047434e-12,0.02072980383165801,4.926507971756753e-12,0.026811774806361408,0.01579348274566261,0.007698740390783614,0.00422166243941605
SR-U-UN-G1-C4-N_steel_5cm_D1m.i,1.0,8.6518,5.0,C4,N,steel,0.000100733,0.0197,0.00136517,0.019,0.00103321,0.0201,,0.00010075626341966016,0.01965143173647067,0.001365358335372147,0.018894325653650394,0.0010333261428912889,0.019960943462400918,0.02309413961676775,0.013795745009564986,0.011240976305780408
SR-U-UN-G1-C4-N_steel_5cm_D2m.i,2.0,8.6518,5.0,C4,N,steel,2.94064e-05,0.0243,0.000397129,0.0259,0.000295184,0.0232,,2.940755268997519e-05,0.024072579592017824,0.0003971319316566105,0.025681945926540665,0.0002952364640639631,0.02307763346130431,0.003919860898278815,0.0007382126740811242,0.01777334271610188
SR-U-UN-G1-C4-N_steel_5cm_D5m.i,5.0,8.6518,5.0,C4,N,steel,4.813e-06,0.0325,6.3855e-05,0.0318,4.81874e-05,0.0315,,4.814709287416501e-06,0.03247129668616294,6.386684975672899e-05,0.031642893309376315,4.8199381009488733e-05,0.0313944969436343,0.03551397083940014,0.018557288746350445,0.02486336571123305
SR-U-UN-G1-C4-N_steel_5cm_D10m.i,10.0,8.6518,5.0,C4,N,steel,1.27035e-06,0.033,1.70815e-05,0.0345,1.26273e-05,0.0333,,1.2708845613925148e-06,0.032951939236466714,1.7086609120536493e-05,0.03440045655208115,1.263247659059223e-05,0.03321365592585857,0.04207985142006507,0.029910256924122285,0.04099522932242503
SR-U-UN-G1-C4-N_steel_5cm_D20m.i,20.0,8.6518,5.0,C4,N,steel,3.13213e-07,0.0209,4.15897e-06,0.0211,2.99116e-06,0.0206,,3.132867045655084e-07,0.02083713825424988,4.160029253944157e-06,0.020972452715490694,2.991885647825839e-06,0.020499933969779578,0.023531770874255318,0.02546914125750653,0.024259746246912343
SR-U-UN-G1-C4-N_steel_5cm_D50m.i,50.0,8.6518,5.0,C4,N,steel,5.315e-08,0.0301,7.02428e-07,0.0308,4.91672e-07,0.0329,,5.3155781972546835e-08,0.02995848284267464,7.025672451964735e-07,0.03073637944823537,4.917581830815988e-07,0.03278118996808929,0.010878593691122986,0.019823412004289175,0.0175285722186511
SR-U-UN-G1-C4-N_steel_5cm_D100m.i,100.0,8.6518,5.0,C4,N,steel,1.31957e-08,0.0232,1.65145e-07,0.0247,1.13301e-07,0.0265,,1.3198273104942251e-08,0.023038577624865438,1.6513579857251662e-07,0.024585523876069285,1.1330098623617226e-07,0.02640047845512508,0.019499571392587175,-0.005571726351609389,-1.2148019649983634e-05
SR-U-UN-G1-C4-N_steel_5cm_D200m.i,200.0,8.6518,5.0,C4,N,steel,2.51856e-09,0.0152,2.97527e-08,0.0164,2.0006e-08,0.0189,,2.519448393737222e-09,0.014868852042601712,2.975532290592094e-08,0.016190937480801443,2.0011474126607873e-08,0.018813359247954343,0.03527387623173198,0.008815690411087481,0.02736242431206676
SR-U-UN-G1-C4-N_steel_5cm_D300m.i,300.0,8.6518,5.0,C4,N,steel,7.63282e-10,0.0185,8.66058e-09,0.0204,5.73133e-09,0.0241,,7.632729784238869e-10,0.017988433706485393,8.660097855406709e-09,0.020197851336542158,5.7308826980056535e-09,0.02390326511056092,-0.001181945350880014,-0.005567116674538628,-0.007804506010765917
SR-U-UN-G1-C4-N_steel_5cm_D500m.i,500.0,8.6518,5.0,C4,N,steel,1.07743e-10,0.0162,1.17597e-09,0.0186,7.68817e-10,0.0224,,1.0777015519638879e-10,0.015752172546060244,1.1761942479449012e-09,0.018388099835634747,7.689739766750329e-10,0.022213333012748818,0.025203675773645583,0.01906918925662511,0.02041795056988554
SR-U-UN-G1-C4-N_steel_5cm_D700m.i,700.0,8.6518,5.0,C4,N,steel,1.98592e-11,0.018,2.10794e-10,0.0197,1.37384e-10,0.0254,,1.9864701647999084e-11,0.016989830168640575,2.1087236464006027e-10,0.019437650225294062,1.3743888926098954e-10,0.025138639351511255,0.027703271023423362,0.03717593482749074,0.03995316848361747
SR-U-UN-G1-C4-N_steel_5cm_D1000m.i,1000.0,8.6518,5.0,C4,N,steel,1.8782e-12,0.0162,1.96246e-11,0.02,1.29227e-11,0.0239,,1.8787247074777836e-12,0.01585677516592927,1.96283138708952e-11,0.01976982732123104,1.2924648091933634e-11,0.023698657292759735,0.027936720146086245,0.01892456862918302,0.015074960601373333
SR-U-UN-G1-C4-N_steel_5cm_D1200m.i,1200.0,8.6518,5.0,C4,N,steel,4.27269e-13,0.0154,4.41164e-12,0.0174,2.95388e-12,0.0218,,4.273551097671822e-13,0.015018419134931082,4.4121536105044005e-12,0.017110458330152404,2.9540900223484645e-12,0.0215625087428062,0.020153525573406987,0.011642167185004881,0.007110050119318985
SR-U-UN-G1-C4-N_steel_10cm_D1m.i,1.0,8.6518,10.0,C4,N,steel,7.57037e-05,0.0139,0.00108388,0.0149,0.000757886,0.0137,,7.571775771227521e-05,0.013390969494458189,0.0010840919414448252,0.014414608534826057,0.0007580823108555232,0.013327546524355034,0.018569386007838112,0.019553958447915874,0.025902425367815455
SR-U-UN-G1-C4-N_steel_10cm_D2m.i,2.0,8.6518,10.0,C4,N,steel,2.17791e-05,0.0213,0.000308652,0.0216,0.0002173,0.0221,,2.178096600968618e-05,0.02104169195029029,0.00030867896935238596,0.021312146756891585,0.00021733991823589985,0.021898139696882465,0.008567891630884674,0.008737786369741105,0.018370103957593243
SR-U-UN-G1-C4-N_steel_10cm_D5m.i,5.0,8.6518,10.0,C4,N,steel,3.79151e-06,0.0261,5.33578e-05,0.0266,3.68994e-05,0.0261,,3.790734318051494e-06,0.025913482158800086,5.333832046004951e-05,0.026400400408309956,3.68974515087639e-05,0.025984569544584425,-0.020458391208411753,-0.036507389642166356,-0.005280549917078775
SR-U-UN-G1-C4-N_steel_10cm_D10m.i,10.0,8.6518,10.0,C4,N,steel,9.34914e-07,0.0261,1.3128e-05,0.0269,8.95422e-06,0.0266,,9.351644044528816e-07,0.02594057594199563,1.3129554578776076e-05,0.026806295446878008,8.957272409638787e-06,0.026517451651040712,0.026783688433548496,0.01184170304749859,0.03408906235035384
SR-U-UN-G1-C4-N_steel_10cm_D20m.i,20.0,8.6518,10.0,C4,N,steel,2.27751e-07,0.0198,3.1496e-06,0.0203,2.10356e-06,0.019,,2.2778221089239692e-07,0.019266869087993722,3.1500041166561672e-06,0.02019311700399502,2.1039343415238427e-06,0.018866679360180015,0.013703954053730304,0.012830729494772014,0.017795619038339174
SR-U-UN-G1-C4-N_steel_10cm_D50m.i,50.0,8.6518,10.0,C4,N,steel,3.91262e-08,0.0263,5.24573e-07,0.0275,3.40726e-07,0.0264,,3.913704615956373e-08,0.024780343891563868,5.246997026702216e-07,0.027313179140936058,3.408232033745645e-07,0.02627106310091705,0.027720963353794134,0.024153486782885362,0.028528311477406084
SR-U-UN-G1-C4-N_steel_10cm_D100m.i,100.0,8.6518,10.0,C4,N,steel,9.12695e-09,0.0168,1.14631e-07,0.0173,7.33867e-08,0.0185,,9.129081442645612e-09,0.015508388759292413,1.1463590578851027e-07,0.017115593600331276,7.33954936987798e-08,0.018393406145874987,0.023353285003335722,0.004279635098941986,0.011982687298654598
SR-U-UN-G1-C4-N_steel_10cm_D200m.i,200.0,8.6518,10.0,C4,N,steel,1.77118e-09,0.0118,2.07794e-08,0.0129,1.31641e-08,0.0137,,1.7715840437863237e-09,0.010466837703596304,2.0782520275469558e-08,0.012657690327325354,1.3165166144771267e-08,0.013506430928247309,0.022812124477672297,0.015016196182560471,0.008098880829431238
SR-U-UN-G1-C4-N_steel_10cm_D300m.i,300.0,8.6518,10.0,C4,N,steel,5.28138e-10,0.0133,5.93805e-09,0.0131,3.71093e-09,0.0145,,5.282467182930004e-10,0.010468597031997756,5.938819668625473e-09,0.012651315828535094,3.7116150447165846e-09,0.014202001547778188,0.020585205571348925,0.01296163935083898,0.018460189671711057
SR-U-UN-G1-C4-N_steel_10cm_D500m.i,500.0,8.6518,10.0,C4,N,steel,7.21015e-11,0.0125,7.59913e-10,0.0144,4.74886e-10,0.0168,,7.212556811821926e-11,0.01120329902902845,7.600275799765542e-10,0.014081433250016644,4.749240200169574e-10,0.01655182749640612,0.033380884196940214,0.015078038743136209,0.00800613556883354
SR-U-UN-G1-C4-N_steel_10cm_D700m.i,700.0,8.6518,10.0,C4,N,steel,1.28292e-11,0.0121,1.30925e-10,0.0149,8.25058e-11,0.018,,1.283346708690215e-11,0.011391588763125635,1.309618494188809e-10,0.01472585379122472,8.253820256509273e-11,0.017875807374812352,0.03326074035910455,0.02814544119222361,0.03927307545982098
SR-U-UN-G1-C4-N_steel_10cm_D1000m.i,1000.0,8.6518,10.0,C4,N,steel,1.15787e-12,0.0131,1.12984e-11,0.016,7.24072e-12,0.0194,,1.158099625207955e-12,0.01172101931839787,1.129969956214133e-11,0.01567435415801116,7.2419011240328695e-12,0.019165011135227387,0.019831691636800257,0.01150217855032676,0.016312245645035254
SR-U-UN-G1-C4-N_steel_10cm_D1200m.i,1200.0,8.6518,10.0,C4,N,steel,2.46698e-13,0.012,2.4375e-12,0.0167,1.56246e-12,0.0192,,2.4678733800433903e-13,0.011666185546791242,2.4380041336041436e-12,0.0164689078078534,1.5629565155205924e-12,0.019022145805777196,0.036213509772685996,0.020682404272554352,0.03177780682977068
SR-U-UN-G1-C4-N_steel_20cm_D1m.i,1.0,8.6518,20.0,C4,N,steel,4.44292e-05,0.0092,0.000671913,0.0092,0.000415616,0.009,,4.443941074798864e-05,0.008247629990869034,0.0006721763726427142,0.008205689408134964,0.00041579914052919213,0.008157754731391353,0.022982065823021976,0.03919743221432432,0.044064840908947786
SR-U-UN-G1-C4-N_steel_20cm_D2m.i,2.0,8.6518,20.0,C4,N,steel,1.20859e-05,0.0159,0.000180408,0.0159,0.000111348,0.0161,,1.208804828181919e-05,0.015337863981529568,0.00018046364330836294,0.015335249073627934,0.00011139388875910911,0.015609228638524932,0.017775108342687956,0.03084303820392195,0.041212019173316114
SR-U-UN-G1-C4-N_steel_20cm_D5m.i,5.0,8.6518,20.0,C4,N,steel,2.03513e-06,0.0188,3.00834e-05,0.0193,1.83585e-05,0.0191,,2.0356639055999603e-06,0.018465614592516503,3.0090432360561058e-05,0.0190124764688735,1.8363104102692226e-05,0.018819089350932097,0.026234471506002225,0.02337621598973997,0.02507886097570926
SR-U-UN-G1-C4-N_steel_20cm_D10m.i,10.0,8.6518,20.0,C4,N,steel,4.93495e-07,0.0224,7.08381e-06,0.0169,4.31648e-06,0.0172,,4.93667668199409e-07,0.016684205596816926,7.089207575279428e-06,0.016365149238055342,4.319701681855671e-06,0.016616847907020206,0.03498884475202323,0.07619593523017601,0.07463678403862808
SR-U-UN-G1-C4-N_steel_20cm_D20m.i,20.0,8.6518,20.0,C4,N,steel,1.22215e-07,0.0229,1.73004e-06,0.0162,1.04264e-06,0.0154,,1.2222334895557245e-07,0.014712236099070736,1.730141359899374e-06,0.01546252030043281,1.0427415254928022e-06,0.01454489423677306,0.006831367321882108,0.005858818257036753,0.00973734873035892
SR-U-UN-G1-C4-N_steel_20cm_D50m.i,50.0,8.6518,20.0,C4,N,steel,2.0227e-08,0.0154,2.76123e-07,0.0167,1.63051e-07,0.0161,,2.023583724370552e-08,0.01455856877755606,2.762315963979608e-07,0.016484575901993745,1.631249107193352e-07,0.015889273387678506,0.04369033324527445,0.039328993948642255,0.04532981664338686
SR-U-UN-G1-C4-N_steel_20cm_D100m.i,100.0,8.6518,20.0,C4,N,steel,4.85709e-09,0.0123,6.10023e-08,0.0112,3.57687e-08,0.0112,,4.8581924139135085e-09,0.009122806288190299,6.101437990808263e-08,0.010930888172903887,3.577630725488385e-08,0.01089859128601095,0.02269700403963355,0.0198023813571471,0.021267909887285573
SR-U-UN-G1-C4-N_steel_20cm_D200m.i,200.0,8.6518,20.0,C4,N,steel,9.36485e-10,0.01,1.04767e-08,0.0073,6.10277e-09,0.0076,,9.36681507869586e-10,0.005380003271629972,1.0478950536109147e-08,0.0067268355149714115,6.103946465359946e-09,0.0070422258178285645,0.020983557620892677,0.021481345358235822,0.019277563466197342
SR-U-UN-G1-C4-N_steel_20cm_D300m.i,300.0,8.6518,20.0,C4,N,steel,2.66032e-10,0.009,2.80706e-09,0.0074,1.63687e-09,0.008,,2.6611226783154013e-10,0.005309008625349117,2.807982486157726e-09,0.006836450182063149,1.637484527339558e-09,0.007526856586192135,0.030172246774883633,0.03286307231501837,0.037542831108029216
SR-U-UN-G1-C4-N_steel_20cm_D500m.i,500.0,8.6518,20.0,C4,N,steel,3.57916e-11,0.0157,3.36881e-10,0.0092,1.97501e-10,0.0102,,3.5806362470734855e-11,0.005689081016255187,3.3698314082405546e-10,0.007251908920249401,1.9757143171545966e-10,0.008341381785023385,0.04124562951881241,0.030319556180215538,0.03566144751655083
SR-U-UN-G1-C4-N_steel_20cm_D700m.i,700.0,8.6518,20.0,C4,N,steel,5.7951e-12,0.0141,5.23816e-11,0.0095,3.08196e-11,0.0103,,5.7972157026485e-12,0.006028922108721401,5.239830208892138e-11,0.007903082421525843,3.083132869593153e-11,0.009155980582496207,0.03650847523771095,0.03188541190300716,0.03805596416414491
SR-U-UN-G1-C4-N_steel_20cm_D1000m.i,1000.0,8.6518,20.0,C4,N,steel,4.53501e-13,0.006,3.91051e-12,0.0075,2.32521e-12,0.0094,,4.5368169759788044e-13,0.005056401274904228,3.911698716934222e-12,0.007137536093372811,2.325937220827086e-12,0.009130678597925155,0.039845027437741334,0.030398002670291514,0.031275490260492964
SR-U-UN-G1-C4-N_steel_20cm_D1200m.i,1200.0,8.6518,20.0,C4,N,steel,9.02625e-14,0.0064,7.74483e-13,0.0084,4.66218e-13,0.0105,,9.029380219945552e-14,0.005471727823208655,7.746332126985329e-13,0.008069157056451141,4.663352977919045e-13,0.010228631449531846,0.03467907431715477,0.019395222171812058,0.02515943011735372
SR-U-UN-G1-C4-N_lead_1cm_D1m.i,1.0,8.6518,1.0,C4,N,lead,0.000125113,0.0165,0.00160294,0.0191,0.001291,0.017,,0.00012513229726952605,0.016445001766054353,0.0016030322391092436,0.01901793227450532,0.001291087941496293,0.016980380708010525,0.015423872440156755,0.00575437067161717,0.00681188972060398
SR-U-UN-G1-C4-N_lead_1cm_D2m.i,2.0,8.6518,1.0,C4,N,lead,3.70958e-05,0.0306,0.000458338,0.0211,0.00036807,0.0192,,3.709004231897755e-05,0.03016868857810582,0.0004581910176789549,0.020900031655961156,0.00036802005629021076,0.01916721844081435,-0.015521112962778817,-0.032068543530114915,-0.013569079193972475
SR-U-UN-G1-C4-N_lead_1cm_D5m.i,5.0,8.6518,1.0,C4,N,lead,6.4928e-06,0.0308,8.34075e-05,0.0351,6.66346e-05,0.0307,,6.491974365421175e-06,0.030747111633708184,8.339057262885914e-05,0.035094918913127354,6.663997303741346e-05,0.03081706930343025,-0.01271615603167676,-0.02029478301215825,0.00806343463224299
SR-U-UN-G1-C4-N_lead_1cm_D10m.i,10.0,8.6518,1.0,C4,N,lead,1.63409e-06,0.04,2.10429e-05,0.0408,1.65819e-05,0.0371,,1.634061896716683e-06,0.03991130952543779,2.1042747206469214e-05,0.04060832066610099,1.6583888811838087e-05,0.0370312577279528,-0.0017198124532335653,-0.0007261049132385788,0.011993871860800413
SR-U-UN-G1-C4-N_lead_1cm_D20m.i,20.0,8.6518,1.0,C4,N,lead,4.22698e-07,0.0505,5.35082e-06,0.0624,4.12237e-06,0.0485,,4.2266593016715006e-07,0.05028437148420615,5.349165444037791e-06,0.06202089419201163,4.120952949863134e-06,0.04809710019686471,-0.0075869374470501,-0.03092154029118934,-0.03437464703232502
SR-U-UN-G1-C4-N_lead_1cm_D50m.i,50.0,8.6518,1.0,C4,N,lead,6.93693e-08,0.0408,8.60438e-07,0.0415,6.45393e-07,0.0443,,6.940190724106424e-08,0.0406597376568907,8.602766857437098e-07,0.04133944273724664,6.453125120547513e-07,0.04423177737430254,0.04700529061737908,-0.018747923300717135,-0.012471152499128176
SR-U-UN-G1-C4-N_lead_1cm_D100m.i,100.0,8.6518,1.0,C4,N,lead,1.77398e-08,0.0292,2.1464e-07,0.0301,1.56521e-07,0.0335,,1.7740804343571284e-08,0.0291192016148663,2.146678084655453e-07,0.030018787660471474,1.5651176355141922e-07,0.03337265395928116,0.005661527025575332,0.012955863560050584,-0.005901092237322872
SR-U-UN-G1-C4-N_lead_1cm_D200m.i,200.0,8.6518,1.0,C4,N,lead,3.61467e-09,0.0206,4.28338e-08,0.0217,3.01865e-08,0.0249,,3.615146879320121e-09,0.020456792066185576,4.283274589127202e-08,0.021492960834773284,3.018922163867502e-08,0.024793768069162645,0.01319288676756,-0.0024609274170862058,0.00901607895921067
SR-U-UN-G1-C4-N_lead_1cm_D300m.i,300.0,8.6518,1.0,C4,N,lead,1.13435e-09,0.0279,1.30519e-08,0.0279,9.07187e-09,0.0312,,1.1344966248274736e-09,0.027578803230346557,1.3053445275255141e-08,0.02765545271441195,9.074143377266173e-09,0.031004832526796172,0.012925889493869,0.01183946594090808,0.025059632315867043
SR-U-UN-G1-C4-N_lead_1cm_D500m.i,500.0,8.6518,1.0,C4,N,lead,1.60573e-10,0.0217,1.79045e-09,0.0234,1.21305e-09,0.029,,1.606529945001171e-10,0.02135627585059174,1.7910688658371474e-09,0.023118134889430698,1.2137347077719321e-09,0.02879622877370324,0.04981815131878863,0.03456482097503259,0.056445140095798436
SR-U-UN-G1-C4-N_lead_1cm_D700m.i,700.0,8.6518,1.0,C4,N,lead,3.09613e-11,0.0277,3.41034e-10,0.0318,2.33741e-10,0.0393,,3.096904684999732e-11,0.02739158773877285,3.410961796349394e-10,0.031575790741265604,2.3375982798181527e-10,0.03902683769856357,0.025021074687808814,0.01823267912858763,0.00805506172012936
SR-U-UN-G1-C4-N_lead_1cm_D1000m.i,1000.0,8.6518,1.0,C4,N,lead,3.02701e-12,0.0247,3.25895e-11,0.0241,2.24361e-11,0.0331,,3.0280826753995974e-12,0.02448463665167169,3.2596159558162577e-11,0.023824859285573777,2.243924363071971e-11,0.03282733818311113,0.035436797354397455,0.02043467424346459,0.01401148470415792
SR-U-UN-G1-C4-N_lead_1cm_D1200m.i,1200.0,8.6518,1.0,C4,N,lead,7.31551e-13,0.0206,7.86655e-12,0.0231,5.42932e-12,0.0282,,7.318500707238254e-13,0.02035154059023585,7.869003761074807e-12,0.022911294855129383,5.4323786449022e-12,0.02804052724057336,0.040881732623614976,0.03119234066785811,0.05633569032953665
SR-U-UN-G1-C4-N_lead_5cm_D1m.i,1.0,8.6518,5.0,C4,N,lead,0.000114755,0.0175,0.00150291,0.0168,0.00118245,0.0167,,0.00011477958848709242,0.017473774156057355,0.0015029285075754818,0.01661994874115317,0.001182619366849203,0.01664874448295443,0.021426941826002428,0.0012314493537012752,0.014323383585172763
SR-U-UN-G1-C4-N_lead_5cm_D2m.i,2.0,8.6518,5.0,C4,N,lead,3.33693e-05,0.0235,0.000435854,0.0235,0.000341934,0.0242,,3.3370439814514466e-05,0.023386160167140638,0.0004358480121969769,0.023252897341968885,0.00034197316293826897,0.024028360947727312,0.0034157579405835557,-0.0013738093543032473,0.011453361838530386
SR-U-UN-G1-C4-N_lead_5cm_D5m.i,5.0,8.6518,5.0,C4,N,lead,5.91043e-06,0.0329,7.66676e-05,0.035,5.88287e-05,0.0318,,5.907066037227259e-06,0.03273468814141245,7.663564233679741e-05,0.034844468638354754,5.8799511665237906e-05,0.031641462285205646,-0.056915702795578615,-0.041683401075018556,-0.04961580786604994
SR-U-UN-G1-C4-N_lead_5cm_D10m.i,10.0,8.6518,5.0,C4,N,lead,1.46146e-06,0.036,1.8641e-05,0.0359,1.45842e-05,0.0356,,1.461036955527049e-06,0.0358574118139983,1.863560487677853e-05,0.03583965617431692,1.4579651488825272e-05,0.03549216721980204,-0.028946702130129322,-0.02894224141123763,-0.031187937457855214
SR-U-UN-G1-C4-N_lead_5cm_D20m.i,20.0,8.6518,5.0,C4,N,lead,3.61728e-07,0.0259,4.66378e-06,0.0263,3.50219e-06,0.0241,,3.616202465174498e-07,0.0257704699965438,4.662861375424942e-06,0.02620856820446587,3.5015748396788312e-06,0.024009675237078493,-0.029788537948455953,-0.019696996321814483,-0.017565018493246123
SR-U-UN-G1-C4-N_lead_5cm_D50m.i,50.0,8.6518,5.0,C4,N,lead,6.23849e-08,0.0305,7.9518e-07,0.031,5.75287e-07,0.0331,,6.241785943200057e-08,0.03039309297335896,7.955358159355221e-07,0.030982242790368406,5.755542225909022e-07,0.033053629332085964,0.052832387325418805,0.044746590145892245,0.04645030930686269
SR-U-UN-G1-C4-N_lead_5cm_D100m.i,100.0,8.6518,5.0,C4,N,lead,1.4685e-08,0.0232,1.79136e-07,0.0243,1.27126e-07,0.0267,,1.4693527291328142e-08,0.023122048531490188,1.7923322564832878e-07,0.024258869660327784,1.2719873760223285e-07,0.026613419312496417,0.058068037644816814,0.054274767957744344,0.057216936136476715
SR-U-UN-G1-C4-N_lead_5cm_D200m.i,200.0,8.6518,5.0,C4,N,lead,2.92914e-09,0.0161,3.4722e-08,0.017,2.40298e-08,0.0195,,2.9291749717810366e-09,0.015934592923293977,3.471515889643946e-08,0.01685263965595689,2.4026330204858633e-08,0.019357973348410756,0.0011939265803804018,-0.01970250435037738,-0.01443955064697598
SR-U-UN-G1-C4-N_lead_5cm_D300m.i,300.0,8.6518,5.0,C4,N,lead,9.18828e-10,0.0174,1.06026e-08,0.0189,7.276e-09,0.0223,,9.191125188770818e-10,0.017159960644250193,1.0606476601707912e-08,0.018655225021938115,7.278002832490314e-09,0.02215242131526222,0.03096541214262541,0.03656274600485904,0.02752655978991589
SR-U-UN-G1-C4-N_lead_5cm_D500m.i,500.0,8.6518,5.0,C4,N,lead,1.29407e-10,0.0195,1.43971e-09,0.0215,9.68613e-10,0.0268,,1.2942721667641281e-10,0.01906507411233985,1.4398263632964517e-09,0.021225555743614906,9.686017018826071e-10,0.02660185723627831,0.015622552422062341,0.008082412183825678,-0.0011664222339414316
SR-U-UN-G1-C4-N_lead_5cm_D700m.i,700.0,8.6518,5.0,C4,N,lead,2.45701e-11,0.0238,2.69943e-10,0.0303,1.80612e-10,0.032,,2.457462987509931e-11,0.02318587861467179,2.699605757487564e-10,0.030074301306963036,1.8065272596211117e-10,0.03185558877850598,0.01843653505403669,0.006510911102126411,0.022548868353804104
SR-U-UN-G1-C4-N_lead_5cm_D1000m.i,1000.0,8.6518,5.0,C4,N,lead,2.36448e-12,0.0172,2.56317e-11,0.0212,1.70659e-11,0.0243,,2.3655179939143323e-12,0.016986146097782623,2.5638717951378774e-11,0.020976285284415908,1.7072915875883626e-11,0.024176724656422986,0.04389945841505487,0.027379968471756902,0.04111049451611067
SR-U-UN-G1-C4-N_lead_5cm_D1200m.i,1200.0,8.6518,5.0,C4,N,lead,5.46462e-13,0.0162,5.82597e-12,0.0178,3.90041e-12,0.0234,,5.465745703460278e-13,0.015908285153527015,5.826807115113483e-12,0.0175891646569148,3.901444024750751e-12,0.023123279459892482,0.02059984885093217,0.014368682184813368,0.02651066812850965
SR-U-UN-G1-C4-N_lead_10cm_D1m.i,1.0,8.6518,10.0,C4,N,lead,0.00010057,0.0148,0.00135739,0.0142,0.00103573,0.0139,,0.00010058775186393468,0.014631777865665043,0.0013575867069645327,0.013930204275411145,0.0010359741604267297,0.013700399527237226,0.017651251799431018,0.014491558397568523,0.0235737524962859
SR-U-UN-G1-C4-N_lead_10cm_D2m.i,2.0,8.6518,10.0,C4,N,lead,2.90387e-05,0.0236,0.000394142,0.0247,0.00029853,0.0246,,2.904008049530421e-05,0.0233037400562801,0.0003941056277550916,0.024443627372193327,0.00029858452443084615,0.02441300786179629,0.0047539845248177615,-0.009228208338205703,0.018264305378411377
SR-U-UN-G1-C4-N_lead_10cm_D5m.i,5.0,8.6518,10.0,C4,N,lead,4.81328e-06,0.0282,6.53106e-05,0.03,4.81587e-05,0.0286,,4.814493117711271e-06,0.02807602716692284,6.530974329945432e-05,0.029786559273621532,4.817611756307491e-05,0.028468018083303518,0.025203555813737948,-0.0013117327748969204,0.03616701255414621
SR-U-UN-G1-C4-N_lead_10cm_D10m.i,10.0,8.6518,10.0,C4,N,lead,1.23618e-06,0.03,1.66357e-05,0.0308,1.24184e-05,0.0308,,1.2359594162211991e-06,0.029886610317501852,1.6633564791337554e-05,0.03064482615546782,1.2416447484291554e-05,0.03064545547562928,-0.017843985406727048,-0.012835099589718886,-0.015722763870108902
SR-U-UN-G1-C4-N_lead_10cm_D20m.i,20.0,8.6518,10.0,C4,N,lead,3.12851e-07,0.0188,4.11417e-06,0.0187,2.97596e-06,0.0184,,3.128499069804744e-07,0.018692879038876866,4.114145231729904e-06,0.018643897468099826,2.9757760500304683e-06,0.01834893511654165,-0.0003493738315000194,-0.0006020234967441127,-0.006181197648215319
SR-U-UN-G1-C4-N_lead_10cm_D50m.i,50.0,8.6518,10.0,C4,N,lead,5.12771e-08,0.0241,6.61453e-07,0.0251,4.67895e-07,0.0262,,5.1288167532733616e-08,0.023968804508879938,6.615087386951448e-07,0.02498700988721611,4.6791992104808135e-07,0.026101759848396983,0.021583772743805647,0.008426705320674216,0.005326205255736607
SR-U-UN-G1-C4-N_lead_10cm_D100m.i,100.0,8.6518,10.0,C4,N,lead,1.22683e-08,0.0179,1.52787e-07,0.0195,1.04554e-07,0.0204,,1.2267643045786038e-08,0.017833379433184273,1.527788336259589e-07,0.01945863375517462,1.0455182107884684e-07,0.02037403251015509,-0.005354891989620264,-0.005344940368680791,-0.0020840151052664902
SR-U-UN-G1-C4-N_lead_10cm_D200m.i,200.0,8.6518,10.0,C4,N,lead,2.40015e-09,0.0119,2.87268e-08,0.0131,1.91968e-08,0.0146,,2.400728216032059e-09,0.01164839434149845,2.873000574004831e-08,0.01292778024260942,1.9202044944799458e-08,0.014492395923488782,0.02409082899232176,0.011159405322942868,0.02732197449293345
SR-U-UN-G1-C4-N_lead_10cm_D300m.i,300.0,8.6518,10.0,C4,N,lead,7.18379e-10,0.0127,8.24088e-09,0.014,5.44519e-09,0.0161,,7.185389657196115e-10,0.012078685485374543,8.242895602981463e-09,0.013769607850018031,5.44655921162722e-09,0.01587918262783538,0.022267594071017752,0.024458589149002275,0.025145341617451782
SR-U-UN-G1-C4-N_lead_10cm_D500m.i,500.0,8.6518,10.0,C4,N,lead,1.03546e-10,0.0143,1.13821e-09,0.0162,7.43109e-10,0.0189,,1.0356867952509028e-10,0.0133440837980246,1.1385112120047254e-09,0.0159137280636734,7.4324395736992e-10,0.018688556899000914,0.021902850028274953,0.02646365826389387,0.018161180919614956
SR-U-UN-G1-C4-N_lead_10cm_D700m.i,700.0,8.6518,10.0,C4,N,lead,1.84414e-11,0.0131,1.96666e-10,0.0145,1.28899e-10,0.0186,,1.844891302386576e-11,0.012567210005676496,1.9674190294872473e-10,0.014275199667040482,1.2893981706016882e-10,0.018442795240924285,0.04073998647478424,0.03859485052054554,0.03166592461447686
SR-U-UN-G1-C4-N_lead_10cm_D1000m.i,1000.0,8.6518,10.0,C4,N,lead,1.80587e-12,0.0156,1.87378e-11,0.0154,1.2436e-11,0.0212,,1.8064431781919946e-12,0.015354217805464206,1.8741528627137616e-11,0.015239854150599636,1.2437980326254889e-11,0.02099357036637018,0.03173972611508828,0.019898958989930965,0.015924141644323448
SR-U-UN-G1-C4-N_lead_10cm_D1200m.i,1200.0,8.6518,10.0,C4,N,lead,3.90068e-13,0.0113,4.04441e-12,0.0132,2.63816e-12,0.0162,,3.901788945155176e-13,0.011042467552142088,4.045434675149969e-12,0.012996415083992782,2.6386549661354425e-12,0.01604059333940062,0.02842953421394157,0.025335590357275735,0.018761793653243243
SR-U-UN-G1-C4-N_lead_20cm_D1m.i,1.0,8.6518,20.0,C4,N,lead,7.44524e-05,0.0118,0.00106742,0.0118,0.000755341,0.0109,,7.445249137274307e-05,0.011178592893635745,0.0010674834905698071,0.011085224907913247,0.0007554603156076956,0.010235459278000259,0.00012272639038009438,0.00594804011609601,0.015796257279243074
SR-U-UN-G1-C4-N_lead_20cm_D2m.i,2.0,8.6518,20.0,C4,N,lead,2.07855e-05,0.0219,0.000293386,0.0192,0.00020733,0.019,,2.0780537254577253e-05,0.021583266572124848,0.000293360392780933,0.018766051319864384,0.00020729836196819228,0.018689955726423277,-0.023875997319026853,-0.008728166670200503,-0.015259746205433748
SR-U-UN-G1-C4-N_lead_20cm_D5m.i,5.0,8.6518,20.0,C4,N,lead,3.44726e-06,0.0221,4.86488e-05,0.0223,3.39157e-05,0.0223,,3.4470272675127346e-06,0.021864519784792372,4.8635879454289156e-05,0.02213332044282459,3.391222437636767e-05,0.02211273129558528,-0.006751231043368046,-0.026558816889306804,-0.01024783104087435
SR-U-UN-G1-C4-N_lead_20cm_D10m.i,10.0,8.6518,20.0,C4,N,lead,8.48685e-07,0.0194,1.19542e-05,0.0196,8.23281e-06,0.0197,,8.487381255830352e-07,0.019178834899061855,1.1954920866611657e-05,0.019448386652386632,8.233605078019987e-06,0.019587177054577944,0.0062597527981676,0.006030237169008986,0.009657431909489488
SR-U-UN-G1-C4-N_lead_20cm_D20m.i,20.0,8.6518,20.0,C4,N,lead,2.0796e-07,0.015,2.87624e-06,0.014,1.9499e-06,0.014,,2.0797068477097963e-07,0.01421397111903276,2.8761881407200134e-06,0.013775308258071316,1.9502676794391438e-06,0.01384052852026859,0.005137897181975755,-0.001803023391180846,0.018856322844432546
SR-U-UN-G1-C4-N_lead_20cm_D50m.i,50.0,8.6518,20.0,C4,N,lead,3.48817e-08,0.016,4.64922e-07,0.0154,3.07282e-07,0.016,,3.488486402923809e-08,0.01495742240614102,4.6491592011366137e-07,0.015230108251637751,3.073039151729943e-07,0.015887733837057286,0.009070742647552026,-0.0013077217982026827,0.007131941667373171
SR-U-UN-G1-C4-N_lead_20cm_D100m.i,100.0,8.6518,20.0,C4,N,lead,8.28278e-09,0.0108,1.04369e-07,0.0108,6.76693e-08,0.0115,,8.284304839126587e-09,0.009994430561273459,1.0438730025048471e-07,0.010676929425648149,6.768355672705388e-08,0.011427984038879112,0.018409750429050322,0.017534182070071035,0.021068234862611283
SR-U-UN-G1-C4-N_lead_20cm_D200m.i,200.0,8.6518,20.0,C4,N,lead,1.60803e-09,0.0097,1.86965e-08,0.008,1.1879e-08,0.0089,,1.6083785180882477e-09,0.006855406496771082,1.8699802868020665e-08,0.007693003618317578,1.1881357781670957e-08,0.00862911952341996,0.021673606104836173,0.017665702247286155,0.019848317795748513
SR-U-UN-G1-C4-N_lead_20cm_D300m.i,300.0,8.6518,20.0,C4,N,lead,4.81368e-10,0.0092,5.47926e-09,0.0091,3.44485e-09,0.0102,,4.815250376999871e-10,0.007528576103732914,5.480860741499059e-09,0.008857138906837349,3.445967500828917e-09,0.010019902443975905,0.032623211344970524,0.029214556328025266,0.03243975293313178
SR-U-UN-G1-C4-N_lead_20cm_D500m.i,500.0,8.6518,20.0,C4,N,lead,6.65812e-11,0.0109,7.07247e-10,0.0104,4.39039e-10,0.0116,,6.659763344802576e-11,0.007906554887121867,7.073302882899781e-10,0.0099344790544201,4.390928958983768e-10,0.011287253884190156,0.024681814124352764,0.011776407673435305,0.012275879449608612
SR-U-UN-G1-C4-N_lead_20cm_D700m.i,700.0,8.6518,20.0,C4,N,lead,1.20545e-11,0.0292,1.1995e-10,0.0142,7.46628e-11,0.0147,,1.2059361025345266e-11,0.009837353049348107,1.1997699356628273e-10,0.010015019406639368,7.468377722703644e-11,0.01187253183824154,0.04032540001879916,0.02250401524194885,0.028095955464349127
SR-U-UN-G1-C4-N_lead_20cm_D1000m.i,1000.0,8.6518,20.0,C4,N,lead,1.02567e-12,0.0097,1.01489e-11,0.0106,6.35887e-12,0.0136,,1.0259623866685498e-12,0.008154482548425684,1.0150859610685886e-11,0.0102236083046198,6.360531234225607e-12,0.013330121721741521,0.0285068948638208,0.019308601778381788,0.026124676642341808
SR-U-UN-G1-C4-N_lead_20cm_D1200m.i,1200.0,8.6518,20.0,C4,N,lead,2.20545e-13,0.0083,2.17441e-12,0.0104,1.36926e-12,0.0125,,2.2058169925670757e-13,0.00774688441113784,2.1745123193142985e-12,0.01021412603815064,1.3694917576889215e-12,0.012318333898538852,0.01664025786463952,0.004705612754661295,0.016925762011711736
SR-U-UN-G1-C4-N_concrete_20cm_D1m.i,1.0,8.6518,20.0,C4,N,concrete,2.9746e-05,0.0147,0.000318118,0.0134,0.00026708,0.0116,,2.9747378291077908e-05,0.013290998953615695,0.00031814003915973634,0.012708151069587408,0.00026707495832961885,0.011047644738707257,0.004633534182438677,0.006927982615365101,-0.0018877004572210177
SR-U-UN-G1-C4-N_concrete_20cm_D2m.i,2.0,8.6518,20.0,C4,N,concrete,8.22364e-06,0.0244,8.59747e-05,0.0216,7.28721e-05,0.0235,,8.225643924124838e-06,0.023429271947702227,8.598273505760473e-05,0.020818305395994934,7.287273411402245e-05,0.02282982737951312,0.024367848359590952,0.009345839653679204,0.0008701739382472685
SR-U-UN-G1-C4-N_concrete_20cm_D5m.i,5.0,8.6518,20.0,C4,N,concrete,1.46359e-06,0.0404,1.52542e-05,0.0375,1.25521e-05,0.0371,,1.4632491381924994e-06,0.03736159009999788,1.525020688738323e-05,0.03678206608406777,1.2544600757194075e-05,0.036747713911481204,-0.023289432662190777,-0.026177135587381224,-0.059744925597507
SR-U-UN-G1-C4-N_concrete_20cm_D10m.i,10.0,8.6518,20.0,C4,N,concrete,3.44872e-07,0.0431,3.57825e-06,0.0368,2.9158e-06,0.0359,,3.4496837337025697e-07,0.03651927066961077,3.577499962584156e-06,0.035223936363218085,2.9154328246630215e-06,0.03517501040818588,0.027944678099985,-0.020961012110501727,-0.012592610500671415
SR-U-UN-G1-C4-N_concrete_20cm_D20m.i,20.0,8.6518,20.0,C4,N,concrete,8.69433e-08,0.0671,8.63093e-07,0.035,6.93251e-07,0.0261,,8.700514946412485e-08,0.03643491654982544,8.631039442531891e-07,0.025199037227279654,6.934344122176557e-07,0.02313527506868058,0.0711377002308939,0.0012680271059033019,0.026456826987005456
SR-U-UN-G1-C4-N_concrete_20cm_D50m.i,50.0,8.6518,20.0,C4,N,concrete,1.25409e-08,0.0338,1.2447e-07,0.0341,9.96064e-08,0.0344,,1.2545755437208864e-08,0.030175344546001424,1.2442843805255359e-07,0.03322884936592726,9.957352094463197e-08,0.03402546989627765,0.03871681624813962,-0.03339113637536527,-0.03300897870822023
SR-U-UN-G1-C4-N_concrete_20cm_D100m.i,100.0,8.6518,20.0,C4,N,concrete,2.51887e-09,0.0253,2.58223e-08,0.0254,2.03236e-08,0.0311,,2.5193302234931167e-09,0.024995953286470002,2.5815412745252018e-08,0.025284236332080327,2.032525894139163e-08,0.031114979358515985,0.018271029990300742,-0.02667173237079161,0.008162635515521554
SR-U-UN-G1-C4-N_concrete_20cm_D200m.i,200.0,8.6518,20.0,C4,N,concrete,4.28437e-10,0.0191,4.52903e-09,0.0182,3.52364e-09,0.0228,,4.2857238771534596e-10,0.018906183240577357,4.529783181946563e-09,0.01808722874784474,3.52438640012249e-09,0.022651822958995406,0.03160037889957375,0.016630094006074528,0.021182644154619904
SR-U-UN-G1-C4-N_concrete_20cm_D300m.i,300.0,8.6518,20.0,C4,N,concrete,1.19542e-10,0.0227,1.30469e-09,0.0215,1.00349e-09,0.0267,,1.1956405262439277e-10,0.022505870877630903,1.30465167487976e-09,0.021329936720076888,1.0035981383618758e-09,0.026537170328698727,0.018447595316101198,-0.0029374886172212414,0.01077622715481096
SR-U-UN-G1-C4-N_concrete_20cm_D500m.i,500.0,8.6518,20.0,C4,N,concrete,1.65513e-11,0.0235,1.86924e-10,0.023,1.42127e-10,0.029,,1.6553339490649498e-11,0.023269877193651076,1.8692404567827966e-10,0.02277638452886745,1.4213696670947364e-10,0.02879877003651459,0.012322238431401827,2.4436819064997637e-05,0.007012537711793046
SR-U-UN-G1-C4-N_concrete_20cm_D700m.i,700.0,8.6518,20.0,C4,N,concrete,3.24835e-12,0.0258,3.69772e-11,0.0255,2.78523e-11,0.0329,,3.249170594574303e-12,0.025576014723715245,3.698061618574141e-11,0.025232054430843514,2.786033015261957e-11,0.032660809300239915,0.025261889091476572,0.009238627428281765,0.028831201084188907
SR-U-UN-G1-C4-N_concrete_20cm_D1000m.i,1000.0,8.6518,20.0,C4,N,concrete,3.47437e-13,0.0217,3.94848e-12,0.0216,2.92449e-12,0.0279,,3.4748619521424165e-13,0.021451068200251118,3.949041234723172e-12,0.021352091750901057,2.924993991730352e-12,0.027614043581110668,0.014159463224017907,0.014213943673821545,0.017233491321619394
SR-U-UN-G1-C4-N_concrete_20cm_D1200m.i,1200.0,8.6518,20.0,C4,N,concrete,8.95868e-14,0.0321,1.01254e-12,0.0307,7.53985e-13,0.042,,8.961663371463604e-14,0.031706566170539345,1.0126626811305382e-12,0.030244087547004313,7.542211207457883e-13,0.041462958682890794,0.03330146253248027,0.012116176204216365,0.031316371783031594
SR-U-UN-G1-C4-N_concrete_40cm_D1m.i,1.0,8.6518,40.0,C4,N,concrete,4.83499e-06,0.6576,5.29446e-05,0.7061,5.10986e-05,0.7074,,4.835583913075592e-06,0.6575561509749698,5.292862125667042e-05,0.7063499085536142,5.109220975349839e-05,0.7072632404188015,0.012283646410695574,-0.030180119085949614,-0.012505717380927088
SR-U-UN-G1-C4-N_concrete_40cm_D2m.i,2.0,8.6518,40.0,C4,N,concrete,1.36568e-06,0.0219,1.40196e-05,0.0213,1.2171e-05,0.0224,,1.3663586272916268e-06,0.01910020807941609,1.4023428570067016e-05,0.0194841990275271,1.217204085815074e-05,0.020954921590792635,0.04969153034582033,0.02730869687448645,0.008551952598313966
SR-U-UN-G1-C4-N_concrete_40cm_D5m.i,5.0,8.6518,40.0,C4,N,concrete,2.36188e-07,0.0361,2.33355e-06,0.0322,1.97757e-06,0.0328,,2.362316160338985e-07,0.031397187845223586,2.3328829907707564e-06,0.03018413581052099,1.977479274636209e-06,0.03124920878935844,0.01846665956716839,-0.028583455646695097,-0.004587719463322975
SR-U-UN-G1-C4-N_concrete_40cm_D10m.i,10.0,8.6518,40.0,C4,N,concrete,4.75499e-08,0.0294,4.92334e-07,0.0309,4.2455e-07,0.0314,,4.756085389798917e-08,0.02850579204031752,4.924003443063292e-07,0.0304245725950532,4.2454940361038177e-07,0.030967886137463752,0.023036637278255043,0.013475467127833329,-0.0001404757079871586
SR-U-UN-G1-C4-N_concrete_40cm_D20m.i,20.0,8.6518,40.0,C4,N,concrete,1.11839e-08,0.0197,1.11642e-07,0.0192,9.46491e-08,0.0203,,1.1186673572946558e-08,0.018834601053897806,1.1164835467433736e-07,0.01888264917933996,9.465492430844251e-08,0.020146304729038382,0.02479969372542235,0.005692010477564439,0.006153580374786253
SR-U-UN-G1-C4-N_concrete_40cm_D50m.i,50.0,8.6518,40.0,C4,N,concrete,1.5088e-09,0.021,1.52915e-08,0.0208,1.25717e-08,0.0231,,1.5093781558697793e-09,0.0203782451119816,1.5290956474958016e-08,0.020568693447822813,1.2571106683042655e-08,0.02301230157355038,0.03831892031941557,-0.003554425935885945,-0.004719464808620649
SR-U-UN-G1-C4-N_concrete_40cm_D100m.i,100.0,8.6518,40.0,C4,N,concrete,3.25917e-10,0.0264,3.3332e-09,0.0206,2.71542e-09,0.0242,,3.2599637580979e-10,0.022391949393384385,3.3327205783721033e-09,0.01967642160182014,2.715218083128961e-09,0.02396152824264222,0.024354608624278302,-0.01438322416586769,-0.007435935179056229
SR-U-UN-G1-C4-N_concrete_40cm_D200m.i,200.0,8.6518,40.0,C4,N,concrete,5.316e-11,0.0146,5.76766e-10,0.0145,4.71315e-10,0.0171,,5.3178102098538175e-11,0.01449014765528314,5.768721149566741e-10,0.01432895564717699,4.71352130889049e-10,0.01700629943483696,0.03405210409739438,0.018398268392054093,0.007878147109455887
SR-U-UN-G1-C4-N_concrete_40cm_D300m.i,300.0,8.6518,40.0,C4,N,concrete,1.46282e-11,0.0162,1.64289e-10,0.0156,1.31458e-10,0.0184,,1.4628511746269804e-11,0.016084131959813452,1.642882459771602e-10,0.015409738548581171,1.3145566800720008e-10,0.01831870865436526,0.0021311321270136487,-0.00045896124500704495,-0.0017739451383237375
SR-U-UN-G1-C4-N_concrete_40cm_D500m.i,500.0,8.6518,40.0,C4,N,concrete,2.09953e-12,0.019,2.4136e-11,0.018,1.89419e-11,0.0223,,2.099965077307071e-12,0.018875123919647938,2.4137734195666825e-11,0.017820340914938844,1.8945265260019285e-11,0.02214413842997252,0.02072260491971431,0.007185099713388647,0.01776622207532324
SR-U-UN-G1-C4-N_concrete_40cm_D700m.i,700.0,8.6518,40.0,C4,N,concrete,4.34864e-13,0.0298,5.05011e-12,0.0289,3.92456e-12,0.0371,,4.3486931866604834e-13,0.029654126766009238,5.049729514428244e-12,0.028767875921551497,3.924505506180738e-12,0.03698530602299132,0.0012230642334908409,-0.007534203646175716,-0.0013885332180420572
SR-U-UN-G1-C4-N_concrete_40cm_D1000m.i,1000.0,8.6518,40.0,C4,N,concrete,4.66966e-14,0.0175,5.36357e-13,0.0163,4.05817e-13,0.0211,,4.670442114739718e-14,0.017342690079981037,5.364104490228846e-13,0.01612760813595738,4.0589261445110626e-13,0.020964770604040773,0.016748858369094576,0.00996519536140635,0.018632647500286835
SR-U-UN-G1-C4-N_concrete_40cm_D1200m.i,1200.0,8.6518,40.0,C4,N,concrete,1.24364e-14,0.0204,1.41548e-13,0.018,1.06606e-13,0.0242,,1.2438070788728483e-14,0.02025774916172145,1.415496073621906e-13,0.017851578028509573,1.0661455015674531e-13,0.023997783779464057,0.01343466540544669,0.0011355598034576426,0.008020333513415606
